-- root-types-contained: SystemModel_c,PackageableElement_c,DataType_c,CoreDataType_c,UserDataType_c
-- BP 7.1 content: StreamData syschar: 3 persistence-version: 7.1.6

INSERT INTO S_SYS
	VALUES ("9cd2cdcf-1f2b-42ce-bc35-718a90a05cab",
	'MicrowaveOven',
	1);
INSERT INTO EP_PKG
	VALUES ("b9c83de9-0a62-44b7-8682-7b8a9752c571",
	"9cd2cdcf-1f2b-42ce-bc35-718a90a05cab",
	"9cd2cdcf-1f2b-42ce-bc35-718a90a05cab",
	'components',
	'',
	0);
INSERT INTO PE_PE
	VALUES ("544a75b3-22ce-4c30-8788-bec6c1772abf",
	1,
	"b9c83de9-0a62-44b7-8682-7b8a9752c571",
	"00000000-0000-0000-0000-000000000000",
	2);
INSERT INTO C_C
	VALUES ("544a75b3-22ce-4c30-8788-bec6c1772abf",
	"00000000-0000-0000-0000-000000000000",
	"00000000-0000-0000-0000-000000000000",
	'MicrowaveOven',
	'

Domain Mission: Microwave Application Domain

To capture the retained data and event sequencing associated with the use of a domestic microwave oven comprising :

* a magnetron tube (with variable power output settings)
* a turntable
* an internal light
* a beeper to signal when cooking is complete
* an oven door

Bridges to other Domains:

* To Control Panel (Application User Interface Domain)
* To PIO domain (not shown)
* To Timer domain


',
	0,
	"00000000-0000-0000-0000-000000000000",
	0,
	'');
INSERT INTO PE_PE
	VALUES ("0b03ba1b-5134-41f6-a53a-26154c07a37d",
	1,
	"00000000-0000-0000-0000-000000000000",
	"544a75b3-22ce-4c30-8788-bec6c1772abf",
	7);
INSERT INTO EP_PKG
	VALUES ("0b03ba1b-5134-41f6-a53a-26154c07a37d",
	"00000000-0000-0000-0000-000000000000",
	"9cd2cdcf-1f2b-42ce-bc35-718a90a05cab",
	'Datatypes',
	'',
	0);
INSERT INTO PE_PE
	VALUES ("1046565f-b268-477d-9a1e-d49203519d42",
	1,
	"0b03ba1b-5134-41f6-a53a-26154c07a37d",
	"00000000-0000-0000-0000-000000000000",
	3);
INSERT INTO S_DT
	VALUES ("1046565f-b268-477d-9a1e-d49203519d42",
	"00000000-0000-0000-0000-000000000000",
	'tube_wattage',
	'',
	'');
INSERT INTO S_EDT
	VALUES ("1046565f-b268-477d-9a1e-d49203519d42");
INSERT INTO S_ENUM
	VALUES ("dd2b2de1-9ce1-467b-8096-8108ef0ee2e3",
	'low',
	'600w',
	"1046565f-b268-477d-9a1e-d49203519d42",
	"e9670705-a1ed-467a-970d-c69b80755b38");
INSERT INTO S_ENUM
	VALUES ("7c94ce56-e1ab-4888-af0c-a8962d049597",
	'med_low',
	'700w',
	"1046565f-b268-477d-9a1e-d49203519d42",
	"18a65186-c68d-4a50-a749-1510a6cd9e1e");
INSERT INTO S_ENUM
	VALUES ("dc644a16-9d68-4638-90ac-152b146f85cf",
	'medium',
	'800w',
	"1046565f-b268-477d-9a1e-d49203519d42",
	"7c94ce56-e1ab-4888-af0c-a8962d049597");
INSERT INTO S_ENUM
	VALUES ("18a65186-c68d-4a50-a749-1510a6cd9e1e",
	'med_high',
	'900w',
	"1046565f-b268-477d-9a1e-d49203519d42",
	"dd2b2de1-9ce1-467b-8096-8108ef0ee2e3");
INSERT INTO S_ENUM
	VALUES ("e9670705-a1ed-467a-970d-c69b80755b38",
	'high',
	'1000w',
	"1046565f-b268-477d-9a1e-d49203519d42",
	"00000000-0000-0000-0000-000000000000");
INSERT INTO PE_PE
	VALUES ("bae954bf-1329-4988-9569-07da6c5506ea",
	1,
	"00000000-0000-0000-0000-000000000000",
	"544a75b3-22ce-4c30-8788-bec6c1772abf",
	7);
INSERT INTO EP_PKG
	VALUES ("bae954bf-1329-4988-9569-07da6c5506ea",
	"00000000-0000-0000-0000-000000000000",
	"9cd2cdcf-1f2b-42ce-bc35-718a90a05cab",
	'External Entities',
	'',
	0);
INSERT INTO PE_PE
	VALUES ("faaf7acd-1518-4cc7-b5cf-c2f47458ecdb",
	1,
	"bae954bf-1329-4988-9569-07da6c5506ea",
	"00000000-0000-0000-0000-000000000000",
	5);
INSERT INTO S_EE
	VALUES ("faaf7acd-1518-4cc7-b5cf-c2f47458ecdb",
	'Time',
	'The Time external entity provides date, timestamp, and timer related operations.',
	'TIM',
	"00000000-0000-0000-0000-000000000000",
	'',
	'Time');
INSERT INTO S_BRG
	VALUES ("0b8017cb-e46d-4a3c-a9a8-c292ac4574c2",
	"faaf7acd-1518-4cc7-b5cf-c2f47458ecdb",
	'current_date',
	'',
	1,
	"ba5eda7a-def5-0000-0000-00000000000e",
	'',
	1,
	'');
INSERT INTO ACT_BRB
	VALUES ("c7957a04-ba77-4757-9a1e-e1fd34629473",
	"0b8017cb-e46d-4a3c-a9a8-c292ac4574c2");
INSERT INTO ACT_ACT
	VALUES ("c7957a04-ba77-4757-9a1e-e1fd34629473",
	'bridge',
	0,
	"0f43078a-5b24-4726-b6d0-55d773440100",
	"00000000-0000-0000-0000-000000000000",
	0,
	'Time::current_date',
	"00000000-0000-0000-0000-000000000000");
INSERT INTO ACT_BLK
	VALUES ("0f43078a-5b24-4726-b6d0-55d773440100",
	0,
	0,
	0,
	'',
	'',
	'',
	0,
	0,
	0,
	0,
	0,
	0,
	0,
	0,
	0,
	0,
	0,
	0,
	0,
	"c7957a04-ba77-4757-9a1e-e1fd34629473",
	"00000000-0000-0000-0000-000000000000");
INSERT INTO S_BRG
	VALUES ("b16dbfdb-217f-4905-ad31-13670c3c029b",
	"faaf7acd-1518-4cc7-b5cf-c2f47458ecdb",
	'create_date',
	'',
	1,
	"ba5eda7a-def5-0000-0000-00000000000e",
	'',
	1,
	'');
INSERT INTO S_BPARM
	VALUES ("82f5448f-df59-4f95-adc4-c6d7fe99219e",
	"b16dbfdb-217f-4905-ad31-13670c3c029b",
	'second',
	"ba5eda7a-def5-0000-0000-000000000002",
	0,
	'',
	"1cac62b8-c01d-4400-afc1-7e72ba426a69",
	'');
INSERT INTO S_BPARM
	VALUES ("60e54366-2fc6-4ddf-bf9f-47c9ce6b52a6",
	"b16dbfdb-217f-4905-ad31-13670c3c029b",
	'minute',
	"ba5eda7a-def5-0000-0000-000000000002",
	0,
	'',
	"dbf441d6-4e7c-444a-adf5-c3946af17387",
	'');
INSERT INTO S_BPARM
	VALUES ("dbf441d6-4e7c-444a-adf5-c3946af17387",
	"b16dbfdb-217f-4905-ad31-13670c3c029b",
	'hour',
	"ba5eda7a-def5-0000-0000-000000000002",
	0,
	'',
	"ab780261-3874-490b-99cb-a013ae2126e8",
	'');
INSERT INTO S_BPARM
	VALUES ("ab780261-3874-490b-99cb-a013ae2126e8",
	"b16dbfdb-217f-4905-ad31-13670c3c029b",
	'day',
	"ba5eda7a-def5-0000-0000-000000000002",
	0,
	'',
	"00000000-0000-0000-0000-000000000000",
	'');
INSERT INTO S_BPARM
	VALUES ("1cac62b8-c01d-4400-afc1-7e72ba426a69",
	"b16dbfdb-217f-4905-ad31-13670c3c029b",
	'month',
	"ba5eda7a-def5-0000-0000-000000000002",
	0,
	'',
	"60e54366-2fc6-4ddf-bf9f-47c9ce6b52a6",
	'');
INSERT INTO S_BPARM
	VALUES ("31471c37-1169-44d5-9006-42288267ab45",
	"b16dbfdb-217f-4905-ad31-13670c3c029b",
	'year',
	"ba5eda7a-def5-0000-0000-000000000002",
	0,
	'',
	"82f5448f-df59-4f95-adc4-c6d7fe99219e",
	'');
INSERT INTO ACT_BRB
	VALUES ("904dacf7-a21c-4347-9b0c-3cc0e76b749c",
	"b16dbfdb-217f-4905-ad31-13670c3c029b");
INSERT INTO ACT_ACT
	VALUES ("904dacf7-a21c-4347-9b0c-3cc0e76b749c",
	'bridge',
	0,
	"0f1a2c10-fe4b-4ed3-8316-ce5ed8a7c8ba",
	"00000000-0000-0000-0000-000000000000",
	0,
	'Time::create_date',
	"00000000-0000-0000-0000-000000000000");
INSERT INTO ACT_BLK
	VALUES ("0f1a2c10-fe4b-4ed3-8316-ce5ed8a7c8ba",
	0,
	0,
	0,
	'',
	'',
	'',
	0,
	0,
	0,
	0,
	0,
	0,
	0,
	0,
	0,
	0,
	0,
	0,
	0,
	"904dacf7-a21c-4347-9b0c-3cc0e76b749c",
	"00000000-0000-0000-0000-000000000000");
INSERT INTO S_BRG
	VALUES ("b0cda934-ad27-4ea1-b288-9da0be5a0d72",
	"faaf7acd-1518-4cc7-b5cf-c2f47458ecdb",
	'get_second',
	'',
	1,
	"ba5eda7a-def5-0000-0000-000000000002",
	'',
	1,
	'');
INSERT INTO S_BPARM
	VALUES ("0157ae4a-c288-4ead-a3f4-a585bc685467",
	"b0cda934-ad27-4ea1-b288-9da0be5a0d72",
	'date',
	"ba5eda7a-def5-0000-0000-00000000000e",
	0,
	'',
	"00000000-0000-0000-0000-000000000000",
	'');
INSERT INTO ACT_BRB
	VALUES ("9185b36f-a24e-45a8-a6e0-146b711e3f14",
	"b0cda934-ad27-4ea1-b288-9da0be5a0d72");
INSERT INTO ACT_ACT
	VALUES ("9185b36f-a24e-45a8-a6e0-146b711e3f14",
	'bridge',
	0,
	"57878ee2-5fc4-46c8-ae22-6d2c63fecae7",
	"00000000-0000-0000-0000-000000000000",
	0,
	'Time::get_second',
	"00000000-0000-0000-0000-000000000000");
INSERT INTO ACT_BLK
	VALUES ("57878ee2-5fc4-46c8-ae22-6d2c63fecae7",
	0,
	0,
	0,
	'',
	'',
	'',
	0,
	0,
	0,
	0,
	0,
	0,
	0,
	0,
	0,
	0,
	0,
	0,
	0,
	"9185b36f-a24e-45a8-a6e0-146b711e3f14",
	"00000000-0000-0000-0000-000000000000");
INSERT INTO S_BRG
	VALUES ("d56831ed-23b8-4615-8b54-7f571e810d6f",
	"faaf7acd-1518-4cc7-b5cf-c2f47458ecdb",
	'get_minute',
	'',
	1,
	"ba5eda7a-def5-0000-0000-000000000002",
	'',
	1,
	'');
INSERT INTO S_BPARM
	VALUES ("9f7f79f5-c97b-4f80-b0e3-6b896de54f6d",
	"d56831ed-23b8-4615-8b54-7f571e810d6f",
	'date',
	"ba5eda7a-def5-0000-0000-00000000000e",
	0,
	'',
	"00000000-0000-0000-0000-000000000000",
	'');
INSERT INTO ACT_BRB
	VALUES ("5ad02151-b339-4cfe-9036-cd3d14ea3d32",
	"d56831ed-23b8-4615-8b54-7f571e810d6f");
INSERT INTO ACT_ACT
	VALUES ("5ad02151-b339-4cfe-9036-cd3d14ea3d32",
	'bridge',
	0,
	"58964fd9-f4d8-4426-8b0e-624b27057334",
	"00000000-0000-0000-0000-000000000000",
	0,
	'Time::get_minute',
	"00000000-0000-0000-0000-000000000000");
INSERT INTO ACT_BLK
	VALUES ("58964fd9-f4d8-4426-8b0e-624b27057334",
	0,
	0,
	0,
	'',
	'',
	'',
	0,
	0,
	0,
	0,
	0,
	0,
	0,
	0,
	0,
	0,
	0,
	0,
	0,
	"5ad02151-b339-4cfe-9036-cd3d14ea3d32",
	"00000000-0000-0000-0000-000000000000");
INSERT INTO S_BRG
	VALUES ("17a14cef-7c05-4ee0-813d-02216fd28453",
	"faaf7acd-1518-4cc7-b5cf-c2f47458ecdb",
	'get_hour',
	'',
	1,
	"ba5eda7a-def5-0000-0000-000000000002",
	'',
	1,
	'');
INSERT INTO S_BPARM
	VALUES ("0083aa27-b3e2-451a-9175-ef032aa8a0e6",
	"17a14cef-7c05-4ee0-813d-02216fd28453",
	'date',
	"ba5eda7a-def5-0000-0000-00000000000e",
	0,
	'',
	"00000000-0000-0000-0000-000000000000",
	'');
INSERT INTO ACT_BRB
	VALUES ("1e2a513a-95b8-4e4f-89ca-fd06baa2f437",
	"17a14cef-7c05-4ee0-813d-02216fd28453");
INSERT INTO ACT_ACT
	VALUES ("1e2a513a-95b8-4e4f-89ca-fd06baa2f437",
	'bridge',
	0,
	"65213a86-c1f9-4d6b-aeda-ddb5d2aed2d4",
	"00000000-0000-0000-0000-000000000000",
	0,
	'Time::get_hour',
	"00000000-0000-0000-0000-000000000000");
INSERT INTO ACT_BLK
	VALUES ("65213a86-c1f9-4d6b-aeda-ddb5d2aed2d4",
	0,
	0,
	0,
	'',
	'',
	'',
	0,
	0,
	0,
	0,
	0,
	0,
	0,
	0,
	0,
	0,
	0,
	0,
	0,
	"1e2a513a-95b8-4e4f-89ca-fd06baa2f437",
	"00000000-0000-0000-0000-000000000000");
INSERT INTO S_BRG
	VALUES ("abcce06a-e8b9-4020-92cf-a17b73ae4313",
	"faaf7acd-1518-4cc7-b5cf-c2f47458ecdb",
	'get_day',
	'',
	1,
	"ba5eda7a-def5-0000-0000-000000000002",
	'',
	1,
	'');
INSERT INTO S_BPARM
	VALUES ("1a05a3f1-61ad-4d1a-b918-73f64d231a30",
	"abcce06a-e8b9-4020-92cf-a17b73ae4313",
	'date',
	"ba5eda7a-def5-0000-0000-00000000000e",
	0,
	'',
	"00000000-0000-0000-0000-000000000000",
	'');
INSERT INTO ACT_BRB
	VALUES ("ef97dee4-69c0-409c-a71d-0ca49b8e7d3d",
	"abcce06a-e8b9-4020-92cf-a17b73ae4313");
INSERT INTO ACT_ACT
	VALUES ("ef97dee4-69c0-409c-a71d-0ca49b8e7d3d",
	'bridge',
	0,
	"e98024d4-881d-4aff-abb2-3e4cd836cf49",
	"00000000-0000-0000-0000-000000000000",
	0,
	'Time::get_day',
	"00000000-0000-0000-0000-000000000000");
INSERT INTO ACT_BLK
	VALUES ("e98024d4-881d-4aff-abb2-3e4cd836cf49",
	0,
	0,
	0,
	'',
	'',
	'',
	0,
	0,
	0,
	0,
	0,
	0,
	0,
	0,
	0,
	0,
	0,
	0,
	0,
	"ef97dee4-69c0-409c-a71d-0ca49b8e7d3d",
	"00000000-0000-0000-0000-000000000000");
INSERT INTO S_BRG
	VALUES ("3a37da1a-b7e0-43fa-8556-f53e09017add",
	"faaf7acd-1518-4cc7-b5cf-c2f47458ecdb",
	'get_month',
	'',
	1,
	"ba5eda7a-def5-0000-0000-000000000002",
	'',
	1,
	'');
INSERT INTO S_BPARM
	VALUES ("da9aa8e5-300c-4cb1-8185-56b2f3fe7a53",
	"3a37da1a-b7e0-43fa-8556-f53e09017add",
	'date',
	"ba5eda7a-def5-0000-0000-00000000000e",
	0,
	'',
	"00000000-0000-0000-0000-000000000000",
	'');
INSERT INTO ACT_BRB
	VALUES ("1df9972f-1254-4968-80d9-159f7736b72e",
	"3a37da1a-b7e0-43fa-8556-f53e09017add");
INSERT INTO ACT_ACT
	VALUES ("1df9972f-1254-4968-80d9-159f7736b72e",
	'bridge',
	0,
	"0b07e02c-a105-41b1-80c6-0b38af0f4079",
	"00000000-0000-0000-0000-000000000000",
	0,
	'Time::get_month',
	"00000000-0000-0000-0000-000000000000");
INSERT INTO ACT_BLK
	VALUES ("0b07e02c-a105-41b1-80c6-0b38af0f4079",
	0,
	0,
	0,
	'',
	'',
	'',
	0,
	0,
	0,
	0,
	0,
	0,
	0,
	0,
	0,
	0,
	0,
	0,
	0,
	"1df9972f-1254-4968-80d9-159f7736b72e",
	"00000000-0000-0000-0000-000000000000");
INSERT INTO S_BRG
	VALUES ("434256da-5dcc-401d-b687-90bf27a59024",
	"faaf7acd-1518-4cc7-b5cf-c2f47458ecdb",
	'get_year',
	'',
	1,
	"ba5eda7a-def5-0000-0000-000000000002",
	'',
	1,
	'');
INSERT INTO S_BPARM
	VALUES ("f2cdf7f0-3581-47d2-8cc4-af9d59eceb21",
	"434256da-5dcc-401d-b687-90bf27a59024",
	'date',
	"ba5eda7a-def5-0000-0000-00000000000e",
	0,
	'',
	"00000000-0000-0000-0000-000000000000",
	'');
INSERT INTO ACT_BRB
	VALUES ("97f3c940-7fa6-4caa-b712-8c254ccc007c",
	"434256da-5dcc-401d-b687-90bf27a59024");
INSERT INTO ACT_ACT
	VALUES ("97f3c940-7fa6-4caa-b712-8c254ccc007c",
	'bridge',
	0,
	"0313ec7a-b12f-4c15-89ec-a1e94c403910",
	"00000000-0000-0000-0000-000000000000",
	0,
	'Time::get_year',
	"00000000-0000-0000-0000-000000000000");
INSERT INTO ACT_BLK
	VALUES ("0313ec7a-b12f-4c15-89ec-a1e94c403910",
	0,
	0,
	0,
	'',
	'',
	'',
	0,
	0,
	0,
	0,
	0,
	0,
	0,
	0,
	0,
	0,
	0,
	0,
	0,
	"97f3c940-7fa6-4caa-b712-8c254ccc007c",
	"00000000-0000-0000-0000-000000000000");
INSERT INTO S_BRG
	VALUES ("67c628e1-236f-4375-97d1-f3a8dd662420",
	"faaf7acd-1518-4cc7-b5cf-c2f47458ecdb",
	'current_clock',
	'',
	1,
	"ba5eda7a-def5-0000-0000-000000000010",
	'',
	1,
	'');
INSERT INTO ACT_BRB
	VALUES ("5b6f1e92-cbe4-4f17-af11-47cc29e99723",
	"67c628e1-236f-4375-97d1-f3a8dd662420");
INSERT INTO ACT_ACT
	VALUES ("5b6f1e92-cbe4-4f17-af11-47cc29e99723",
	'bridge',
	0,
	"224ece0e-4c35-4a44-8224-50abce09f27a",
	"00000000-0000-0000-0000-000000000000",
	0,
	'Time::current_clock',
	"00000000-0000-0000-0000-000000000000");
INSERT INTO ACT_BLK
	VALUES ("224ece0e-4c35-4a44-8224-50abce09f27a",
	0,
	0,
	0,
	'',
	'',
	'',
	0,
	0,
	0,
	0,
	0,
	0,
	0,
	0,
	0,
	0,
	0,
	0,
	0,
	"5b6f1e92-cbe4-4f17-af11-47cc29e99723",
	"00000000-0000-0000-0000-000000000000");
INSERT INTO S_BRG
	VALUES ("03a46075-6e6b-44a0-9203-72f9ef1b94a2",
	"faaf7acd-1518-4cc7-b5cf-c2f47458ecdb",
	'timer_start',
	'',
	1,
	"ba5eda7a-def5-0000-0000-00000000000f",
	'',
	1,
	'');
INSERT INTO S_BPARM
	VALUES ("5a0be35e-a353-4170-a567-0207494ad19f",
	"03a46075-6e6b-44a0-9203-72f9ef1b94a2",
	'microseconds',
	"ba5eda7a-def5-0000-0000-000000000002",
	0,
	'',
	"af99e038-7372-4790-a2aa-8e028a033f1e",
	'');
INSERT INTO S_BPARM
	VALUES ("af99e038-7372-4790-a2aa-8e028a033f1e",
	"03a46075-6e6b-44a0-9203-72f9ef1b94a2",
	'event_inst',
	"ba5eda7a-def5-0000-0000-00000000000a",
	0,
	'',
	"00000000-0000-0000-0000-000000000000",
	'');
INSERT INTO ACT_BRB
	VALUES ("321a27a1-c5cd-42fd-8e69-f4cd30b74b6c",
	"03a46075-6e6b-44a0-9203-72f9ef1b94a2");
INSERT INTO ACT_ACT
	VALUES ("321a27a1-c5cd-42fd-8e69-f4cd30b74b6c",
	'bridge',
	0,
	"17433625-2fba-4680-b267-a169d9a4b1ea",
	"00000000-0000-0000-0000-000000000000",
	0,
	'Time::timer_start',
	"00000000-0000-0000-0000-000000000000");
INSERT INTO ACT_BLK
	VALUES ("17433625-2fba-4680-b267-a169d9a4b1ea",
	0,
	0,
	0,
	'',
	'',
	'',
	0,
	0,
	0,
	0,
	0,
	0,
	0,
	0,
	0,
	0,
	0,
	0,
	0,
	"321a27a1-c5cd-42fd-8e69-f4cd30b74b6c",
	"00000000-0000-0000-0000-000000000000");
INSERT INTO S_BRG
	VALUES ("24de498f-b55f-4033-9c95-2a1f7e6a0299",
	"faaf7acd-1518-4cc7-b5cf-c2f47458ecdb",
	'timer_start_recurring',
	'',
	1,
	"ba5eda7a-def5-0000-0000-00000000000f",
	'',
	1,
	'');
INSERT INTO S_BPARM
	VALUES ("39cd65b1-cc99-435b-b6f8-35a0353b5dba",
	"24de498f-b55f-4033-9c95-2a1f7e6a0299",
	'microseconds',
	"ba5eda7a-def5-0000-0000-000000000002",
	0,
	'',
	"64656207-6b2b-4d2d-859d-37b705b1723d",
	'');
INSERT INTO S_BPARM
	VALUES ("64656207-6b2b-4d2d-859d-37b705b1723d",
	"24de498f-b55f-4033-9c95-2a1f7e6a0299",
	'event_inst',
	"ba5eda7a-def5-0000-0000-00000000000a",
	0,
	'',
	"00000000-0000-0000-0000-000000000000",
	'');
INSERT INTO ACT_BRB
	VALUES ("dbefb3b7-9683-40f1-a2cd-441181eac486",
	"24de498f-b55f-4033-9c95-2a1f7e6a0299");
INSERT INTO ACT_ACT
	VALUES ("dbefb3b7-9683-40f1-a2cd-441181eac486",
	'bridge',
	0,
	"fc80d0e8-dcc1-4a49-802d-0757b21d621f",
	"00000000-0000-0000-0000-000000000000",
	0,
	'Time::timer_start_recurring',
	"00000000-0000-0000-0000-000000000000");
INSERT INTO ACT_BLK
	VALUES ("fc80d0e8-dcc1-4a49-802d-0757b21d621f",
	0,
	0,
	0,
	'',
	'',
	'',
	0,
	0,
	0,
	0,
	0,
	0,
	0,
	0,
	0,
	0,
	0,
	0,
	0,
	"dbefb3b7-9683-40f1-a2cd-441181eac486",
	"00000000-0000-0000-0000-000000000000");
INSERT INTO S_BRG
	VALUES ("5a8748d8-e784-410d-8128-4ea7ff1e7c60",
	"faaf7acd-1518-4cc7-b5cf-c2f47458ecdb",
	'timer_remaining_time',
	'',
	1,
	"ba5eda7a-def5-0000-0000-000000000002",
	'',
	1,
	'');
INSERT INTO S_BPARM
	VALUES ("e5574cd8-4bbf-42d5-8aa8-c2884e73961e",
	"5a8748d8-e784-410d-8128-4ea7ff1e7c60",
	'timer_inst_ref',
	"ba5eda7a-def5-0000-0000-00000000000f",
	0,
	'',
	"00000000-0000-0000-0000-000000000000",
	'');
INSERT INTO ACT_BRB
	VALUES ("5b0dad6c-d8a6-461f-8635-9301d0995b40",
	"5a8748d8-e784-410d-8128-4ea7ff1e7c60");
INSERT INTO ACT_ACT
	VALUES ("5b0dad6c-d8a6-461f-8635-9301d0995b40",
	'bridge',
	0,
	"15ae2b5f-1c52-41ad-848d-e144be7a7403",
	"00000000-0000-0000-0000-000000000000",
	0,
	'Time::timer_remaining_time',
	"00000000-0000-0000-0000-000000000000");
INSERT INTO ACT_BLK
	VALUES ("15ae2b5f-1c52-41ad-848d-e144be7a7403",
	0,
	0,
	0,
	'',
	'',
	'',
	0,
	0,
	0,
	0,
	0,
	0,
	0,
	0,
	0,
	0,
	0,
	0,
	0,
	"5b0dad6c-d8a6-461f-8635-9301d0995b40",
	"00000000-0000-0000-0000-000000000000");
INSERT INTO S_BRG
	VALUES ("6e21b3c3-aefc-4287-895d-a981944725dc",
	"faaf7acd-1518-4cc7-b5cf-c2f47458ecdb",
	'timer_reset_time',
	'',
	1,
	"ba5eda7a-def5-0000-0000-000000000001",
	'',
	1,
	'');
INSERT INTO S_BPARM
	VALUES ("0c1c3c9d-2f4d-48a4-8563-d4d9d6edf0aa",
	"6e21b3c3-aefc-4287-895d-a981944725dc",
	'timer_inst_ref',
	"ba5eda7a-def5-0000-0000-00000000000f",
	0,
	'',
	"f35c15f1-d15b-4f69-af71-4fb5d2021524",
	'');
INSERT INTO S_BPARM
	VALUES ("f35c15f1-d15b-4f69-af71-4fb5d2021524",
	"6e21b3c3-aefc-4287-895d-a981944725dc",
	'microseconds',
	"ba5eda7a-def5-0000-0000-000000000002",
	0,
	'',
	"00000000-0000-0000-0000-000000000000",
	'');
INSERT INTO ACT_BRB
	VALUES ("3a4f1e75-6af9-4c13-9dc7-4146ff0288d2",
	"6e21b3c3-aefc-4287-895d-a981944725dc");
INSERT INTO ACT_ACT
	VALUES ("3a4f1e75-6af9-4c13-9dc7-4146ff0288d2",
	'bridge',
	0,
	"3877b679-6911-4c50-8e50-1dac32ab45fe",
	"00000000-0000-0000-0000-000000000000",
	0,
	'Time::timer_reset_time',
	"00000000-0000-0000-0000-000000000000");
INSERT INTO ACT_BLK
	VALUES ("3877b679-6911-4c50-8e50-1dac32ab45fe",
	0,
	0,
	0,
	'',
	'',
	'',
	0,
	0,
	0,
	0,
	0,
	0,
	0,
	0,
	0,
	0,
	0,
	0,
	0,
	"3a4f1e75-6af9-4c13-9dc7-4146ff0288d2",
	"00000000-0000-0000-0000-000000000000");
INSERT INTO S_BRG
	VALUES ("2117309d-fd08-4954-80f0-a1c4b84c1cf9",
	"faaf7acd-1518-4cc7-b5cf-c2f47458ecdb",
	'timer_add_time',
	'',
	1,
	"ba5eda7a-def5-0000-0000-000000000001",
	'',
	1,
	'');
INSERT INTO S_BPARM
	VALUES ("db4cff19-800c-4986-96df-fe58feb6da97",
	"2117309d-fd08-4954-80f0-a1c4b84c1cf9",
	'timer_inst_ref',
	"ba5eda7a-def5-0000-0000-00000000000f",
	0,
	'',
	"4b486db2-28bd-4806-b898-d822490cebdf",
	'');
INSERT INTO S_BPARM
	VALUES ("4b486db2-28bd-4806-b898-d822490cebdf",
	"2117309d-fd08-4954-80f0-a1c4b84c1cf9",
	'microseconds',
	"ba5eda7a-def5-0000-0000-000000000002",
	0,
	'',
	"00000000-0000-0000-0000-000000000000",
	'');
INSERT INTO ACT_BRB
	VALUES ("07da10c7-8669-49d0-ae67-9130e3820107",
	"2117309d-fd08-4954-80f0-a1c4b84c1cf9");
INSERT INTO ACT_ACT
	VALUES ("07da10c7-8669-49d0-ae67-9130e3820107",
	'bridge',
	0,
	"45e86bbf-3321-4d4a-8feb-1b439f352e23",
	"00000000-0000-0000-0000-000000000000",
	0,
	'Time::timer_add_time',
	"00000000-0000-0000-0000-000000000000");
INSERT INTO ACT_BLK
	VALUES ("45e86bbf-3321-4d4a-8feb-1b439f352e23",
	0,
	0,
	0,
	'',
	'',
	'',
	0,
	0,
	0,
	0,
	0,
	0,
	0,
	0,
	0,
	0,
	0,
	0,
	0,
	"07da10c7-8669-49d0-ae67-9130e3820107",
	"00000000-0000-0000-0000-000000000000");
INSERT INTO S_BRG
	VALUES ("6d44871c-9d26-479a-bf61-067a23a8ce19",
	"faaf7acd-1518-4cc7-b5cf-c2f47458ecdb",
	'timer_cancel',
	'',
	1,
	"ba5eda7a-def5-0000-0000-000000000001",
	'',
	1,
	'');
INSERT INTO S_BPARM
	VALUES ("dcbc830e-8476-4a04-80d4-df66a58ec645",
	"6d44871c-9d26-479a-bf61-067a23a8ce19",
	'timer_inst_ref',
	"ba5eda7a-def5-0000-0000-00000000000f",
	0,
	'',
	"00000000-0000-0000-0000-000000000000",
	'');
INSERT INTO ACT_BRB
	VALUES ("800fc050-133b-4e79-88e5-a38a56e8776d",
	"6d44871c-9d26-479a-bf61-067a23a8ce19");
INSERT INTO ACT_ACT
	VALUES ("800fc050-133b-4e79-88e5-a38a56e8776d",
	'bridge',
	0,
	"008ee524-b60c-44fa-992f-77952f76af1f",
	"00000000-0000-0000-0000-000000000000",
	0,
	'Time::timer_cancel',
	"00000000-0000-0000-0000-000000000000");
INSERT INTO ACT_BLK
	VALUES ("008ee524-b60c-44fa-992f-77952f76af1f",
	0,
	0,
	0,
	'',
	'',
	'',
	0,
	0,
	0,
	0,
	0,
	0,
	0,
	0,
	0,
	0,
	0,
	0,
	0,
	"800fc050-133b-4e79-88e5-a38a56e8776d",
	"00000000-0000-0000-0000-000000000000");
INSERT INTO PE_PE
	VALUES ("2776f9a9-7100-4b34-a112-ff60e2ac0538",
	1,
	"bae954bf-1329-4988-9569-07da6c5506ea",
	"00000000-0000-0000-0000-000000000000",
	5);
INSERT INTO S_EE
	VALUES ("2776f9a9-7100-4b34-a112-ff60e2ac0538",
	'Control Panel',
	'The Control Panel is used to simulate button presses on the microwave oven.  See the Object Communication Diagram (Asynchronous) for a detailed view of the events.',
	'CP',
	"00000000-0000-0000-0000-000000000000",
	'',
	'Control Panel');
INSERT INTO PE_PE
	VALUES ("c881cf8c-ab05-4bbd-a18e-3f39fb88cc4e",
	1,
	"bae954bf-1329-4988-9569-07da6c5506ea",
	"00000000-0000-0000-0000-000000000000",
	5);
INSERT INTO S_EE
	VALUES ("c881cf8c-ab05-4bbd-a18e-3f39fb88cc4e",
	'Architecture',
	'The Architecture external entity is used to model a shutdown bridge operation. This operation is called when the system has finished the test scenario.  

When the microwave oven models are translated into code by the model compiler, the call to this bridge operation is mapped to an architecture method used to shut down the system.',
	'ARCH',
	"00000000-0000-0000-0000-000000000000",
	'',
	'Architecture');
INSERT INTO S_BRG
	VALUES ("d6a6aa5e-fb7f-4817-8aec-2548ebc88e3c",
	"c881cf8c-ab05-4bbd-a18e-3f39fb88cc4e",
	'shutdown',
	'',
	0,
	"ba5eda7a-def5-0000-0000-000000000000",
	'',
	1,
	'');
INSERT INTO ACT_BRB
	VALUES ("8a1848e8-7bda-4d2a-81e5-f9abf1f9e151",
	"d6a6aa5e-fb7f-4817-8aec-2548ebc88e3c");
INSERT INTO ACT_ACT
	VALUES ("8a1848e8-7bda-4d2a-81e5-f9abf1f9e151",
	'bridge',
	0,
	"06365ded-ea59-4c46-b239-789828f95e27",
	"00000000-0000-0000-0000-000000000000",
	0,
	'Architecture::shutdown',
	"00000000-0000-0000-0000-000000000000");
INSERT INTO ACT_BLK
	VALUES ("06365ded-ea59-4c46-b239-789828f95e27",
	0,
	0,
	0,
	'',
	'',
	'',
	0,
	0,
	0,
	0,
	0,
	0,
	0,
	0,
	0,
	0,
	0,
	0,
	0,
	"8a1848e8-7bda-4d2a-81e5-f9abf1f9e151",
	"00000000-0000-0000-0000-000000000000");
INSERT INTO PE_PE
	VALUES ("339b23c8-451d-437a-b55d-2c06aab1c9ee",
	1,
	"00000000-0000-0000-0000-000000000000",
	"544a75b3-22ce-4c30-8788-bec6c1772abf",
	7);
INSERT INTO EP_PKG
	VALUES ("339b23c8-451d-437a-b55d-2c06aab1c9ee",
	"00000000-0000-0000-0000-000000000000",
	"9cd2cdcf-1f2b-42ce-bc35-718a90a05cab",
	'Functions',
	'',
	0);
INSERT INTO PE_PE
	VALUES ("a491f0f2-bacf-4caf-b804-f89ef9d64b7a",
	1,
	"339b23c8-451d-437a-b55d-2c06aab1c9ee",
	"00000000-0000-0000-0000-000000000000",
	1);
INSERT INTO S_SYNC
	VALUES ("a491f0f2-bacf-4caf-b804-f89ef9d64b7a",
	"00000000-0000-0000-0000-000000000000",
	'StartCooking',
	'',
	'select any oven from instances of MO_O;
generate MO_O3:''start_cooking''  to oven;',
	"ba5eda7a-def5-0000-0000-000000000000",
	1,
	'');
INSERT INTO ACT_FNB
	VALUES ("0e8e4def-8a3b-4e28-918b-a717acd423b9",
	"a491f0f2-bacf-4caf-b804-f89ef9d64b7a");
INSERT INTO ACT_ACT
	VALUES ("0e8e4def-8a3b-4e28-918b-a717acd423b9",
	'function',
	0,
	"76c5d164-f33a-42f7-9438-5acc4b84f40d",
	"00000000-0000-0000-0000-000000000000",
	0,
	'StartCooking',
	"00000000-0000-0000-0000-000000000000");
INSERT INTO ACT_BLK
	VALUES ("76c5d164-f33a-42f7-9438-5acc4b84f40d",
	1,
	0,
	0,
	'V_VAR.Var_ID',
	'',
	'',
	2,
	1,
	1,
	35,
	0,
	0,
	0,
	0,
	0,
	0,
	0,
	0,
	0,
	"0e8e4def-8a3b-4e28-918b-a717acd423b9",
	"00000000-0000-0000-0000-000000000000");
INSERT INTO ACT_SMT
	VALUES ("f801d534-0a03-4c12-9312-d00d7a6ca141",
	"76c5d164-f33a-42f7-9438-5acc4b84f40d",
	"0a3db9b5-f751-4d24-bde8-0402dd7b8a26",
	1,
	1,
	'StartCooking line: 1');
INSERT INTO ACT_FIO
	VALUES ("f801d534-0a03-4c12-9312-d00d7a6ca141",
	"e0bce466-7c0d-4122-a1ce-0f461e8da01e",
	1,
	'any',
	"d41fedf9-3f2c-4216-96e0-94838ac603b1",
	1,
	35);
INSERT INTO ACT_SMT
	VALUES ("0a3db9b5-f751-4d24-bde8-0402dd7b8a26",
	"76c5d164-f33a-42f7-9438-5acc4b84f40d",
	"00000000-0000-0000-0000-000000000000",
	2,
	1,
	'StartCooking line: 2');
INSERT INTO E_ESS
	VALUES ("0a3db9b5-f751-4d24-bde8-0402dd7b8a26",
	1,
	0,
	2,
	10,
	2,
	16,
	1,
	35,
	0,
	0,
	0,
	0);
INSERT INTO E_GES
	VALUES ("0a3db9b5-f751-4d24-bde8-0402dd7b8a26");
INSERT INTO E_GSME
	VALUES ("0a3db9b5-f751-4d24-bde8-0402dd7b8a26",
	"de042e27-ffe4-44b4-a05f-a2287cc296c7");
INSERT INTO E_GEN
	VALUES ("0a3db9b5-f751-4d24-bde8-0402dd7b8a26",
	"e0bce466-7c0d-4122-a1ce-0f461e8da01e");
INSERT INTO V_VAR
	VALUES ("e0bce466-7c0d-4122-a1ce-0f461e8da01e",
	"76c5d164-f33a-42f7-9438-5acc4b84f40d",
	'oven',
	1,
	"ba5eda7a-def5-0000-0000-000000000008");
INSERT INTO V_INT
	VALUES ("e0bce466-7c0d-4122-a1ce-0f461e8da01e",
	0,
	"d41fedf9-3f2c-4216-96e0-94838ac603b1");
INSERT INTO V_LOC
	VALUES ("6bd09acd-16a3-41fa-a40f-1b10b85132d0",
	1,
	12,
	15,
	"e0bce466-7c0d-4122-a1ce-0f461e8da01e");
INSERT INTO V_LOC
	VALUES ("4070df43-3c62-4c74-a496-ba50b7500019",
	2,
	36,
	39,
	"e0bce466-7c0d-4122-a1ce-0f461e8da01e");
INSERT INTO PE_PE
	VALUES ("72eb3b37-d5a2-4603-bef8-65e32e5d58d8",
	1,
	"339b23c8-451d-437a-b55d-2c06aab1c9ee",
	"00000000-0000-0000-0000-000000000000",
	1);
INSERT INTO S_SYNC
	VALUES ("72eb3b37-d5a2-4603-bef8-65e32e5d58d8",
	"00000000-0000-0000-0000-000000000000",
	'CancelCooking',
	'',
	'select any oven from instances of MO_O;
generate MO_O4:''cancel_cooking''  to oven;',
	"ba5eda7a-def5-0000-0000-000000000000",
	1,
	'');
INSERT INTO ACT_FNB
	VALUES ("2414d1e6-dcb9-45bc-9e40-bb2ecd10984f",
	"72eb3b37-d5a2-4603-bef8-65e32e5d58d8");
INSERT INTO ACT_ACT
	VALUES ("2414d1e6-dcb9-45bc-9e40-bb2ecd10984f",
	'function',
	0,
	"64447da5-5ed7-461e-9902-7547dde7a036",
	"00000000-0000-0000-0000-000000000000",
	0,
	'CancelCooking',
	"00000000-0000-0000-0000-000000000000");
INSERT INTO ACT_BLK
	VALUES ("64447da5-5ed7-461e-9902-7547dde7a036",
	1,
	0,
	0,
	'V_VAR.Var_ID',
	'',
	'',
	2,
	1,
	1,
	35,
	0,
	0,
	0,
	0,
	0,
	0,
	0,
	0,
	0,
	"2414d1e6-dcb9-45bc-9e40-bb2ecd10984f",
	"00000000-0000-0000-0000-000000000000");
INSERT INTO ACT_SMT
	VALUES ("14c1c94c-d616-48f0-a543-b9e32b6a1239",
	"64447da5-5ed7-461e-9902-7547dde7a036",
	"807a0709-e5ed-4148-882a-b8c93ca6e217",
	1,
	1,
	'CancelCooking line: 1');
INSERT INTO ACT_FIO
	VALUES ("14c1c94c-d616-48f0-a543-b9e32b6a1239",
	"eb5213c6-225d-42b1-9159-ff94128e680f",
	1,
	'any',
	"d41fedf9-3f2c-4216-96e0-94838ac603b1",
	1,
	35);
INSERT INTO ACT_SMT
	VALUES ("807a0709-e5ed-4148-882a-b8c93ca6e217",
	"64447da5-5ed7-461e-9902-7547dde7a036",
	"00000000-0000-0000-0000-000000000000",
	2,
	1,
	'CancelCooking line: 2');
INSERT INTO E_ESS
	VALUES ("807a0709-e5ed-4148-882a-b8c93ca6e217",
	1,
	0,
	2,
	10,
	2,
	16,
	1,
	35,
	0,
	0,
	0,
	0);
INSERT INTO E_GES
	VALUES ("807a0709-e5ed-4148-882a-b8c93ca6e217");
INSERT INTO E_GSME
	VALUES ("807a0709-e5ed-4148-882a-b8c93ca6e217",
	"42f7522c-8f8c-4f12-ab60-9c6b8c96cbaf");
INSERT INTO E_GEN
	VALUES ("807a0709-e5ed-4148-882a-b8c93ca6e217",
	"eb5213c6-225d-42b1-9159-ff94128e680f");
INSERT INTO V_VAR
	VALUES ("eb5213c6-225d-42b1-9159-ff94128e680f",
	"64447da5-5ed7-461e-9902-7547dde7a036",
	'oven',
	1,
	"ba5eda7a-def5-0000-0000-000000000008");
INSERT INTO V_INT
	VALUES ("eb5213c6-225d-42b1-9159-ff94128e680f",
	0,
	"d41fedf9-3f2c-4216-96e0-94838ac603b1");
INSERT INTO V_LOC
	VALUES ("2543af0e-5f9a-4844-828c-e083bd363bdd",
	1,
	12,
	15,
	"eb5213c6-225d-42b1-9159-ff94128e680f");
INSERT INTO V_LOC
	VALUES ("3953dbf9-97a8-4a41-9775-ad5410dcafbd",
	2,
	37,
	40,
	"eb5213c6-225d-42b1-9159-ff94128e680f");
INSERT INTO PE_PE
	VALUES ("6826ecfe-ef18-4363-9077-71c238ce1645",
	1,
	"339b23c8-451d-437a-b55d-2c06aab1c9ee",
	"00000000-0000-0000-0000-000000000000",
	1);
INSERT INTO S_SYNC
	VALUES ("6826ecfe-ef18-4363-9077-71c238ce1645",
	"00000000-0000-0000-0000-000000000000",
	'SpecifyCookingPeriod',
	'',
	'// cooking period is to be specified in seconds and must be converted to usec in order
// to be compatible with BP''s view of time

timePeriod = 1000000 * param.cookingPeriod;
select any oven from instances of MO_O;
generate MO_O8:''cooking_period'' (period:timePeriod) to oven;
',
	"ba5eda7a-def5-0000-0000-000000000000",
	1,
	'');
INSERT INTO S_SPARM
	VALUES ("7e08668a-2529-4443-a50b-155ea67bc16e",
	"6826ecfe-ef18-4363-9077-71c238ce1645",
	'cookingPeriod',
	"ba5eda7a-def5-0000-0000-000000000002",
	0,
	'',
	"00000000-0000-0000-0000-000000000000",
	'');
INSERT INTO ACT_FNB
	VALUES ("fcb55f2f-ecd2-4ce3-b986-eaf82b986273",
	"6826ecfe-ef18-4363-9077-71c238ce1645");
INSERT INTO ACT_ACT
	VALUES ("fcb55f2f-ecd2-4ce3-b986-eaf82b986273",
	'function',
	0,
	"e8f9382b-6c9b-4919-925c-fb3c59f02aff",
	"00000000-0000-0000-0000-000000000000",
	0,
	'SpecifyCookingPeriod',
	"00000000-0000-0000-0000-000000000000");
INSERT INTO ACT_BLK
	VALUES ("e8f9382b-6c9b-4919-925c-fb3c59f02aff",
	1,
	0,
	0,
	'V_VAR.Var_ID',
	'period',
	'period',
	6,
	1,
	5,
	35,
	0,
	0,
	0,
	0,
	0,
	0,
	0,
	0,
	0,
	"fcb55f2f-ecd2-4ce3-b986-eaf82b986273",
	"00000000-0000-0000-0000-000000000000");
INSERT INTO ACT_SMT
	VALUES ("733c6146-d5a4-4dfd-be81-3e6c7d8cebbd",
	"e8f9382b-6c9b-4919-925c-fb3c59f02aff",
	"31bbc8fc-3457-4605-9e91-95011663baee",
	4,
	1,
	'SpecifyCookingPeriod line: 4');
INSERT INTO ACT_AI
	VALUES ("733c6146-d5a4-4dfd-be81-3e6c7d8cebbd",
	"eb63f51d-4b96-47e6-870b-7f0277da6c01",
	"425dc13e-d3b7-44c1-88d0-cfc0375bae6b",
	0,
	0);
INSERT INTO ACT_SMT
	VALUES ("31bbc8fc-3457-4605-9e91-95011663baee",
	"e8f9382b-6c9b-4919-925c-fb3c59f02aff",
	"32efc1be-3d2d-4cae-b56c-032deea21ee0",
	5,
	1,
	'SpecifyCookingPeriod line: 5');
INSERT INTO ACT_FIO
	VALUES ("31bbc8fc-3457-4605-9e91-95011663baee",
	"4fa701f5-d8f0-4aa3-9982-1705c809ad1e",
	1,
	'any',
	"d41fedf9-3f2c-4216-96e0-94838ac603b1",
	5,
	35);
INSERT INTO ACT_SMT
	VALUES ("32efc1be-3d2d-4cae-b56c-032deea21ee0",
	"e8f9382b-6c9b-4919-925c-fb3c59f02aff",
	"00000000-0000-0000-0000-000000000000",
	6,
	1,
	'SpecifyCookingPeriod line: 6');
INSERT INTO E_ESS
	VALUES ("32efc1be-3d2d-4cae-b56c-032deea21ee0",
	1,
	0,
	6,
	10,
	6,
	16,
	5,
	35,
	6,
	34,
	0,
	0);
INSERT INTO V_PAR
	VALUES ("0a0cee73-7da5-4120-80b2-fda5a9f3316b",
	"32efc1be-3d2d-4cae-b56c-032deea21ee0",
	"00000000-0000-0000-0000-000000000000",
	'period',
	"00000000-0000-0000-0000-000000000000",
	6,
	34);
INSERT INTO E_GES
	VALUES ("32efc1be-3d2d-4cae-b56c-032deea21ee0");
INSERT INTO E_GSME
	VALUES ("32efc1be-3d2d-4cae-b56c-032deea21ee0",
	"b6b69bca-fa1c-40c8-9dc8-8f391c5c2b53");
INSERT INTO E_GEN
	VALUES ("32efc1be-3d2d-4cae-b56c-032deea21ee0",
	"4fa701f5-d8f0-4aa3-9982-1705c809ad1e");
INSERT INTO V_VAL
	VALUES ("425dc13e-d3b7-44c1-88d0-cfc0375bae6b",
	1,
	1,
	4,
	1,
	10,
	0,
	0,
	0,
	0,
	"ba5eda7a-def5-0000-0000-000000000002",
	"e8f9382b-6c9b-4919-925c-fb3c59f02aff");
INSERT INTO V_TVL
	VALUES ("425dc13e-d3b7-44c1-88d0-cfc0375bae6b",
	"c5d00b22-aa2b-4978-8c74-3178055eabb8");
INSERT INTO V_VAL
	VALUES ("8df3a5a0-8e57-4234-91a6-8c41faca0df7",
	0,
	0,
	4,
	14,
	20,
	0,
	0,
	0,
	0,
	"ba5eda7a-def5-0000-0000-000000000002",
	"e8f9382b-6c9b-4919-925c-fb3c59f02aff");
INSERT INTO V_LIN
	VALUES ("8df3a5a0-8e57-4234-91a6-8c41faca0df7",
	'1000000');
INSERT INTO V_VAL
	VALUES ("eb63f51d-4b96-47e6-870b-7f0277da6c01",
	0,
	0,
	-1,
	-1,
	-1,
	0,
	0,
	0,
	0,
	"ba5eda7a-def5-0000-0000-000000000002",
	"e8f9382b-6c9b-4919-925c-fb3c59f02aff");
INSERT INTO V_BIN
	VALUES ("eb63f51d-4b96-47e6-870b-7f0277da6c01",
	"49ee876e-4cf6-46af-9156-be71ce1403c6",
	"8df3a5a0-8e57-4234-91a6-8c41faca0df7",
	'*');
INSERT INTO V_VAL
	VALUES ("49ee876e-4cf6-46af-9156-be71ce1403c6",
	0,
	0,
	4,
	30,
	42,
	0,
	0,
	0,
	0,
	"ba5eda7a-def5-0000-0000-000000000002",
	"e8f9382b-6c9b-4919-925c-fb3c59f02aff");
INSERT INTO V_PVL
	VALUES ("49ee876e-4cf6-46af-9156-be71ce1403c6",
	"00000000-0000-0000-0000-000000000000",
	"7e08668a-2529-4443-a50b-155ea67bc16e",
	"00000000-0000-0000-0000-000000000000",
	"00000000-0000-0000-0000-000000000000");
INSERT INTO V_VAL
	VALUES ("0a0cee73-7da5-4120-80b2-fda5a9f3316b",
	0,
	0,
	6,
	41,
	50,
	0,
	0,
	0,
	0,
	"ba5eda7a-def5-0000-0000-000000000002",
	"e8f9382b-6c9b-4919-925c-fb3c59f02aff");
INSERT INTO V_TVL
	VALUES ("0a0cee73-7da5-4120-80b2-fda5a9f3316b",
	"c5d00b22-aa2b-4978-8c74-3178055eabb8");
INSERT INTO V_VAR
	VALUES ("c5d00b22-aa2b-4978-8c74-3178055eabb8",
	"e8f9382b-6c9b-4919-925c-fb3c59f02aff",
	'timePeriod',
	1,
	"ba5eda7a-def5-0000-0000-000000000002");
INSERT INTO V_TRN
	VALUES ("c5d00b22-aa2b-4978-8c74-3178055eabb8",
	"00000000-0000-0000-0000-000000000000",
	'');
INSERT INTO V_LOC
	VALUES ("f94c239e-9c98-470a-b893-d19bd712f572",
	4,
	1,
	10,
	"c5d00b22-aa2b-4978-8c74-3178055eabb8");
INSERT INTO V_LOC
	VALUES ("6b44d0ee-f10a-4f95-8ca5-06bf9d4eed18",
	6,
	41,
	50,
	"c5d00b22-aa2b-4978-8c74-3178055eabb8");
INSERT INTO V_VAR
	VALUES ("4fa701f5-d8f0-4aa3-9982-1705c809ad1e",
	"e8f9382b-6c9b-4919-925c-fb3c59f02aff",
	'oven',
	1,
	"ba5eda7a-def5-0000-0000-000000000008");
INSERT INTO V_INT
	VALUES ("4fa701f5-d8f0-4aa3-9982-1705c809ad1e",
	0,
	"d41fedf9-3f2c-4216-96e0-94838ac603b1");
INSERT INTO V_LOC
	VALUES ("0d2ad292-4559-4055-a419-0d8df82e6f14",
	5,
	12,
	15,
	"4fa701f5-d8f0-4aa3-9982-1705c809ad1e");
INSERT INTO V_LOC
	VALUES ("921a242e-1fc1-4a54-aadb-97a88e8a9e42",
	6,
	56,
	59,
	"4fa701f5-d8f0-4aa3-9982-1705c809ad1e");
INSERT INTO PE_PE
	VALUES ("61d5fb49-5a30-4853-926c-6235d3102f82",
	1,
	"339b23c8-451d-437a-b55d-2c06aab1c9ee",
	"00000000-0000-0000-0000-000000000000",
	1);
INSERT INTO S_SYNC
	VALUES ("61d5fb49-5a30-4853-926c-6235d3102f82",
	"00000000-0000-0000-0000-000000000000",
	'IncreasePower',
	'',
	'select any tube from instances of MO_MT;
generate MO_MT1:''increase_power''  to tube;',
	"ba5eda7a-def5-0000-0000-000000000000",
	1,
	'');
INSERT INTO ACT_FNB
	VALUES ("7553d4ec-1bfc-4360-8613-6d165db77083",
	"61d5fb49-5a30-4853-926c-6235d3102f82");
INSERT INTO ACT_ACT
	VALUES ("7553d4ec-1bfc-4360-8613-6d165db77083",
	'function',
	0,
	"d21ed62b-1cc0-4fe4-9c37-a8476f76fbc8",
	"00000000-0000-0000-0000-000000000000",
	0,
	'IncreasePower',
	"00000000-0000-0000-0000-000000000000");
INSERT INTO ACT_BLK
	VALUES ("d21ed62b-1cc0-4fe4-9c37-a8476f76fbc8",
	1,
	0,
	0,
	'V_VAR.Var_ID',
	'',
	'',
	2,
	1,
	1,
	35,
	0,
	0,
	0,
	0,
	0,
	0,
	0,
	0,
	0,
	"7553d4ec-1bfc-4360-8613-6d165db77083",
	"00000000-0000-0000-0000-000000000000");
INSERT INTO ACT_SMT
	VALUES ("bef097a6-bf0c-4a25-9b10-64a0aa73af33",
	"d21ed62b-1cc0-4fe4-9c37-a8476f76fbc8",
	"088d3679-5e37-46b2-880d-1f8abce991e5",
	1,
	1,
	'IncreasePower line: 1');
INSERT INTO ACT_FIO
	VALUES ("bef097a6-bf0c-4a25-9b10-64a0aa73af33",
	"250555a1-243f-4a2f-a3e5-6f6f3c9678a5",
	1,
	'any',
	"21726274-a60c-4843-a337-c30d3e6fd999",
	1,
	35);
INSERT INTO ACT_SMT
	VALUES ("088d3679-5e37-46b2-880d-1f8abce991e5",
	"d21ed62b-1cc0-4fe4-9c37-a8476f76fbc8",
	"00000000-0000-0000-0000-000000000000",
	2,
	1,
	'IncreasePower line: 2');
INSERT INTO E_ESS
	VALUES ("088d3679-5e37-46b2-880d-1f8abce991e5",
	1,
	0,
	2,
	10,
	2,
	17,
	1,
	35,
	0,
	0,
	0,
	0);
INSERT INTO E_GES
	VALUES ("088d3679-5e37-46b2-880d-1f8abce991e5");
INSERT INTO E_GSME
	VALUES ("088d3679-5e37-46b2-880d-1f8abce991e5",
	"7c3ecb89-8961-4658-8e64-a06f045704ba");
INSERT INTO E_GEN
	VALUES ("088d3679-5e37-46b2-880d-1f8abce991e5",
	"250555a1-243f-4a2f-a3e5-6f6f3c9678a5");
INSERT INTO V_VAR
	VALUES ("250555a1-243f-4a2f-a3e5-6f6f3c9678a5",
	"d21ed62b-1cc0-4fe4-9c37-a8476f76fbc8",
	'tube',
	1,
	"ba5eda7a-def5-0000-0000-000000000008");
INSERT INTO V_INT
	VALUES ("250555a1-243f-4a2f-a3e5-6f6f3c9678a5",
	0,
	"21726274-a60c-4843-a337-c30d3e6fd999");
INSERT INTO V_LOC
	VALUES ("eb545300-d5f9-48ff-a906-fd0f874068a3",
	1,
	12,
	15,
	"250555a1-243f-4a2f-a3e5-6f6f3c9678a5");
INSERT INTO V_LOC
	VALUES ("525d8876-d3cf-43c9-b86e-dddf2f95f920",
	2,
	38,
	41,
	"250555a1-243f-4a2f-a3e5-6f6f3c9678a5");
INSERT INTO PE_PE
	VALUES ("d6a43448-a533-4199-9f63-fc47f3a6b33a",
	1,
	"339b23c8-451d-437a-b55d-2c06aab1c9ee",
	"00000000-0000-0000-0000-000000000000",
	1);
INSERT INTO S_SYNC
	VALUES ("d6a43448-a533-4199-9f63-fc47f3a6b33a",
	"00000000-0000-0000-0000-000000000000",
	'DecreasePower',
	'',
	'select any tube from instances of MO_MT;
generate MO_MT2:''decrease_power'' to tube;',
	"ba5eda7a-def5-0000-0000-000000000000",
	1,
	'');
INSERT INTO ACT_FNB
	VALUES ("47710680-e81c-4909-9d31-17dcfbb8670a",
	"d6a43448-a533-4199-9f63-fc47f3a6b33a");
INSERT INTO ACT_ACT
	VALUES ("47710680-e81c-4909-9d31-17dcfbb8670a",
	'function',
	0,
	"515117c0-8327-4d9e-a572-9fa37760e5d3",
	"00000000-0000-0000-0000-000000000000",
	0,
	'DecreasePower',
	"00000000-0000-0000-0000-000000000000");
INSERT INTO ACT_BLK
	VALUES ("515117c0-8327-4d9e-a572-9fa37760e5d3",
	1,
	0,
	0,
	'V_VAR.Var_ID',
	'',
	'',
	2,
	1,
	1,
	35,
	0,
	0,
	0,
	0,
	0,
	0,
	0,
	0,
	0,
	"47710680-e81c-4909-9d31-17dcfbb8670a",
	"00000000-0000-0000-0000-000000000000");
INSERT INTO ACT_SMT
	VALUES ("4a92ea7a-9e64-4b40-828d-ef7ba9434110",
	"515117c0-8327-4d9e-a572-9fa37760e5d3",
	"1f15f5c9-b0e3-4eef-8007-e057181e70f3",
	1,
	1,
	'DecreasePower line: 1');
INSERT INTO ACT_FIO
	VALUES ("4a92ea7a-9e64-4b40-828d-ef7ba9434110",
	"f08cc763-b429-43d8-a96d-fc11c1b21c11",
	1,
	'any',
	"21726274-a60c-4843-a337-c30d3e6fd999",
	1,
	35);
INSERT INTO ACT_SMT
	VALUES ("1f15f5c9-b0e3-4eef-8007-e057181e70f3",
	"515117c0-8327-4d9e-a572-9fa37760e5d3",
	"00000000-0000-0000-0000-000000000000",
	2,
	1,
	'DecreasePower line: 2');
INSERT INTO E_ESS
	VALUES ("1f15f5c9-b0e3-4eef-8007-e057181e70f3",
	1,
	0,
	2,
	10,
	2,
	17,
	1,
	35,
	0,
	0,
	0,
	0);
INSERT INTO E_GES
	VALUES ("1f15f5c9-b0e3-4eef-8007-e057181e70f3");
INSERT INTO E_GSME
	VALUES ("1f15f5c9-b0e3-4eef-8007-e057181e70f3",
	"6358e0ea-c97e-49f9-806f-277e239ee029");
INSERT INTO E_GEN
	VALUES ("1f15f5c9-b0e3-4eef-8007-e057181e70f3",
	"f08cc763-b429-43d8-a96d-fc11c1b21c11");
INSERT INTO V_VAR
	VALUES ("f08cc763-b429-43d8-a96d-fc11c1b21c11",
	"515117c0-8327-4d9e-a572-9fa37760e5d3",
	'tube',
	1,
	"ba5eda7a-def5-0000-0000-000000000008");
INSERT INTO V_INT
	VALUES ("f08cc763-b429-43d8-a96d-fc11c1b21c11",
	0,
	"21726274-a60c-4843-a337-c30d3e6fd999");
INSERT INTO V_LOC
	VALUES ("396d31ba-a7f9-4e7d-a206-d6c16b87b47f",
	1,
	12,
	15,
	"f08cc763-b429-43d8-a96d-fc11c1b21c11");
INSERT INTO V_LOC
	VALUES ("40d83fe6-9932-4388-88d8-60a47a961eec",
	2,
	37,
	40,
	"f08cc763-b429-43d8-a96d-fc11c1b21c11");
INSERT INTO PE_PE
	VALUES ("79452cf0-9628-4bf6-aaa6-5094133d2e8a",
	1,
	"339b23c8-451d-437a-b55d-2c06aab1c9ee",
	"00000000-0000-0000-0000-000000000000",
	1);
INSERT INTO S_SYNC
	VALUES ("79452cf0-9628-4bf6-aaa6-5094133d2e8a",
	"00000000-0000-0000-0000-000000000000",
	'OpenDoor',
	'',
	'select any door from instances of MO_D;
generate MO_D1:''release''  to door;',
	"ba5eda7a-def5-0000-0000-000000000000",
	1,
	'');
INSERT INTO ACT_FNB
	VALUES ("9749385f-432c-4de7-ae39-2e7a8e59f0de",
	"79452cf0-9628-4bf6-aaa6-5094133d2e8a");
INSERT INTO ACT_ACT
	VALUES ("9749385f-432c-4de7-ae39-2e7a8e59f0de",
	'function',
	0,
	"b9da772c-d6ce-42f2-ae55-d53ccd1f1436",
	"00000000-0000-0000-0000-000000000000",
	0,
	'OpenDoor',
	"00000000-0000-0000-0000-000000000000");
INSERT INTO ACT_BLK
	VALUES ("b9da772c-d6ce-42f2-ae55-d53ccd1f1436",
	1,
	0,
	0,
	'V_VAR.Var_ID',
	'',
	'',
	2,
	1,
	1,
	35,
	0,
	0,
	0,
	0,
	0,
	0,
	0,
	0,
	0,
	"9749385f-432c-4de7-ae39-2e7a8e59f0de",
	"00000000-0000-0000-0000-000000000000");
INSERT INTO ACT_SMT
	VALUES ("440c0a98-1a4b-4cb6-9208-e18b08db2c00",
	"b9da772c-d6ce-42f2-ae55-d53ccd1f1436",
	"86935d00-86dc-4ff6-99b5-9fc548f7eeba",
	1,
	1,
	'OpenDoor line: 1');
INSERT INTO ACT_FIO
	VALUES ("440c0a98-1a4b-4cb6-9208-e18b08db2c00",
	"8d655701-6d88-4a79-8f97-d09210371a68",
	1,
	'any',
	"cd4fdb55-c935-485c-af63-77515b5963d5",
	1,
	35);
INSERT INTO ACT_SMT
	VALUES ("86935d00-86dc-4ff6-99b5-9fc548f7eeba",
	"b9da772c-d6ce-42f2-ae55-d53ccd1f1436",
	"00000000-0000-0000-0000-000000000000",
	2,
	1,
	'OpenDoor line: 2');
INSERT INTO E_ESS
	VALUES ("86935d00-86dc-4ff6-99b5-9fc548f7eeba",
	1,
	0,
	2,
	10,
	2,
	16,
	1,
	35,
	0,
	0,
	0,
	0);
INSERT INTO E_GES
	VALUES ("86935d00-86dc-4ff6-99b5-9fc548f7eeba");
INSERT INTO E_GSME
	VALUES ("86935d00-86dc-4ff6-99b5-9fc548f7eeba",
	"559344ec-3d0c-4393-9601-3b709b6fe894");
INSERT INTO E_GEN
	VALUES ("86935d00-86dc-4ff6-99b5-9fc548f7eeba",
	"8d655701-6d88-4a79-8f97-d09210371a68");
INSERT INTO V_VAR
	VALUES ("8d655701-6d88-4a79-8f97-d09210371a68",
	"b9da772c-d6ce-42f2-ae55-d53ccd1f1436",
	'door',
	1,
	"ba5eda7a-def5-0000-0000-000000000008");
INSERT INTO V_INT
	VALUES ("8d655701-6d88-4a79-8f97-d09210371a68",
	0,
	"cd4fdb55-c935-485c-af63-77515b5963d5");
INSERT INTO V_LOC
	VALUES ("e6b17d21-4789-4b1b-98ac-6ca05a39bb16",
	1,
	12,
	15,
	"8d655701-6d88-4a79-8f97-d09210371a68");
INSERT INTO V_LOC
	VALUES ("9fb09811-8ded-4885-86c7-37fa98955c44",
	2,
	30,
	33,
	"8d655701-6d88-4a79-8f97-d09210371a68");
INSERT INTO PE_PE
	VALUES ("6c366375-7387-4caf-9cfe-9f17e476ff9d",
	1,
	"339b23c8-451d-437a-b55d-2c06aab1c9ee",
	"00000000-0000-0000-0000-000000000000",
	1);
INSERT INTO S_SYNC
	VALUES ("6c366375-7387-4caf-9cfe-9f17e476ff9d",
	"00000000-0000-0000-0000-000000000000",
	'CloseDoor',
	'',
	'select any door from instances of MO_D;
generate MO_D2:''close''  to door;',
	"ba5eda7a-def5-0000-0000-000000000000",
	1,
	'');
INSERT INTO ACT_FNB
	VALUES ("544ce7b8-23ad-4c1f-b960-5559eadc90a1",
	"6c366375-7387-4caf-9cfe-9f17e476ff9d");
INSERT INTO ACT_ACT
	VALUES ("544ce7b8-23ad-4c1f-b960-5559eadc90a1",
	'function',
	0,
	"c317582b-4d41-4ac9-98e3-890c5bcfc635",
	"00000000-0000-0000-0000-000000000000",
	0,
	'CloseDoor',
	"00000000-0000-0000-0000-000000000000");
INSERT INTO ACT_BLK
	VALUES ("c317582b-4d41-4ac9-98e3-890c5bcfc635",
	1,
	0,
	0,
	'V_VAR.Var_ID',
	'',
	'',
	2,
	1,
	1,
	35,
	0,
	0,
	0,
	0,
	0,
	0,
	0,
	0,
	0,
	"544ce7b8-23ad-4c1f-b960-5559eadc90a1",
	"00000000-0000-0000-0000-000000000000");
INSERT INTO ACT_SMT
	VALUES ("2faff1cc-831e-457c-a51f-e428f8fe1b1d",
	"c317582b-4d41-4ac9-98e3-890c5bcfc635",
	"2249ab46-44cd-44f6-9799-381dad25a132",
	1,
	1,
	'CloseDoor line: 1');
INSERT INTO ACT_FIO
	VALUES ("2faff1cc-831e-457c-a51f-e428f8fe1b1d",
	"ab656da6-15b0-400f-b5d4-ba3c7c7292ad",
	1,
	'any',
	"cd4fdb55-c935-485c-af63-77515b5963d5",
	1,
	35);
INSERT INTO ACT_SMT
	VALUES ("2249ab46-44cd-44f6-9799-381dad25a132",
	"c317582b-4d41-4ac9-98e3-890c5bcfc635",
	"00000000-0000-0000-0000-000000000000",
	2,
	1,
	'CloseDoor line: 2');
INSERT INTO E_ESS
	VALUES ("2249ab46-44cd-44f6-9799-381dad25a132",
	1,
	0,
	2,
	10,
	2,
	16,
	1,
	35,
	0,
	0,
	0,
	0);
INSERT INTO E_GES
	VALUES ("2249ab46-44cd-44f6-9799-381dad25a132");
INSERT INTO E_GSME
	VALUES ("2249ab46-44cd-44f6-9799-381dad25a132",
	"13d303e7-37dc-42d2-84a8-b9cc6b41ed37");
INSERT INTO E_GEN
	VALUES ("2249ab46-44cd-44f6-9799-381dad25a132",
	"ab656da6-15b0-400f-b5d4-ba3c7c7292ad");
INSERT INTO V_VAR
	VALUES ("ab656da6-15b0-400f-b5d4-ba3c7c7292ad",
	"c317582b-4d41-4ac9-98e3-890c5bcfc635",
	'door',
	1,
	"ba5eda7a-def5-0000-0000-000000000008");
INSERT INTO V_INT
	VALUES ("ab656da6-15b0-400f-b5d4-ba3c7c7292ad",
	0,
	"cd4fdb55-c935-485c-af63-77515b5963d5");
INSERT INTO V_LOC
	VALUES ("1057a5c3-fcb0-47be-a6e0-211e7d74ea4d",
	1,
	12,
	15,
	"ab656da6-15b0-400f-b5d4-ba3c7c7292ad");
INSERT INTO V_LOC
	VALUES ("b51b5c05-4431-40ec-9492-36886be1f439",
	2,
	28,
	31,
	"ab656da6-15b0-400f-b5d4-ba3c7c7292ad");
INSERT INTO PE_PE
	VALUES ("1ab6abce-31ba-4430-87d8-35921585fdf9",
	1,
	"339b23c8-451d-437a-b55d-2c06aab1c9ee",
	"00000000-0000-0000-0000-000000000000",
	1);
INSERT INTO S_SYNC
	VALUES ("1ab6abce-31ba-4430-87d8-35921585fdf9",
	"00000000-0000-0000-0000-000000000000",
	'TestSequence1',
	'',
	'create object instance testSequence of MO_TS;
generate MO_TS2 to testSequence;',
	"ba5eda7a-def5-0000-0000-000000000000",
	1,
	'');
INSERT INTO ACT_FNB
	VALUES ("558bd189-8c42-4139-b464-4cfa225f9dc7",
	"1ab6abce-31ba-4430-87d8-35921585fdf9");
INSERT INTO ACT_ACT
	VALUES ("558bd189-8c42-4139-b464-4cfa225f9dc7",
	'function',
	0,
	"cedf6ee5-a5a0-416a-9720-7c282339daec",
	"00000000-0000-0000-0000-000000000000",
	0,
	'TestSequence1',
	"00000000-0000-0000-0000-000000000000");
INSERT INTO ACT_BLK
	VALUES ("cedf6ee5-a5a0-416a-9720-7c282339daec",
	0,
	0,
	0,
	'V_VAR.Var_ID',
	'',
	'',
	2,
	1,
	1,
	40,
	0,
	0,
	0,
	0,
	0,
	0,
	0,
	0,
	0,
	"558bd189-8c42-4139-b464-4cfa225f9dc7",
	"00000000-0000-0000-0000-000000000000");
INSERT INTO ACT_SMT
	VALUES ("1e8392c0-a7d2-41e8-8478-80034db126de",
	"cedf6ee5-a5a0-416a-9720-7c282339daec",
	"c115ce04-03dc-41dd-a471-ed48355a4a20",
	1,
	1,
	'TestSequence1 line: 1');
INSERT INTO ACT_CR
	VALUES ("1e8392c0-a7d2-41e8-8478-80034db126de",
	"8c01ebcb-bb88-4b30-9cb8-c6b9b290d705",
	1,
	"18f360d4-bf74-4159-9245-b26abc35a9bc",
	1,
	40);
INSERT INTO ACT_SMT
	VALUES ("c115ce04-03dc-41dd-a471-ed48355a4a20",
	"cedf6ee5-a5a0-416a-9720-7c282339daec",
	"00000000-0000-0000-0000-000000000000",
	2,
	1,
	'TestSequence1 line: 2');
INSERT INTO E_ESS
	VALUES ("c115ce04-03dc-41dd-a471-ed48355a4a20",
	1,
	0,
	2,
	10,
	0,
	0,
	1,
	40,
	0,
	0,
	0,
	0);
INSERT INTO E_GES
	VALUES ("c115ce04-03dc-41dd-a471-ed48355a4a20");
INSERT INTO E_GSME
	VALUES ("c115ce04-03dc-41dd-a471-ed48355a4a20",
	"646a7174-f38f-4647-bf47-dd9094500482");
INSERT INTO E_GEN
	VALUES ("c115ce04-03dc-41dd-a471-ed48355a4a20",
	"8c01ebcb-bb88-4b30-9cb8-c6b9b290d705");
INSERT INTO V_VAR
	VALUES ("8c01ebcb-bb88-4b30-9cb8-c6b9b290d705",
	"cedf6ee5-a5a0-416a-9720-7c282339daec",
	'testSequence',
	1,
	"ba5eda7a-def5-0000-0000-000000000008");
INSERT INTO V_INT
	VALUES ("8c01ebcb-bb88-4b30-9cb8-c6b9b290d705",
	0,
	"18f360d4-bf74-4159-9245-b26abc35a9bc");
INSERT INTO V_LOC
	VALUES ("ed9ea789-4ab7-4cde-b3c5-89987bcf4dd9",
	1,
	24,
	35,
	"8c01ebcb-bb88-4b30-9cb8-c6b9b290d705");
INSERT INTO V_LOC
	VALUES ("c3f5363e-be22-447c-bf0a-ff21704d9a8c",
	2,
	20,
	31,
	"8c01ebcb-bb88-4b30-9cb8-c6b9b290d705");
INSERT INTO PE_PE
	VALUES ("6c2399c9-bf75-44a6-92fe-0e6cd0c2d3be",
	1,
	"339b23c8-451d-437a-b55d-2c06aab1c9ee",
	"00000000-0000-0000-0000-000000000000",
	1);
INSERT INTO S_SYNC
	VALUES ("6c2399c9-bf75-44a6-92fe-0e6cd0c2d3be",
	"00000000-0000-0000-0000-000000000000",
	'DefineOven',
	'',
	'// Create the instances in the system.
create object instance mo of MO_O;

assign mo.remaining_cooking_time = 0;

create object instance tube of MO_MT;
relate mo to tube across R1;
assign tube.current_power_output = tube_wattage::high;

create object instance light of MO_IL;
relate mo to light across R2;

create object instance beeper of MO_B;
relate mo to beeper across R3;

create object instance door of MO_D;
relate mo to door across R4;
assign door.is_secure = false;

create object instance turntable of MO_TRN;
relate mo to turntable across R5;',
	"ba5eda7a-def5-0000-0000-000000000000",
	1,
	'');
INSERT INTO ACT_FNB
	VALUES ("bbcaa326-c555-441c-9633-29c7cbcfa917",
	"6c2399c9-bf75-44a6-92fe-0e6cd0c2d3be");
INSERT INTO ACT_ACT
	VALUES ("bbcaa326-c555-441c-9633-29c7cbcfa917",
	'function',
	0,
	"3ced572e-1f1f-42b6-bb92-1068965a6ccd",
	"00000000-0000-0000-0000-000000000000",
	0,
	'DefineOven',
	"00000000-0000-0000-0000-000000000000");
INSERT INTO ACT_BLK
	VALUES ("3ced572e-1f1f-42b6-bb92-1068965a6ccd",
	0,
	0,
	0,
	'',
	'',
	'',
	21,
	1,
	20,
	37,
	0,
	0,
	21,
	31,
	0,
	0,
	8,
	36,
	0,
	"bbcaa326-c555-441c-9633-29c7cbcfa917",
	"00000000-0000-0000-0000-000000000000");
INSERT INTO ACT_SMT
	VALUES ("fa191bbe-e770-402d-80fd-05fcb48c8e96",
	"3ced572e-1f1f-42b6-bb92-1068965a6ccd",
	"33b8de68-badb-4d5f-8f62-49b35653c502",
	2,
	1,
	'DefineOven line: 2');
INSERT INTO ACT_CR
	VALUES ("fa191bbe-e770-402d-80fd-05fcb48c8e96",
	"2db0358e-5aa2-4b48-91b6-0f21191a9d00",
	1,
	"d41fedf9-3f2c-4216-96e0-94838ac603b1",
	2,
	30);
INSERT INTO ACT_SMT
	VALUES ("33b8de68-badb-4d5f-8f62-49b35653c502",
	"3ced572e-1f1f-42b6-bb92-1068965a6ccd",
	"d505c50b-af6a-4ed1-9165-065d0b706605",
	4,
	1,
	'DefineOven line: 4');
INSERT INTO ACT_AI
	VALUES ("33b8de68-badb-4d5f-8f62-49b35653c502",
	"c96b8e97-f775-414c-855b-d71dd9af6c4b",
	"dd92669a-57ad-4ef9-bd1b-ee24fce18248",
	0,
	0);
INSERT INTO ACT_SMT
	VALUES ("d505c50b-af6a-4ed1-9165-065d0b706605",
	"3ced572e-1f1f-42b6-bb92-1068965a6ccd",
	"894804ed-a870-4a50-82f9-4c3758885474",
	6,
	1,
	'DefineOven line: 6');
INSERT INTO ACT_CR
	VALUES ("d505c50b-af6a-4ed1-9165-065d0b706605",
	"82f0c35e-4959-4804-93fc-8a828136b7df",
	1,
	"21726274-a60c-4843-a337-c30d3e6fd999",
	6,
	32);
INSERT INTO ACT_SMT
	VALUES ("894804ed-a870-4a50-82f9-4c3758885474",
	"3ced572e-1f1f-42b6-bb92-1068965a6ccd",
	"be62afaf-789d-4fad-b96d-d24f1169d73b",
	7,
	1,
	'DefineOven line: 7');
INSERT INTO ACT_REL
	VALUES ("894804ed-a870-4a50-82f9-4c3758885474",
	"2db0358e-5aa2-4b48-91b6-0f21191a9d00",
	"82f0c35e-4959-4804-93fc-8a828136b7df",
	'',
	"60140c5d-1a6e-4624-9e4a-837476af2eb1",
	7,
	26,
	0,
	0);
INSERT INTO ACT_SMT
	VALUES ("be62afaf-789d-4fad-b96d-d24f1169d73b",
	"3ced572e-1f1f-42b6-bb92-1068965a6ccd",
	"a0abe766-874a-489c-84ba-4a9b7975aad4",
	8,
	1,
	'DefineOven line: 8');
INSERT INTO ACT_AI
	VALUES ("be62afaf-789d-4fad-b96d-d24f1169d73b",
	"ff0902ef-2836-4bf9-8b59-2e47c4742339",
	"79bea634-1c26-45e5-ad99-d872f99bb617",
	0,
	0);
INSERT INTO ACT_SMT
	VALUES ("a0abe766-874a-489c-84ba-4a9b7975aad4",
	"3ced572e-1f1f-42b6-bb92-1068965a6ccd",
	"54e71f4b-1b80-4a08-a274-1f88a72f0ddc",
	10,
	1,
	'DefineOven line: 10');
INSERT INTO ACT_CR
	VALUES ("a0abe766-874a-489c-84ba-4a9b7975aad4",
	"f36798f3-287d-4b37-aced-b6423b1c5702",
	1,
	"74c2f04f-6ead-48bc-9388-7dce6c130237",
	10,
	33);
INSERT INTO ACT_SMT
	VALUES ("54e71f4b-1b80-4a08-a274-1f88a72f0ddc",
	"3ced572e-1f1f-42b6-bb92-1068965a6ccd",
	"e2eec16b-a49a-4cb2-bc57-f156e6279d4f",
	11,
	1,
	'DefineOven line: 11');
INSERT INTO ACT_REL
	VALUES ("54e71f4b-1b80-4a08-a274-1f88a72f0ddc",
	"2db0358e-5aa2-4b48-91b6-0f21191a9d00",
	"f36798f3-287d-4b37-aced-b6423b1c5702",
	'',
	"5ba54947-4cd4-423c-8463-0952e27b38bc",
	11,
	27,
	0,
	0);
INSERT INTO ACT_SMT
	VALUES ("e2eec16b-a49a-4cb2-bc57-f156e6279d4f",
	"3ced572e-1f1f-42b6-bb92-1068965a6ccd",
	"5cdbdf1a-c0f1-4b80-b013-841b30d31746",
	13,
	1,
	'DefineOven line: 13');
INSERT INTO ACT_CR
	VALUES ("e2eec16b-a49a-4cb2-bc57-f156e6279d4f",
	"c9647347-a31d-4381-94e1-2a1fc83f63b5",
	1,
	"4badd275-8325-4e31-9a84-02ee6714c85a",
	13,
	34);
INSERT INTO ACT_SMT
	VALUES ("5cdbdf1a-c0f1-4b80-b013-841b30d31746",
	"3ced572e-1f1f-42b6-bb92-1068965a6ccd",
	"1bbebf31-058c-4cfc-8ae7-a7d9b002f2a9",
	14,
	1,
	'DefineOven line: 14');
INSERT INTO ACT_REL
	VALUES ("5cdbdf1a-c0f1-4b80-b013-841b30d31746",
	"2db0358e-5aa2-4b48-91b6-0f21191a9d00",
	"c9647347-a31d-4381-94e1-2a1fc83f63b5",
	'',
	"33512c33-37fa-451c-aa48-6d09c7b2846c",
	14,
	28,
	0,
	0);
INSERT INTO ACT_SMT
	VALUES ("1bbebf31-058c-4cfc-8ae7-a7d9b002f2a9",
	"3ced572e-1f1f-42b6-bb92-1068965a6ccd",
	"960bc07e-75b9-435e-91d9-6e07d0cae4b3",
	16,
	1,
	'DefineOven line: 16');
INSERT INTO ACT_CR
	VALUES ("1bbebf31-058c-4cfc-8ae7-a7d9b002f2a9",
	"2b7c3932-8282-44ac-98fe-d47c72b31fb6",
	1,
	"cd4fdb55-c935-485c-af63-77515b5963d5",
	16,
	32);
INSERT INTO ACT_SMT
	VALUES ("960bc07e-75b9-435e-91d9-6e07d0cae4b3",
	"3ced572e-1f1f-42b6-bb92-1068965a6ccd",
	"2d8e447e-adec-4e5b-ba9a-787aea09cf55",
	17,
	1,
	'DefineOven line: 17');
INSERT INTO ACT_REL
	VALUES ("960bc07e-75b9-435e-91d9-6e07d0cae4b3",
	"2db0358e-5aa2-4b48-91b6-0f21191a9d00",
	"2b7c3932-8282-44ac-98fe-d47c72b31fb6",
	'',
	"75b012e7-ca9d-4756-8eef-6d959e96bf5f",
	17,
	26,
	0,
	0);
INSERT INTO ACT_SMT
	VALUES ("2d8e447e-adec-4e5b-ba9a-787aea09cf55",
	"3ced572e-1f1f-42b6-bb92-1068965a6ccd",
	"adb34611-f098-42f5-bf4f-b43be199a38e",
	18,
	1,
	'DefineOven line: 18');
INSERT INTO ACT_AI
	VALUES ("2d8e447e-adec-4e5b-ba9a-787aea09cf55",
	"cb9b9247-97dc-4750-8723-14ff3032992a",
	"7fecc984-5eb1-4830-b5b2-d3b40e145d06",
	0,
	0);
INSERT INTO ACT_SMT
	VALUES ("adb34611-f098-42f5-bf4f-b43be199a38e",
	"3ced572e-1f1f-42b6-bb92-1068965a6ccd",
	"badb7e09-b588-4e1d-b63c-a23d835c2e1d",
	20,
	1,
	'DefineOven line: 20');
INSERT INTO ACT_CR
	VALUES ("adb34611-f098-42f5-bf4f-b43be199a38e",
	"a8876dce-611d-4919-b4a8-c66f37d9f7b0",
	1,
	"48a311fd-78e5-4647-865c-32abb40b09fe",
	20,
	37);
INSERT INTO ACT_SMT
	VALUES ("badb7e09-b588-4e1d-b63c-a23d835c2e1d",
	"3ced572e-1f1f-42b6-bb92-1068965a6ccd",
	"00000000-0000-0000-0000-000000000000",
	21,
	1,
	'DefineOven line: 21');
INSERT INTO ACT_REL
	VALUES ("badb7e09-b588-4e1d-b63c-a23d835c2e1d",
	"2db0358e-5aa2-4b48-91b6-0f21191a9d00",
	"a8876dce-611d-4919-b4a8-c66f37d9f7b0",
	'',
	"d48f5681-a6cf-4d98-a809-43274fd08150",
	21,
	31,
	0,
	0);
INSERT INTO V_VAL
	VALUES ("ba7703bb-2d17-4a29-949d-a2011b650038",
	1,
	0,
	4,
	8,
	9,
	0,
	0,
	0,
	0,
	"ba5eda7a-def5-0000-0000-000000000008",
	"3ced572e-1f1f-42b6-bb92-1068965a6ccd");
INSERT INTO V_IRF
	VALUES ("ba7703bb-2d17-4a29-949d-a2011b650038",
	"2db0358e-5aa2-4b48-91b6-0f21191a9d00");
INSERT INTO V_VAL
	VALUES ("dd92669a-57ad-4ef9-bd1b-ee24fce18248",
	1,
	0,
	4,
	11,
	32,
	0,
	0,
	0,
	0,
	"ba5eda7a-def5-0000-0000-000000000002",
	"3ced572e-1f1f-42b6-bb92-1068965a6ccd");
INSERT INTO V_AVL
	VALUES ("dd92669a-57ad-4ef9-bd1b-ee24fce18248",
	"ba7703bb-2d17-4a29-949d-a2011b650038",
	"d41fedf9-3f2c-4216-96e0-94838ac603b1",
	"6329ab2f-f318-4a52-a311-ada41ee0251c");
INSERT INTO V_VAL
	VALUES ("c96b8e97-f775-414c-855b-d71dd9af6c4b",
	0,
	0,
	4,
	36,
	36,
	0,
	0,
	0,
	0,
	"ba5eda7a-def5-0000-0000-000000000002",
	"3ced572e-1f1f-42b6-bb92-1068965a6ccd");
INSERT INTO V_LIN
	VALUES ("c96b8e97-f775-414c-855b-d71dd9af6c4b",
	'0');
INSERT INTO V_VAL
	VALUES ("c454eea4-fe5d-4bf5-ae3a-833aafa2a523",
	1,
	0,
	8,
	8,
	11,
	0,
	0,
	0,
	0,
	"ba5eda7a-def5-0000-0000-000000000008",
	"3ced572e-1f1f-42b6-bb92-1068965a6ccd");
INSERT INTO V_IRF
	VALUES ("c454eea4-fe5d-4bf5-ae3a-833aafa2a523",
	"82f0c35e-4959-4804-93fc-8a828136b7df");
INSERT INTO V_VAL
	VALUES ("79bea634-1c26-45e5-ad99-d872f99bb617",
	1,
	0,
	8,
	13,
	32,
	0,
	0,
	0,
	0,
	"1046565f-b268-477d-9a1e-d49203519d42",
	"3ced572e-1f1f-42b6-bb92-1068965a6ccd");
INSERT INTO V_AVL
	VALUES ("79bea634-1c26-45e5-ad99-d872f99bb617",
	"c454eea4-fe5d-4bf5-ae3a-833aafa2a523",
	"21726274-a60c-4843-a337-c30d3e6fd999",
	"7fa5e56f-05e8-42f6-b32f-a31ffdf0cd3e");
INSERT INTO V_VAL
	VALUES ("ff0902ef-2836-4bf9-8b59-2e47c4742339",
	0,
	0,
	8,
	50,
	53,
	0,
	0,
	0,
	0,
	"1046565f-b268-477d-9a1e-d49203519d42",
	"3ced572e-1f1f-42b6-bb92-1068965a6ccd");
INSERT INTO V_LEN
	VALUES ("ff0902ef-2836-4bf9-8b59-2e47c4742339",
	"e9670705-a1ed-467a-970d-c69b80755b38",
	8,
	36);
INSERT INTO V_VAL
	VALUES ("d4e1892e-5085-4b3e-be00-b271cc802b57",
	1,
	0,
	18,
	8,
	11,
	0,
	0,
	0,
	0,
	"ba5eda7a-def5-0000-0000-000000000008",
	"3ced572e-1f1f-42b6-bb92-1068965a6ccd");
INSERT INTO V_IRF
	VALUES ("d4e1892e-5085-4b3e-be00-b271cc802b57",
	"2b7c3932-8282-44ac-98fe-d47c72b31fb6");
INSERT INTO V_VAL
	VALUES ("7fecc984-5eb1-4830-b5b2-d3b40e145d06",
	1,
	0,
	18,
	13,
	21,
	0,
	0,
	0,
	0,
	"ba5eda7a-def5-0000-0000-000000000001",
	"3ced572e-1f1f-42b6-bb92-1068965a6ccd");
INSERT INTO V_AVL
	VALUES ("7fecc984-5eb1-4830-b5b2-d3b40e145d06",
	"d4e1892e-5085-4b3e-be00-b271cc802b57",
	"cd4fdb55-c935-485c-af63-77515b5963d5",
	"e1d4139a-8e90-4b64-ab6b-29ab1d003b0a");
INSERT INTO V_VAL
	VALUES ("cb9b9247-97dc-4750-8723-14ff3032992a",
	0,
	0,
	-1,
	-1,
	-1,
	0,
	0,
	0,
	0,
	"ba5eda7a-def5-0000-0000-000000000001",
	"3ced572e-1f1f-42b6-bb92-1068965a6ccd");
INSERT INTO V_LBO
	VALUES ("cb9b9247-97dc-4750-8723-14ff3032992a",
	'FALSE');
INSERT INTO V_VAR
	VALUES ("2db0358e-5aa2-4b48-91b6-0f21191a9d00",
	"3ced572e-1f1f-42b6-bb92-1068965a6ccd",
	'mo',
	1,
	"ba5eda7a-def5-0000-0000-000000000008");
INSERT INTO V_INT
	VALUES ("2db0358e-5aa2-4b48-91b6-0f21191a9d00",
	0,
	"d41fedf9-3f2c-4216-96e0-94838ac603b1");
INSERT INTO V_LOC
	VALUES ("fcdd1061-01aa-4363-9748-a4a4549e26ab",
	2,
	24,
	25,
	"2db0358e-5aa2-4b48-91b6-0f21191a9d00");
INSERT INTO V_LOC
	VALUES ("db9d20cd-963a-4e67-b3df-fce3f51922af",
	4,
	8,
	9,
	"2db0358e-5aa2-4b48-91b6-0f21191a9d00");
INSERT INTO V_LOC
	VALUES ("5f8a839f-92bf-4991-9faa-2f275a27839d",
	7,
	8,
	9,
	"2db0358e-5aa2-4b48-91b6-0f21191a9d00");
INSERT INTO V_LOC
	VALUES ("bf212655-10f2-480d-94ab-d127368fd16c",
	11,
	8,
	9,
	"2db0358e-5aa2-4b48-91b6-0f21191a9d00");
INSERT INTO V_LOC
	VALUES ("73d2e6bb-4a81-4a8a-842b-c32caff43c8d",
	14,
	8,
	9,
	"2db0358e-5aa2-4b48-91b6-0f21191a9d00");
INSERT INTO V_LOC
	VALUES ("6dcfbc7c-477c-4bfd-99d7-95f9779d601c",
	17,
	8,
	9,
	"2db0358e-5aa2-4b48-91b6-0f21191a9d00");
INSERT INTO V_LOC
	VALUES ("0a2e9bdd-d75c-4715-981f-57a8283b7b84",
	21,
	8,
	9,
	"2db0358e-5aa2-4b48-91b6-0f21191a9d00");
INSERT INTO V_VAR
	VALUES ("82f0c35e-4959-4804-93fc-8a828136b7df",
	"3ced572e-1f1f-42b6-bb92-1068965a6ccd",
	'tube',
	1,
	"ba5eda7a-def5-0000-0000-000000000008");
INSERT INTO V_INT
	VALUES ("82f0c35e-4959-4804-93fc-8a828136b7df",
	0,
	"21726274-a60c-4843-a337-c30d3e6fd999");
INSERT INTO V_LOC
	VALUES ("0ab3d701-b96b-4ef9-b93b-5817974070ca",
	6,
	24,
	27,
	"82f0c35e-4959-4804-93fc-8a828136b7df");
INSERT INTO V_LOC
	VALUES ("645df405-b869-44a4-8edf-d2af375b5563",
	7,
	14,
	17,
	"82f0c35e-4959-4804-93fc-8a828136b7df");
INSERT INTO V_LOC
	VALUES ("90a529ef-8598-4dc5-9cf4-982a66102122",
	8,
	8,
	11,
	"82f0c35e-4959-4804-93fc-8a828136b7df");
INSERT INTO V_VAR
	VALUES ("f36798f3-287d-4b37-aced-b6423b1c5702",
	"3ced572e-1f1f-42b6-bb92-1068965a6ccd",
	'light',
	1,
	"ba5eda7a-def5-0000-0000-000000000008");
INSERT INTO V_INT
	VALUES ("f36798f3-287d-4b37-aced-b6423b1c5702",
	0,
	"74c2f04f-6ead-48bc-9388-7dce6c130237");
INSERT INTO V_LOC
	VALUES ("9707636e-005d-45cb-a197-04fe3c65fd82",
	10,
	24,
	28,
	"f36798f3-287d-4b37-aced-b6423b1c5702");
INSERT INTO V_LOC
	VALUES ("6240d706-3257-469a-9aa7-e1ee4758c808",
	11,
	14,
	18,
	"f36798f3-287d-4b37-aced-b6423b1c5702");
INSERT INTO V_VAR
	VALUES ("c9647347-a31d-4381-94e1-2a1fc83f63b5",
	"3ced572e-1f1f-42b6-bb92-1068965a6ccd",
	'beeper',
	1,
	"ba5eda7a-def5-0000-0000-000000000008");
INSERT INTO V_INT
	VALUES ("c9647347-a31d-4381-94e1-2a1fc83f63b5",
	0,
	"4badd275-8325-4e31-9a84-02ee6714c85a");
INSERT INTO V_LOC
	VALUES ("1137e5fc-d5c3-4a47-bfed-d9050c164e55",
	13,
	24,
	29,
	"c9647347-a31d-4381-94e1-2a1fc83f63b5");
INSERT INTO V_LOC
	VALUES ("63a686da-43f0-4433-bf58-c3783688112b",
	14,
	14,
	19,
	"c9647347-a31d-4381-94e1-2a1fc83f63b5");
INSERT INTO V_VAR
	VALUES ("2b7c3932-8282-44ac-98fe-d47c72b31fb6",
	"3ced572e-1f1f-42b6-bb92-1068965a6ccd",
	'door',
	1,
	"ba5eda7a-def5-0000-0000-000000000008");
INSERT INTO V_INT
	VALUES ("2b7c3932-8282-44ac-98fe-d47c72b31fb6",
	0,
	"cd4fdb55-c935-485c-af63-77515b5963d5");
INSERT INTO V_LOC
	VALUES ("0ae5dbf1-12a7-460c-8162-ac2c27193cee",
	16,
	24,
	27,
	"2b7c3932-8282-44ac-98fe-d47c72b31fb6");
INSERT INTO V_LOC
	VALUES ("5c314ecf-f925-41e4-ab88-24c829821a9e",
	17,
	14,
	17,
	"2b7c3932-8282-44ac-98fe-d47c72b31fb6");
INSERT INTO V_LOC
	VALUES ("1abab6f6-a51a-4d2a-8395-bff4f6119aa8",
	18,
	8,
	11,
	"2b7c3932-8282-44ac-98fe-d47c72b31fb6");
INSERT INTO V_VAR
	VALUES ("a8876dce-611d-4919-b4a8-c66f37d9f7b0",
	"3ced572e-1f1f-42b6-bb92-1068965a6ccd",
	'turntable',
	1,
	"ba5eda7a-def5-0000-0000-000000000008");
INSERT INTO V_INT
	VALUES ("a8876dce-611d-4919-b4a8-c66f37d9f7b0",
	0,
	"48a311fd-78e5-4647-865c-32abb40b09fe");
INSERT INTO V_LOC
	VALUES ("c653e6af-6993-4c3c-ba72-801755f7dd95",
	20,
	24,
	32,
	"a8876dce-611d-4919-b4a8-c66f37d9f7b0");
INSERT INTO V_LOC
	VALUES ("58dd9787-c6d8-44d6-a7b6-39b35113eff6",
	21,
	14,
	22,
	"a8876dce-611d-4919-b4a8-c66f37d9f7b0");
INSERT INTO PE_PE
	VALUES ("235fff0c-3d20-4fa1-8536-1c30278a65d1",
	1,
	"00000000-0000-0000-0000-000000000000",
	"544a75b3-22ce-4c30-8788-bec6c1772abf",
	7);
INSERT INTO EP_PKG
	VALUES ("235fff0c-3d20-4fa1-8536-1c30278a65d1",
	"00000000-0000-0000-0000-000000000000",
	"9cd2cdcf-1f2b-42ce-bc35-718a90a05cab",
	'Microwave Oven',
	'The microwave oven subsystem models the microwave oven application',
	1);
INSERT INTO PE_PE
	VALUES ("60140c5d-1a6e-4624-9e4a-837476af2eb1",
	1,
	"235fff0c-3d20-4fa1-8536-1c30278a65d1",
	"00000000-0000-0000-0000-000000000000",
	9);
INSERT INTO R_REL
	VALUES ("60140c5d-1a6e-4624-9e4a-837476af2eb1",
	1,
	'A single magnetron tube is the core component of the oven assembly. Being related to the oven, it can be direclty powered on & off.  ',
	"00000000-0000-0000-0000-000000000000");
INSERT INTO R_SIMP
	VALUES ("60140c5d-1a6e-4624-9e4a-837476af2eb1");
INSERT INTO R_FORM
	VALUES ("d41fedf9-3f2c-4216-96e0-94838ac603b1",
	"60140c5d-1a6e-4624-9e4a-837476af2eb1",
	"5a18c05a-2ff3-4682-97fd-211ce232ace7",
	0,
	0,
	'is housed in');
INSERT INTO R_RGO
	VALUES ("d41fedf9-3f2c-4216-96e0-94838ac603b1",
	"60140c5d-1a6e-4624-9e4a-837476af2eb1",
	"5a18c05a-2ff3-4682-97fd-211ce232ace7");
INSERT INTO R_OIR
	VALUES ("d41fedf9-3f2c-4216-96e0-94838ac603b1",
	"60140c5d-1a6e-4624-9e4a-837476af2eb1",
	"5a18c05a-2ff3-4682-97fd-211ce232ace7",
	"00000000-0000-0000-0000-000000000000");
INSERT INTO R_PART
	VALUES ("21726274-a60c-4843-a337-c30d3e6fd999",
	"60140c5d-1a6e-4624-9e4a-837476af2eb1",
	"b08fe931-7779-403b-b3c0-267af778243a",
	0,
	0,
	'houses');
INSERT INTO O_RTIDA
	VALUES ("f1330b84-d00a-403f-81b3-22f1a7ad6040",
	"21726274-a60c-4843-a337-c30d3e6fd999",
	0,
	"60140c5d-1a6e-4624-9e4a-837476af2eb1",
	"b08fe931-7779-403b-b3c0-267af778243a");
INSERT INTO R_RTO
	VALUES ("21726274-a60c-4843-a337-c30d3e6fd999",
	"60140c5d-1a6e-4624-9e4a-837476af2eb1",
	"b08fe931-7779-403b-b3c0-267af778243a",
	0);
INSERT INTO R_OIR
	VALUES ("21726274-a60c-4843-a337-c30d3e6fd999",
	"60140c5d-1a6e-4624-9e4a-837476af2eb1",
	"b08fe931-7779-403b-b3c0-267af778243a",
	"00000000-0000-0000-0000-000000000000");
INSERT INTO PE_PE
	VALUES ("5ba54947-4cd4-423c-8463-0952e27b38bc",
	1,
	"235fff0c-3d20-4fa1-8536-1c30278a65d1",
	"00000000-0000-0000-0000-000000000000",
	9);
INSERT INTO R_REL
	VALUES ("5ba54947-4cd4-423c-8463-0952e27b38bc",
	2,
	'A single, low wattage light illuminates the interior of the oven to aid viewing of the cooking process. Being related to the oven enables the light to be controlled on & off as necessary.',
	"00000000-0000-0000-0000-000000000000");
INSERT INTO R_SIMP
	VALUES ("5ba54947-4cd4-423c-8463-0952e27b38bc");
INSERT INTO R_FORM
	VALUES ("d41fedf9-3f2c-4216-96e0-94838ac603b1",
	"5ba54947-4cd4-423c-8463-0952e27b38bc",
	"1e53d5fc-32ed-4562-8507-d06d55529699",
	0,
	0,
	'illuminates');
INSERT INTO R_RGO
	VALUES ("d41fedf9-3f2c-4216-96e0-94838ac603b1",
	"5ba54947-4cd4-423c-8463-0952e27b38bc",
	"1e53d5fc-32ed-4562-8507-d06d55529699");
INSERT INTO R_OIR
	VALUES ("d41fedf9-3f2c-4216-96e0-94838ac603b1",
	"5ba54947-4cd4-423c-8463-0952e27b38bc",
	"1e53d5fc-32ed-4562-8507-d06d55529699",
	"00000000-0000-0000-0000-000000000000");
INSERT INTO R_PART
	VALUES ("74c2f04f-6ead-48bc-9388-7dce6c130237",
	"5ba54947-4cd4-423c-8463-0952e27b38bc",
	"cd351370-5fa9-407b-b363-8623d8d49259",
	0,
	0,
	'is illuminated by');
INSERT INTO O_RTIDA
	VALUES ("85927332-434b-406d-a4a2-b5139bd76164",
	"74c2f04f-6ead-48bc-9388-7dce6c130237",
	0,
	"5ba54947-4cd4-423c-8463-0952e27b38bc",
	"cd351370-5fa9-407b-b363-8623d8d49259");
INSERT INTO R_RTO
	VALUES ("74c2f04f-6ead-48bc-9388-7dce6c130237",
	"5ba54947-4cd4-423c-8463-0952e27b38bc",
	"cd351370-5fa9-407b-b363-8623d8d49259",
	0);
INSERT INTO R_OIR
	VALUES ("74c2f04f-6ead-48bc-9388-7dce6c130237",
	"5ba54947-4cd4-423c-8463-0952e27b38bc",
	"cd351370-5fa9-407b-b363-8623d8d49259",
	"00000000-0000-0000-0000-000000000000");
INSERT INTO PE_PE
	VALUES ("33512c33-37fa-451c-aa48-6d09c7b2846c",
	1,
	"235fff0c-3d20-4fa1-8536-1c30278a65d1",
	"00000000-0000-0000-0000-000000000000",
	9);
INSERT INTO R_REL
	VALUES ("33512c33-37fa-451c-aa48-6d09c7b2846c",
	3,
	'A single, audible, repeating beeper is a useful cosmetic component related to, and controlled by, the oven when cooking is over. ',
	"00000000-0000-0000-0000-000000000000");
INSERT INTO R_SIMP
	VALUES ("33512c33-37fa-451c-aa48-6d09c7b2846c");
INSERT INTO R_FORM
	VALUES ("d41fedf9-3f2c-4216-96e0-94838ac603b1",
	"33512c33-37fa-451c-aa48-6d09c7b2846c",
	"117473c1-6131-45ba-b946-9906166dd4fe",
	0,
	0,
	'is located in');
INSERT INTO R_RGO
	VALUES ("d41fedf9-3f2c-4216-96e0-94838ac603b1",
	"33512c33-37fa-451c-aa48-6d09c7b2846c",
	"117473c1-6131-45ba-b946-9906166dd4fe");
INSERT INTO R_OIR
	VALUES ("d41fedf9-3f2c-4216-96e0-94838ac603b1",
	"33512c33-37fa-451c-aa48-6d09c7b2846c",
	"117473c1-6131-45ba-b946-9906166dd4fe",
	"00000000-0000-0000-0000-000000000000");
INSERT INTO R_PART
	VALUES ("4badd275-8325-4e31-9a84-02ee6714c85a",
	"33512c33-37fa-451c-aa48-6d09c7b2846c",
	"b1d7a48a-8569-4265-b9d0-dac69fdc832c",
	0,
	0,
	'features');
INSERT INTO O_RTIDA
	VALUES ("f1b68858-c581-46d8-80d3-0bf5af85611a",
	"4badd275-8325-4e31-9a84-02ee6714c85a",
	0,
	"33512c33-37fa-451c-aa48-6d09c7b2846c",
	"b1d7a48a-8569-4265-b9d0-dac69fdc832c");
INSERT INTO R_RTO
	VALUES ("4badd275-8325-4e31-9a84-02ee6714c85a",
	"33512c33-37fa-451c-aa48-6d09c7b2846c",
	"b1d7a48a-8569-4265-b9d0-dac69fdc832c",
	0);
INSERT INTO R_OIR
	VALUES ("4badd275-8325-4e31-9a84-02ee6714c85a",
	"33512c33-37fa-451c-aa48-6d09c7b2846c",
	"b1d7a48a-8569-4265-b9d0-dac69fdc832c",
	"00000000-0000-0000-0000-000000000000");
INSERT INTO PE_PE
	VALUES ("75b012e7-ca9d-4756-8eef-6d959e96bf5f",
	1,
	"235fff0c-3d20-4fa1-8536-1c30278a65d1",
	"00000000-0000-0000-0000-000000000000",
	9);
INSERT INTO R_REL
	VALUES ("75b012e7-ca9d-4756-8eef-6d959e96bf5f",
	4,
	'The oven door is a composite part of the microwave assembly, reflected by a mandatory 1:1 relationship.',
	"00000000-0000-0000-0000-000000000000");
INSERT INTO R_SIMP
	VALUES ("75b012e7-ca9d-4756-8eef-6d959e96bf5f");
INSERT INTO R_PART
	VALUES ("cd4fdb55-c935-485c-af63-77515b5963d5",
	"75b012e7-ca9d-4756-8eef-6d959e96bf5f",
	"6c99cdd0-3abe-457e-83b6-e4af93310010",
	0,
	0,
	'is accessed via');
INSERT INTO O_RTIDA
	VALUES ("c7497b6a-dbf5-40dd-ae4b-2b353a570740",
	"cd4fdb55-c935-485c-af63-77515b5963d5",
	0,
	"75b012e7-ca9d-4756-8eef-6d959e96bf5f",
	"6c99cdd0-3abe-457e-83b6-e4af93310010");
INSERT INTO R_RTO
	VALUES ("cd4fdb55-c935-485c-af63-77515b5963d5",
	"75b012e7-ca9d-4756-8eef-6d959e96bf5f",
	"6c99cdd0-3abe-457e-83b6-e4af93310010",
	0);
INSERT INTO R_OIR
	VALUES ("cd4fdb55-c935-485c-af63-77515b5963d5",
	"75b012e7-ca9d-4756-8eef-6d959e96bf5f",
	"6c99cdd0-3abe-457e-83b6-e4af93310010",
	"00000000-0000-0000-0000-000000000000");
INSERT INTO R_FORM
	VALUES ("d41fedf9-3f2c-4216-96e0-94838ac603b1",
	"75b012e7-ca9d-4756-8eef-6d959e96bf5f",
	"fa38d4a3-3c37-4fe9-b8b2-bfcfda1c9a23",
	0,
	0,
	'provides access to');
INSERT INTO R_RGO
	VALUES ("d41fedf9-3f2c-4216-96e0-94838ac603b1",
	"75b012e7-ca9d-4756-8eef-6d959e96bf5f",
	"fa38d4a3-3c37-4fe9-b8b2-bfcfda1c9a23");
INSERT INTO R_OIR
	VALUES ("d41fedf9-3f2c-4216-96e0-94838ac603b1",
	"75b012e7-ca9d-4756-8eef-6d959e96bf5f",
	"fa38d4a3-3c37-4fe9-b8b2-bfcfda1c9a23",
	"00000000-0000-0000-0000-000000000000");
INSERT INTO PE_PE
	VALUES ("d48f5681-a6cf-4d98-a809-43274fd08150",
	1,
	"235fff0c-3d20-4fa1-8536-1c30278a65d1",
	"00000000-0000-0000-0000-000000000000",
	9);
INSERT INTO R_REL
	VALUES ("d48f5681-a6cf-4d98-a809-43274fd08150",
	5,
	'A single turntable is an integral component of any modern microwave oven. Being related to the oven, it can be controlled directly by the oven during cooking.',
	"00000000-0000-0000-0000-000000000000");
INSERT INTO R_SIMP
	VALUES ("d48f5681-a6cf-4d98-a809-43274fd08150");
INSERT INTO R_FORM
	VALUES ("d41fedf9-3f2c-4216-96e0-94838ac603b1",
	"d48f5681-a6cf-4d98-a809-43274fd08150",
	"f92064f9-84b5-44f8-9a89-a1723d329d6a",
	0,
	0,
	'occupies');
INSERT INTO R_RGO
	VALUES ("d41fedf9-3f2c-4216-96e0-94838ac603b1",
	"d48f5681-a6cf-4d98-a809-43274fd08150",
	"f92064f9-84b5-44f8-9a89-a1723d329d6a");
INSERT INTO R_OIR
	VALUES ("d41fedf9-3f2c-4216-96e0-94838ac603b1",
	"d48f5681-a6cf-4d98-a809-43274fd08150",
	"f92064f9-84b5-44f8-9a89-a1723d329d6a",
	"00000000-0000-0000-0000-000000000000");
INSERT INTO R_PART
	VALUES ("48a311fd-78e5-4647-865c-32abb40b09fe",
	"d48f5681-a6cf-4d98-a809-43274fd08150",
	"68253d80-7a8c-498b-a258-24a9b4c0de24",
	0,
	0,
	'has');
INSERT INTO O_RTIDA
	VALUES ("9c573361-0bc4-4860-aacc-90b0d5caf8fd",
	"48a311fd-78e5-4647-865c-32abb40b09fe",
	0,
	"d48f5681-a6cf-4d98-a809-43274fd08150",
	"68253d80-7a8c-498b-a258-24a9b4c0de24");
INSERT INTO R_RTO
	VALUES ("48a311fd-78e5-4647-865c-32abb40b09fe",
	"d48f5681-a6cf-4d98-a809-43274fd08150",
	"68253d80-7a8c-498b-a258-24a9b4c0de24",
	0);
INSERT INTO R_OIR
	VALUES ("48a311fd-78e5-4647-865c-32abb40b09fe",
	"d48f5681-a6cf-4d98-a809-43274fd08150",
	"68253d80-7a8c-498b-a258-24a9b4c0de24",
	"00000000-0000-0000-0000-000000000000");
INSERT INTO PE_PE
	VALUES ("4badd275-8325-4e31-9a84-02ee6714c85a",
	1,
	"235fff0c-3d20-4fa1-8536-1c30278a65d1",
	"00000000-0000-0000-0000-000000000000",
	4);
INSERT INTO O_OBJ
	VALUES ("4badd275-8325-4e31-9a84-02ee6714c85a",
	'Beeper',
	4,
	'MO_B',
	'An audible signal generator. 

The beeper repeats four times on completion of the cooking period, signalling to the user that the oven door can be opened to inspect the readiness of the food inside.  ',
	"00000000-0000-0000-0000-000000000000");
INSERT INTO O_NBATTR
	VALUES ("f1b68858-c581-46d8-80d3-0bf5af85611a",
	"4badd275-8325-4e31-9a84-02ee6714c85a");
INSERT INTO O_BATTR
	VALUES ("f1b68858-c581-46d8-80d3-0bf5af85611a",
	"4badd275-8325-4e31-9a84-02ee6714c85a");
INSERT INTO O_ATTR
	VALUES ("f1b68858-c581-46d8-80d3-0bf5af85611a",
	"4badd275-8325-4e31-9a84-02ee6714c85a",
	"00000000-0000-0000-0000-000000000000",
	'BeeperID',
	'The uniquely-specified beeper identifier.',
	'',
	'BeeperID',
	0,
	"ba5eda7a-def5-0000-0000-000000000005",
	'',
	'');
INSERT INTO O_NBATTR
	VALUES ("73c7857d-9a6b-4b66-998a-eea4c267f33e",
	"4badd275-8325-4e31-9a84-02ee6714c85a");
INSERT INTO O_BATTR
	VALUES ("73c7857d-9a6b-4b66-998a-eea4c267f33e",
	"4badd275-8325-4e31-9a84-02ee6714c85a");
INSERT INTO O_ATTR
	VALUES ("73c7857d-9a6b-4b66-998a-eea4c267f33e",
	"4badd275-8325-4e31-9a84-02ee6714c85a",
	"f1b68858-c581-46d8-80d3-0bf5af85611a",
	'beeper_timer',
	'A local timer, used to generate delays of 1 second between the sounding of each beep. ',
	'',
	'beeper_timer',
	0,
	"ba5eda7a-def5-0000-0000-00000000000f",
	'',
	'');
INSERT INTO O_NBATTR
	VALUES ("ac2ba4cf-f13e-4801-9337-6bb3a2e2f686",
	"4badd275-8325-4e31-9a84-02ee6714c85a");
INSERT INTO O_BATTR
	VALUES ("ac2ba4cf-f13e-4801-9337-6bb3a2e2f686",
	"4badd275-8325-4e31-9a84-02ee6714c85a");
INSERT INTO O_ATTR
	VALUES ("ac2ba4cf-f13e-4801-9337-6bb3a2e2f686",
	"4badd275-8325-4e31-9a84-02ee6714c85a",
	"73c7857d-9a6b-4b66-998a-eea4c267f33e",
	'beep_count',
	'A counter, incrementally increasing from zero as the beeper sounds. ',
	'',
	'beep_count',
	0,
	"ba5eda7a-def5-0000-0000-000000000002",
	'',
	'');
INSERT INTO O_NBATTR
	VALUES ("823345de-29f4-47c8-805b-8c943f512aed",
	"4badd275-8325-4e31-9a84-02ee6714c85a");
INSERT INTO O_BATTR
	VALUES ("823345de-29f4-47c8-805b-8c943f512aed",
	"4badd275-8325-4e31-9a84-02ee6714c85a");
INSERT INTO O_ATTR
	VALUES ("823345de-29f4-47c8-805b-8c943f512aed",
	"4badd275-8325-4e31-9a84-02ee6714c85a",
	"ac2ba4cf-f13e-4801-9337-6bb3a2e2f686",
	'beeper_delay_over',
	'The delayed event supplied to the beeper''s local timer, which fires to signify the completion of the 1 second beeper delay.',
	'',
	'beeper_delay_over',
	0,
	"ba5eda7a-def5-0000-0000-00000000000a",
	'',
	'');
INSERT INTO O_NBATTR
	VALUES ("cc8e0760-328b-4acc-833e-b86b9ce99814",
	"4badd275-8325-4e31-9a84-02ee6714c85a");
INSERT INTO O_BATTR
	VALUES ("cc8e0760-328b-4acc-833e-b86b9ce99814",
	"4badd275-8325-4e31-9a84-02ee6714c85a");
INSERT INTO O_ATTR
	VALUES ("cc8e0760-328b-4acc-833e-b86b9ce99814",
	"4badd275-8325-4e31-9a84-02ee6714c85a",
	"823345de-29f4-47c8-805b-8c943f512aed",
	'current_state',
	'',
	'',
	'current_state',
	0,
	"ba5eda7a-def5-0000-0000-000000000006",
	'',
	'');
INSERT INTO O_ID
	VALUES (0,
	"4badd275-8325-4e31-9a84-02ee6714c85a");
INSERT INTO O_OIDA
	VALUES ("f1b68858-c581-46d8-80d3-0bf5af85611a",
	"4badd275-8325-4e31-9a84-02ee6714c85a",
	0,
	'BeeperID');
INSERT INTO O_ID
	VALUES (1,
	"4badd275-8325-4e31-9a84-02ee6714c85a");
INSERT INTO O_ID
	VALUES (2,
	"4badd275-8325-4e31-9a84-02ee6714c85a");
INSERT INTO SM_ISM
	VALUES ("7155cbee-2ad5-470a-b1c1-837f7f12c176",
	"4badd275-8325-4e31-9a84-02ee6714c85a");
INSERT INTO SM_SM
	VALUES ("7155cbee-2ad5-470a-b1c1-837f7f12c176",
	'',
	6);
INSERT INTO SM_MOORE
	VALUES ("7155cbee-2ad5-470a-b1c1-837f7f12c176");
INSERT INTO SM_LEVT
	VALUES ("6e126090-24d2-4721-9a82-33eaefb8e664",
	"7155cbee-2ad5-470a-b1c1-837f7f12c176",
	"00000000-0000-0000-0000-000000000000");
INSERT INTO SM_SEVT
	VALUES ("6e126090-24d2-4721-9a82-33eaefb8e664",
	"7155cbee-2ad5-470a-b1c1-837f7f12c176",
	"00000000-0000-0000-0000-000000000000");
INSERT INTO SM_EVT
	VALUES ("6e126090-24d2-4721-9a82-33eaefb8e664",
	"7155cbee-2ad5-470a-b1c1-837f7f12c176",
	"00000000-0000-0000-0000-000000000000",
	1,
	'start_beeping',
	0,
	'',
	'MO_B1',
	'');
INSERT INTO SM_LEVT
	VALUES ("caef799a-01a7-4183-ae22-bbb76f931cf2",
	"7155cbee-2ad5-470a-b1c1-837f7f12c176",
	"00000000-0000-0000-0000-000000000000");
INSERT INTO SM_SEVT
	VALUES ("caef799a-01a7-4183-ae22-bbb76f931cf2",
	"7155cbee-2ad5-470a-b1c1-837f7f12c176",
	"00000000-0000-0000-0000-000000000000");
INSERT INTO SM_EVT
	VALUES ("caef799a-01a7-4183-ae22-bbb76f931cf2",
	"7155cbee-2ad5-470a-b1c1-837f7f12c176",
	"00000000-0000-0000-0000-000000000000",
	2,
	'beep_delay_over',
	0,
	'',
	'MO_B2',
	'');
INSERT INTO SM_LEVT
	VALUES ("ab043da7-d814-4f0c-84e6-346b65486a65",
	"7155cbee-2ad5-470a-b1c1-837f7f12c176",
	"00000000-0000-0000-0000-000000000000");
INSERT INTO SM_SEVT
	VALUES ("ab043da7-d814-4f0c-84e6-346b65486a65",
	"7155cbee-2ad5-470a-b1c1-837f7f12c176",
	"00000000-0000-0000-0000-000000000000");
INSERT INTO SM_EVT
	VALUES ("ab043da7-d814-4f0c-84e6-346b65486a65",
	"7155cbee-2ad5-470a-b1c1-837f7f12c176",
	"00000000-0000-0000-0000-000000000000",
	3,
	'beeping_stopped',
	0,
	'',
	'MO_B3',
	'');
INSERT INTO SM_LEVT
	VALUES ("8c6051c9-0083-4f59-b7c2-e733d99dc809",
	"7155cbee-2ad5-470a-b1c1-837f7f12c176",
	"00000000-0000-0000-0000-000000000000");
INSERT INTO SM_SEVT
	VALUES ("8c6051c9-0083-4f59-b7c2-e733d99dc809",
	"7155cbee-2ad5-470a-b1c1-837f7f12c176",
	"00000000-0000-0000-0000-000000000000");
INSERT INTO SM_EVT
	VALUES ("8c6051c9-0083-4f59-b7c2-e733d99dc809",
	"7155cbee-2ad5-470a-b1c1-837f7f12c176",
	"00000000-0000-0000-0000-000000000000",
	4,
	'stop_beeping',
	0,
	'',
	'MO_B4',
	'');
INSERT INTO SM_STATE
	VALUES ("0eb2c8d8-1c8e-4037-8dca-6cc0fc3aa1b5",
	"7155cbee-2ad5-470a-b1c1-837f7f12c176",
	"00000000-0000-0000-0000-000000000000",
	'Awaiting Beeper Request',
	1,
	0);
INSERT INTO SM_SEME
	VALUES ("0eb2c8d8-1c8e-4037-8dca-6cc0fc3aa1b5",
	"6e126090-24d2-4721-9a82-33eaefb8e664",
	"7155cbee-2ad5-470a-b1c1-837f7f12c176",
	"00000000-0000-0000-0000-000000000000");
INSERT INTO SM_EIGN
	VALUES ("0eb2c8d8-1c8e-4037-8dca-6cc0fc3aa1b5",
	"caef799a-01a7-4183-ae22-bbb76f931cf2",
	"7155cbee-2ad5-470a-b1c1-837f7f12c176",
	"00000000-0000-0000-0000-000000000000",
	'');
INSERT INTO SM_SEME
	VALUES ("0eb2c8d8-1c8e-4037-8dca-6cc0fc3aa1b5",
	"caef799a-01a7-4183-ae22-bbb76f931cf2",
	"7155cbee-2ad5-470a-b1c1-837f7f12c176",
	"00000000-0000-0000-0000-000000000000");
INSERT INTO SM_EIGN
	VALUES ("0eb2c8d8-1c8e-4037-8dca-6cc0fc3aa1b5",
	"ab043da7-d814-4f0c-84e6-346b65486a65",
	"7155cbee-2ad5-470a-b1c1-837f7f12c176",
	"00000000-0000-0000-0000-000000000000",
	'');
INSERT INTO SM_SEME
	VALUES ("0eb2c8d8-1c8e-4037-8dca-6cc0fc3aa1b5",
	"ab043da7-d814-4f0c-84e6-346b65486a65",
	"7155cbee-2ad5-470a-b1c1-837f7f12c176",
	"00000000-0000-0000-0000-000000000000");
INSERT INTO SM_EIGN
	VALUES ("0eb2c8d8-1c8e-4037-8dca-6cc0fc3aa1b5",
	"8c6051c9-0083-4f59-b7c2-e733d99dc809",
	"7155cbee-2ad5-470a-b1c1-837f7f12c176",
	"00000000-0000-0000-0000-000000000000",
	'');
INSERT INTO SM_SEME
	VALUES ("0eb2c8d8-1c8e-4037-8dca-6cc0fc3aa1b5",
	"8c6051c9-0083-4f59-b7c2-e733d99dc809",
	"7155cbee-2ad5-470a-b1c1-837f7f12c176",
	"00000000-0000-0000-0000-000000000000");
INSERT INTO SM_MOAH
	VALUES ("42078e31-f607-4546-bbe0-ef29de25c489",
	"7155cbee-2ad5-470a-b1c1-837f7f12c176",
	"0eb2c8d8-1c8e-4037-8dca-6cc0fc3aa1b5");
INSERT INTO SM_AH
	VALUES ("42078e31-f607-4546-bbe0-ef29de25c489",
	"7155cbee-2ad5-470a-b1c1-837f7f12c176");
INSERT INTO SM_ACT
	VALUES ("42078e31-f607-4546-bbe0-ef29de25c489",
	"7155cbee-2ad5-470a-b1c1-837f7f12c176",
	1,
	'assign self.beep_count = 0;

cancelled_timer = TIM::timer_cancel(timer_inst_ref:self.beeper_timer);',
	'');
INSERT INTO ACT_SAB
	VALUES ("2541f52f-ca4c-470f-bb9b-8af0e655144c",
	"7155cbee-2ad5-470a-b1c1-837f7f12c176",
	"42078e31-f607-4546-bbe0-ef29de25c489");
INSERT INTO ACT_ACT
	VALUES ("2541f52f-ca4c-470f-bb9b-8af0e655144c",
	'state',
	0,
	"eb8ea307-30ed-49db-a139-30be03a8a5bb",
	"00000000-0000-0000-0000-000000000000",
	0,
	'Beeper::Awaiting Beeper Request',
	"00000000-0000-0000-0000-000000000000");
INSERT INTO ACT_BLK
	VALUES ("eb8ea307-30ed-49db-a139-30be03a8a5bb",
	0,
	0,
	0,
	'TIM',
	'',
	'',
	3,
	1,
	3,
	19,
	0,
	0,
	0,
	0,
	0,
	0,
	0,
	0,
	0,
	"2541f52f-ca4c-470f-bb9b-8af0e655144c",
	"00000000-0000-0000-0000-000000000000");
INSERT INTO ACT_SMT
	VALUES ("bd1d2161-302e-44a7-ab01-6ccc736b0102",
	"eb8ea307-30ed-49db-a139-30be03a8a5bb",
	"e99fdf72-7f20-4427-b71f-11924a0e92ed",
	1,
	1,
	'Beeper::Awaiting Beeper Request line: 1');
INSERT INTO ACT_AI
	VALUES ("bd1d2161-302e-44a7-ab01-6ccc736b0102",
	"4614d061-94ed-4fe5-900e-6b9e39278086",
	"f781f64a-f800-4b43-8085-dea7118ba402",
	0,
	0);
INSERT INTO ACT_SMT
	VALUES ("e99fdf72-7f20-4427-b71f-11924a0e92ed",
	"eb8ea307-30ed-49db-a139-30be03a8a5bb",
	"00000000-0000-0000-0000-000000000000",
	3,
	1,
	'Beeper::Awaiting Beeper Request line: 3');
INSERT INTO ACT_AI
	VALUES ("e99fdf72-7f20-4427-b71f-11924a0e92ed",
	"6d30423e-0767-4375-8b0e-139cf2afb7a1",
	"975e0111-f45a-4e45-91ac-ea9bd4549bec",
	0,
	0);
INSERT INTO V_VAL
	VALUES ("7434b4c5-4bd9-48b8-ab9d-6b77642c8132",
	1,
	0,
	1,
	8,
	11,
	0,
	0,
	0,
	0,
	"ba5eda7a-def5-0000-0000-000000000008",
	"eb8ea307-30ed-49db-a139-30be03a8a5bb");
INSERT INTO V_IRF
	VALUES ("7434b4c5-4bd9-48b8-ab9d-6b77642c8132",
	"f4b87344-efec-4adb-9d08-b91ac806c4f4");
INSERT INTO V_VAL
	VALUES ("f781f64a-f800-4b43-8085-dea7118ba402",
	1,
	0,
	1,
	13,
	22,
	0,
	0,
	0,
	0,
	"ba5eda7a-def5-0000-0000-000000000002",
	"eb8ea307-30ed-49db-a139-30be03a8a5bb");
INSERT INTO V_AVL
	VALUES ("f781f64a-f800-4b43-8085-dea7118ba402",
	"7434b4c5-4bd9-48b8-ab9d-6b77642c8132",
	"4badd275-8325-4e31-9a84-02ee6714c85a",
	"ac2ba4cf-f13e-4801-9337-6bb3a2e2f686");
INSERT INTO V_VAL
	VALUES ("4614d061-94ed-4fe5-900e-6b9e39278086",
	0,
	0,
	1,
	26,
	26,
	0,
	0,
	0,
	0,
	"ba5eda7a-def5-0000-0000-000000000002",
	"eb8ea307-30ed-49db-a139-30be03a8a5bb");
INSERT INTO V_LIN
	VALUES ("4614d061-94ed-4fe5-900e-6b9e39278086",
	'0');
INSERT INTO V_VAL
	VALUES ("975e0111-f45a-4e45-91ac-ea9bd4549bec",
	1,
	1,
	3,
	1,
	15,
	0,
	0,
	0,
	0,
	"ba5eda7a-def5-0000-0000-000000000001",
	"eb8ea307-30ed-49db-a139-30be03a8a5bb");
INSERT INTO V_TVL
	VALUES ("975e0111-f45a-4e45-91ac-ea9bd4549bec",
	"9a1d1e2b-0d46-4b2f-964d-e2db3b1b2d7d");
INSERT INTO V_VAL
	VALUES ("6d30423e-0767-4375-8b0e-139cf2afb7a1",
	0,
	0,
	3,
	24,
	-1,
	3,
	37,
	0,
	0,
	"ba5eda7a-def5-0000-0000-000000000001",
	"eb8ea307-30ed-49db-a139-30be03a8a5bb");
INSERT INTO V_BRV
	VALUES ("6d30423e-0767-4375-8b0e-139cf2afb7a1",
	"6d44871c-9d26-479a-bf61-067a23a8ce19",
	1,
	3,
	19);
INSERT INTO V_VAL
	VALUES ("647ca34a-7d25-42ae-9cde-43b285a03427",
	0,
	0,
	3,
	52,
	55,
	0,
	0,
	0,
	0,
	"ba5eda7a-def5-0000-0000-000000000008",
	"eb8ea307-30ed-49db-a139-30be03a8a5bb");
INSERT INTO V_IRF
	VALUES ("647ca34a-7d25-42ae-9cde-43b285a03427",
	"f4b87344-efec-4adb-9d08-b91ac806c4f4");
INSERT INTO V_VAL
	VALUES ("c1e604d3-4da9-4e59-8d10-2c206982ced3",
	0,
	0,
	3,
	57,
	68,
	0,
	0,
	0,
	0,
	"ba5eda7a-def5-0000-0000-00000000000f",
	"eb8ea307-30ed-49db-a139-30be03a8a5bb");
INSERT INTO V_AVL
	VALUES ("c1e604d3-4da9-4e59-8d10-2c206982ced3",
	"647ca34a-7d25-42ae-9cde-43b285a03427",
	"4badd275-8325-4e31-9a84-02ee6714c85a",
	"73c7857d-9a6b-4b66-998a-eea4c267f33e");
INSERT INTO V_PAR
	VALUES ("c1e604d3-4da9-4e59-8d10-2c206982ced3",
	"00000000-0000-0000-0000-000000000000",
	"6d30423e-0767-4375-8b0e-139cf2afb7a1",
	'timer_inst_ref',
	"00000000-0000-0000-0000-000000000000",
	3,
	37);
INSERT INTO V_VAR
	VALUES ("f4b87344-efec-4adb-9d08-b91ac806c4f4",
	"eb8ea307-30ed-49db-a139-30be03a8a5bb",
	'self',
	1,
	"ba5eda7a-def5-0000-0000-000000000008");
INSERT INTO V_INT
	VALUES ("f4b87344-efec-4adb-9d08-b91ac806c4f4",
	0,
	"4badd275-8325-4e31-9a84-02ee6714c85a");
INSERT INTO V_LOC
	VALUES ("ae06104d-9042-45c5-98c2-568937c4d521",
	1,
	8,
	11,
	"f4b87344-efec-4adb-9d08-b91ac806c4f4");
INSERT INTO V_LOC
	VALUES ("3b05c910-8616-4d5e-8d19-df19fc9e85f7",
	3,
	52,
	55,
	"f4b87344-efec-4adb-9d08-b91ac806c4f4");
INSERT INTO V_VAR
	VALUES ("9a1d1e2b-0d46-4b2f-964d-e2db3b1b2d7d",
	"eb8ea307-30ed-49db-a139-30be03a8a5bb",
	'cancelled_timer',
	1,
	"ba5eda7a-def5-0000-0000-000000000001");
INSERT INTO V_TRN
	VALUES ("9a1d1e2b-0d46-4b2f-964d-e2db3b1b2d7d",
	"00000000-0000-0000-0000-000000000000",
	'');
INSERT INTO V_LOC
	VALUES ("2940578f-b615-43fe-9564-a598bd90fb22",
	3,
	1,
	15,
	"9a1d1e2b-0d46-4b2f-964d-e2db3b1b2d7d");
INSERT INTO SM_STATE
	VALUES ("7cdac7db-f41a-4d5f-885b-ee72b2a5e9e0",
	"7155cbee-2ad5-470a-b1c1-837f7f12c176",
	"00000000-0000-0000-0000-000000000000",
	'Beeping',
	2,
	0);
INSERT INTO SM_EIGN
	VALUES ("7cdac7db-f41a-4d5f-885b-ee72b2a5e9e0",
	"6e126090-24d2-4721-9a82-33eaefb8e664",
	"7155cbee-2ad5-470a-b1c1-837f7f12c176",
	"00000000-0000-0000-0000-000000000000",
	'');
INSERT INTO SM_SEME
	VALUES ("7cdac7db-f41a-4d5f-885b-ee72b2a5e9e0",
	"6e126090-24d2-4721-9a82-33eaefb8e664",
	"7155cbee-2ad5-470a-b1c1-837f7f12c176",
	"00000000-0000-0000-0000-000000000000");
INSERT INTO SM_SEME
	VALUES ("7cdac7db-f41a-4d5f-885b-ee72b2a5e9e0",
	"caef799a-01a7-4183-ae22-bbb76f931cf2",
	"7155cbee-2ad5-470a-b1c1-837f7f12c176",
	"00000000-0000-0000-0000-000000000000");
INSERT INTO SM_SEME
	VALUES ("7cdac7db-f41a-4d5f-885b-ee72b2a5e9e0",
	"ab043da7-d814-4f0c-84e6-346b65486a65",
	"7155cbee-2ad5-470a-b1c1-837f7f12c176",
	"00000000-0000-0000-0000-000000000000");
INSERT INTO SM_SEME
	VALUES ("7cdac7db-f41a-4d5f-885b-ee72b2a5e9e0",
	"8c6051c9-0083-4f59-b7c2-e733d99dc809",
	"7155cbee-2ad5-470a-b1c1-837f7f12c176",
	"00000000-0000-0000-0000-000000000000");
INSERT INTO SM_MOAH
	VALUES ("2e1c2939-d6ca-4186-b8a3-2ab91a33f512",
	"7155cbee-2ad5-470a-b1c1-837f7f12c176",
	"7cdac7db-f41a-4d5f-885b-ee72b2a5e9e0");
INSERT INTO SM_AH
	VALUES ("2e1c2939-d6ca-4186-b8a3-2ab91a33f512",
	"7155cbee-2ad5-470a-b1c1-837f7f12c176");
INSERT INTO SM_ACT
	VALUES ("2e1c2939-d6ca-4186-b8a3-2ab91a33f512",
	"7155cbee-2ad5-470a-b1c1-837f7f12c176",
	1,
	'if (self.beep_count == 0) // beeper yet to begin

   create event instance delay_over of MO_B2:''beep_delay_over'' to self;
   assign self.beeper_delay_over = delay_over;
   assign self.beeper_timer = TIM::timer_start(microseconds:100000,event_inst:self.beeper_delay_over);

elif (self.beep_count == 4) // last beep 

   generate MO_B3:''beeping_stopped'' to self;
   select one oven related by self->MO_O[R3];
   generate MO_O6:''beeping_over'' to oven;

else

   assign self.beeper_timer = TIM::timer_start(microseconds:100000,event_inst:self.beeper_delay_over);

end if;

assign self.beep_count = self.beep_count + 1;
',
	'');
INSERT INTO ACT_SAB
	VALUES ("5dd0dc4d-19fe-4f45-86c8-9a4aa1a1379c",
	"7155cbee-2ad5-470a-b1c1-837f7f12c176",
	"2e1c2939-d6ca-4186-b8a3-2ab91a33f512");
INSERT INTO ACT_ACT
	VALUES ("5dd0dc4d-19fe-4f45-86c8-9a4aa1a1379c",
	'state',
	0,
	"fc270cca-541b-4431-9b5e-9d4a5a269ee1",
	"00000000-0000-0000-0000-000000000000",
	0,
	'Beeper::Beeping',
	"00000000-0000-0000-0000-000000000000");
INSERT INTO ACT_BLK
	VALUES ("fc270cca-541b-4431-9b5e-9d4a5a269ee1",
	0,
	0,
	0,
	'',
	'',
	'',
	19,
	1,
	0,
	0,
	0,
	0,
	0,
	0,
	0,
	0,
	0,
	0,
	0,
	"5dd0dc4d-19fe-4f45-86c8-9a4aa1a1379c",
	"00000000-0000-0000-0000-000000000000");
INSERT INTO ACT_SMT
	VALUES ("a0d51f07-3571-414a-b756-325ccc24b162",
	"fc270cca-541b-4431-9b5e-9d4a5a269ee1",
	"ea981d72-ce2e-43e4-91f7-3e34549445d1",
	1,
	1,
	'Beeper::Beeping line: 1');
INSERT INTO ACT_IF
	VALUES ("a0d51f07-3571-414a-b756-325ccc24b162",
	"d83245a3-2265-4546-8dad-07f2a2cc9c4a",
	"62e55ade-6f81-453b-b964-1b5f5190615e",
	"00000000-0000-0000-0000-000000000000",
	"00000000-0000-0000-0000-000000000000");
INSERT INTO ACT_SMT
	VALUES ("e6d30a7d-1780-446b-bf62-346a645558bb",
	"fc270cca-541b-4431-9b5e-9d4a5a269ee1",
	"00000000-0000-0000-0000-000000000000",
	7,
	1,
	'Beeper::Beeping line: 7');
INSERT INTO ACT_EL
	VALUES ("e6d30a7d-1780-446b-bf62-346a645558bb",
	"58deafc2-4fd7-4a0b-9b75-a204b38aa6c5",
	"01f9feb9-af61-4996-9bb5-502a45d03136",
	"a0d51f07-3571-414a-b756-325ccc24b162");
INSERT INTO ACT_SMT
	VALUES ("12a47032-0813-4852-98c5-098e68f76186",
	"fc270cca-541b-4431-9b5e-9d4a5a269ee1",
	"00000000-0000-0000-0000-000000000000",
	13,
	1,
	'Beeper::Beeping line: 13');
INSERT INTO ACT_E
	VALUES ("12a47032-0813-4852-98c5-098e68f76186",
	"977534e6-edef-48be-9d34-3d86c50a7ee8",
	"a0d51f07-3571-414a-b756-325ccc24b162");
INSERT INTO ACT_SMT
	VALUES ("ea981d72-ce2e-43e4-91f7-3e34549445d1",
	"fc270cca-541b-4431-9b5e-9d4a5a269ee1",
	"00000000-0000-0000-0000-000000000000",
	19,
	1,
	'Beeper::Beeping line: 19');
INSERT INTO ACT_AI
	VALUES ("ea981d72-ce2e-43e4-91f7-3e34549445d1",
	"2a879799-3d32-4f32-a11b-29848973aeaa",
	"8eed9c81-d8be-461c-8b04-2cad4d8ae582",
	0,
	0);
INSERT INTO V_VAL
	VALUES ("6935de60-c371-4cc8-9ce0-1f225d79b69f",
	0,
	0,
	1,
	5,
	8,
	0,
	0,
	0,
	0,
	"ba5eda7a-def5-0000-0000-000000000008",
	"fc270cca-541b-4431-9b5e-9d4a5a269ee1");
INSERT INTO V_IRF
	VALUES ("6935de60-c371-4cc8-9ce0-1f225d79b69f",
	"4ea11cc2-5d23-4271-b940-fc08d928fe47");
INSERT INTO V_VAL
	VALUES ("bb2a2c64-ea4b-4a9a-ab7e-468b878a87a8",
	0,
	0,
	1,
	10,
	19,
	0,
	0,
	0,
	0,
	"ba5eda7a-def5-0000-0000-000000000002",
	"fc270cca-541b-4431-9b5e-9d4a5a269ee1");
INSERT INTO V_AVL
	VALUES ("bb2a2c64-ea4b-4a9a-ab7e-468b878a87a8",
	"6935de60-c371-4cc8-9ce0-1f225d79b69f",
	"4badd275-8325-4e31-9a84-02ee6714c85a",
	"ac2ba4cf-f13e-4801-9337-6bb3a2e2f686");
INSERT INTO V_VAL
	VALUES ("62e55ade-6f81-453b-b964-1b5f5190615e",
	0,
	0,
	-1,
	-1,
	-1,
	0,
	0,
	0,
	0,
	"ba5eda7a-def5-0000-0000-000000000001",
	"fc270cca-541b-4431-9b5e-9d4a5a269ee1");
INSERT INTO V_BIN
	VALUES ("62e55ade-6f81-453b-b964-1b5f5190615e",
	"10cd5a24-0bf2-4a6f-b80f-f4d65184447b",
	"bb2a2c64-ea4b-4a9a-ab7e-468b878a87a8",
	'==');
INSERT INTO V_VAL
	VALUES ("10cd5a24-0bf2-4a6f-b80f-f4d65184447b",
	0,
	0,
	1,
	24,
	24,
	0,
	0,
	0,
	0,
	"ba5eda7a-def5-0000-0000-000000000002",
	"fc270cca-541b-4431-9b5e-9d4a5a269ee1");
INSERT INTO V_LIN
	VALUES ("10cd5a24-0bf2-4a6f-b80f-f4d65184447b",
	'0');
INSERT INTO V_VAL
	VALUES ("d1811c3b-01cc-49ed-9745-896a32fd9158",
	0,
	0,
	7,
	7,
	10,
	0,
	0,
	0,
	0,
	"ba5eda7a-def5-0000-0000-000000000008",
	"fc270cca-541b-4431-9b5e-9d4a5a269ee1");
INSERT INTO V_IRF
	VALUES ("d1811c3b-01cc-49ed-9745-896a32fd9158",
	"4ea11cc2-5d23-4271-b940-fc08d928fe47");
INSERT INTO V_VAL
	VALUES ("fcf96a66-f54b-4580-8651-765670ea9610",
	0,
	0,
	7,
	12,
	21,
	0,
	0,
	0,
	0,
	"ba5eda7a-def5-0000-0000-000000000002",
	"fc270cca-541b-4431-9b5e-9d4a5a269ee1");
INSERT INTO V_AVL
	VALUES ("fcf96a66-f54b-4580-8651-765670ea9610",
	"d1811c3b-01cc-49ed-9745-896a32fd9158",
	"4badd275-8325-4e31-9a84-02ee6714c85a",
	"ac2ba4cf-f13e-4801-9337-6bb3a2e2f686");
INSERT INTO V_VAL
	VALUES ("01f9feb9-af61-4996-9bb5-502a45d03136",
	0,
	0,
	-1,
	-1,
	-1,
	0,
	0,
	0,
	0,
	"ba5eda7a-def5-0000-0000-000000000001",
	"fc270cca-541b-4431-9b5e-9d4a5a269ee1");
INSERT INTO V_BIN
	VALUES ("01f9feb9-af61-4996-9bb5-502a45d03136",
	"22db584e-82e8-4f56-9f82-f4b632030bd8",
	"fcf96a66-f54b-4580-8651-765670ea9610",
	'==');
INSERT INTO V_VAL
	VALUES ("22db584e-82e8-4f56-9f82-f4b632030bd8",
	0,
	0,
	7,
	26,
	26,
	0,
	0,
	0,
	0,
	"ba5eda7a-def5-0000-0000-000000000002",
	"fc270cca-541b-4431-9b5e-9d4a5a269ee1");
INSERT INTO V_LIN
	VALUES ("22db584e-82e8-4f56-9f82-f4b632030bd8",
	'4');
INSERT INTO V_VAL
	VALUES ("8418ae58-f60c-4588-8d19-1894bfb1f6bf",
	1,
	0,
	19,
	8,
	11,
	0,
	0,
	0,
	0,
	"ba5eda7a-def5-0000-0000-000000000008",
	"fc270cca-541b-4431-9b5e-9d4a5a269ee1");
INSERT INTO V_IRF
	VALUES ("8418ae58-f60c-4588-8d19-1894bfb1f6bf",
	"4ea11cc2-5d23-4271-b940-fc08d928fe47");
INSERT INTO V_VAL
	VALUES ("8eed9c81-d8be-461c-8b04-2cad4d8ae582",
	1,
	0,
	19,
	13,
	22,
	0,
	0,
	0,
	0,
	"ba5eda7a-def5-0000-0000-000000000002",
	"fc270cca-541b-4431-9b5e-9d4a5a269ee1");
INSERT INTO V_AVL
	VALUES ("8eed9c81-d8be-461c-8b04-2cad4d8ae582",
	"8418ae58-f60c-4588-8d19-1894bfb1f6bf",
	"4badd275-8325-4e31-9a84-02ee6714c85a",
	"ac2ba4cf-f13e-4801-9337-6bb3a2e2f686");
INSERT INTO V_VAL
	VALUES ("1bf8e742-ed99-4d2b-9a19-0757ae4bbfab",
	0,
	0,
	19,
	26,
	29,
	0,
	0,
	0,
	0,
	"ba5eda7a-def5-0000-0000-000000000008",
	"fc270cca-541b-4431-9b5e-9d4a5a269ee1");
INSERT INTO V_IRF
	VALUES ("1bf8e742-ed99-4d2b-9a19-0757ae4bbfab",
	"4ea11cc2-5d23-4271-b940-fc08d928fe47");
INSERT INTO V_VAL
	VALUES ("d0c5fd51-3bc8-4e5d-816a-80a007c15110",
	0,
	0,
	19,
	31,
	40,
	0,
	0,
	0,
	0,
	"ba5eda7a-def5-0000-0000-000000000002",
	"fc270cca-541b-4431-9b5e-9d4a5a269ee1");
INSERT INTO V_AVL
	VALUES ("d0c5fd51-3bc8-4e5d-816a-80a007c15110",
	"1bf8e742-ed99-4d2b-9a19-0757ae4bbfab",
	"4badd275-8325-4e31-9a84-02ee6714c85a",
	"ac2ba4cf-f13e-4801-9337-6bb3a2e2f686");
INSERT INTO V_VAL
	VALUES ("2a879799-3d32-4f32-a11b-29848973aeaa",
	0,
	0,
	-1,
	-1,
	-1,
	0,
	0,
	0,
	0,
	"ba5eda7a-def5-0000-0000-000000000002",
	"fc270cca-541b-4431-9b5e-9d4a5a269ee1");
INSERT INTO V_BIN
	VALUES ("2a879799-3d32-4f32-a11b-29848973aeaa",
	"15ee5ab3-a3b3-499d-9073-f24e8aba0339",
	"d0c5fd51-3bc8-4e5d-816a-80a007c15110",
	'+');
INSERT INTO V_VAL
	VALUES ("15ee5ab3-a3b3-499d-9073-f24e8aba0339",
	0,
	0,
	19,
	44,
	44,
	0,
	0,
	0,
	0,
	"ba5eda7a-def5-0000-0000-000000000002",
	"fc270cca-541b-4431-9b5e-9d4a5a269ee1");
INSERT INTO V_LIN
	VALUES ("15ee5ab3-a3b3-499d-9073-f24e8aba0339",
	'1');
INSERT INTO V_VAR
	VALUES ("4ea11cc2-5d23-4271-b940-fc08d928fe47",
	"fc270cca-541b-4431-9b5e-9d4a5a269ee1",
	'self',
	1,
	"ba5eda7a-def5-0000-0000-000000000008");
INSERT INTO V_INT
	VALUES ("4ea11cc2-5d23-4271-b940-fc08d928fe47",
	0,
	"4badd275-8325-4e31-9a84-02ee6714c85a");
INSERT INTO V_LOC
	VALUES ("ec1888c2-3005-42dc-9065-5e8f41efcc2b",
	1,
	5,
	8,
	"4ea11cc2-5d23-4271-b940-fc08d928fe47");
INSERT INTO V_LOC
	VALUES ("f461927e-92eb-4f4d-8db5-a24ec433dde8",
	3,
	67,
	70,
	"4ea11cc2-5d23-4271-b940-fc08d928fe47");
INSERT INTO V_LOC
	VALUES ("e9f848ba-4303-4333-956b-eb757702ef7a",
	4,
	11,
	14,
	"4ea11cc2-5d23-4271-b940-fc08d928fe47");
INSERT INTO V_LOC
	VALUES ("7389b964-1cb0-4b40-8a36-4bcb62efe59a",
	5,
	11,
	14,
	"4ea11cc2-5d23-4271-b940-fc08d928fe47");
INSERT INTO V_LOC
	VALUES ("d75877b1-7287-4513-8ee3-9efb160d0443",
	5,
	79,
	82,
	"4ea11cc2-5d23-4271-b940-fc08d928fe47");
INSERT INTO V_LOC
	VALUES ("2ed336e8-0f77-4ba6-9155-bc979f4efdaa",
	7,
	7,
	10,
	"4ea11cc2-5d23-4271-b940-fc08d928fe47");
INSERT INTO V_LOC
	VALUES ("d60608f8-6175-478d-aa7a-3b66459bf8fa",
	9,
	40,
	43,
	"4ea11cc2-5d23-4271-b940-fc08d928fe47");
INSERT INTO V_LOC
	VALUES ("c7e18076-8c63-4f74-bce1-5bfb4d9285c7",
	15,
	11,
	14,
	"4ea11cc2-5d23-4271-b940-fc08d928fe47");
INSERT INTO V_LOC
	VALUES ("2d7e3bab-c981-4156-a59e-cf8d1d9c099e",
	15,
	79,
	82,
	"4ea11cc2-5d23-4271-b940-fc08d928fe47");
INSERT INTO V_LOC
	VALUES ("e7c53e6f-1b40-40f5-bc53-131f0920beef",
	19,
	8,
	11,
	"4ea11cc2-5d23-4271-b940-fc08d928fe47");
INSERT INTO V_LOC
	VALUES ("34cba974-5f7c-4edd-8bff-8caac33ba005",
	19,
	26,
	29,
	"4ea11cc2-5d23-4271-b940-fc08d928fe47");
INSERT INTO ACT_BLK
	VALUES ("d83245a3-2265-4546-8dad-07f2a2cc9c4a",
	0,
	0,
	0,
	'TIM',
	'',
	'',
	5,
	4,
	5,
	31,
	0,
	0,
	0,
	0,
	0,
	0,
	0,
	0,
	0,
	"5dd0dc4d-19fe-4f45-86c8-9a4aa1a1379c",
	"00000000-0000-0000-0000-000000000000");
INSERT INTO ACT_SMT
	VALUES ("61babefb-f12c-4371-9c98-6f4f3cd0f1c2",
	"d83245a3-2265-4546-8dad-07f2a2cc9c4a",
	"3b989f80-d279-4c86-845d-44d51caf6497",
	3,
	4,
	'Beeper::Beeping line: 3');
INSERT INTO E_ESS
	VALUES ("61babefb-f12c-4371-9c98-6f4f3cd0f1c2",
	1,
	0,
	3,
	40,
	3,
	46,
	0,
	0,
	0,
	0,
	0,
	0);
INSERT INTO E_CES
	VALUES ("61babefb-f12c-4371-9c98-6f4f3cd0f1c2",
	1,
	"e284f676-4f7a-477b-a675-748b27cc72b2");
INSERT INTO E_CSME
	VALUES ("61babefb-f12c-4371-9c98-6f4f3cd0f1c2",
	"caef799a-01a7-4183-ae22-bbb76f931cf2");
INSERT INTO E_CEI
	VALUES ("61babefb-f12c-4371-9c98-6f4f3cd0f1c2",
	"4ea11cc2-5d23-4271-b940-fc08d928fe47");
INSERT INTO ACT_SMT
	VALUES ("3b989f80-d279-4c86-845d-44d51caf6497",
	"d83245a3-2265-4546-8dad-07f2a2cc9c4a",
	"c9e08dc1-f261-4cdf-9c38-b30e9486158b",
	4,
	4,
	'Beeper::Beeping line: 4');
INSERT INTO ACT_AI
	VALUES ("3b989f80-d279-4c86-845d-44d51caf6497",
	"384e0967-55df-4495-9116-a57118ebc5d8",
	"9e584851-f806-40aa-b9ca-be2d0735580e",
	0,
	0);
INSERT INTO ACT_SMT
	VALUES ("c9e08dc1-f261-4cdf-9c38-b30e9486158b",
	"d83245a3-2265-4546-8dad-07f2a2cc9c4a",
	"00000000-0000-0000-0000-000000000000",
	5,
	4,
	'Beeper::Beeping line: 5');
INSERT INTO ACT_AI
	VALUES ("c9e08dc1-f261-4cdf-9c38-b30e9486158b",
	"156a2601-2a75-4759-a73f-8a560c33166f",
	"472e091b-c0a1-400a-8e60-4d940367288f",
	0,
	0);
INSERT INTO V_VAL
	VALUES ("bc928796-e6a1-4228-8b00-c2a5a7d72f9e",
	1,
	0,
	4,
	11,
	14,
	0,
	0,
	0,
	0,
	"ba5eda7a-def5-0000-0000-000000000008",
	"d83245a3-2265-4546-8dad-07f2a2cc9c4a");
INSERT INTO V_IRF
	VALUES ("bc928796-e6a1-4228-8b00-c2a5a7d72f9e",
	"4ea11cc2-5d23-4271-b940-fc08d928fe47");
INSERT INTO V_VAL
	VALUES ("9e584851-f806-40aa-b9ca-be2d0735580e",
	1,
	0,
	4,
	16,
	32,
	0,
	0,
	0,
	0,
	"ba5eda7a-def5-0000-0000-00000000000a",
	"d83245a3-2265-4546-8dad-07f2a2cc9c4a");
INSERT INTO V_AVL
	VALUES ("9e584851-f806-40aa-b9ca-be2d0735580e",
	"bc928796-e6a1-4228-8b00-c2a5a7d72f9e",
	"4badd275-8325-4e31-9a84-02ee6714c85a",
	"823345de-29f4-47c8-805b-8c943f512aed");
INSERT INTO V_VAL
	VALUES ("384e0967-55df-4495-9116-a57118ebc5d8",
	0,
	0,
	4,
	36,
	45,
	0,
	0,
	0,
	0,
	"ba5eda7a-def5-0000-0000-00000000000a",
	"d83245a3-2265-4546-8dad-07f2a2cc9c4a");
INSERT INTO V_TVL
	VALUES ("384e0967-55df-4495-9116-a57118ebc5d8",
	"e284f676-4f7a-477b-a675-748b27cc72b2");
INSERT INTO V_VAL
	VALUES ("bd8fe089-c396-4b66-845a-3d701e9cfe3b",
	1,
	0,
	5,
	11,
	14,
	0,
	0,
	0,
	0,
	"ba5eda7a-def5-0000-0000-000000000008",
	"d83245a3-2265-4546-8dad-07f2a2cc9c4a");
INSERT INTO V_IRF
	VALUES ("bd8fe089-c396-4b66-845a-3d701e9cfe3b",
	"4ea11cc2-5d23-4271-b940-fc08d928fe47");
INSERT INTO V_VAL
	VALUES ("472e091b-c0a1-400a-8e60-4d940367288f",
	1,
	0,
	5,
	16,
	27,
	0,
	0,
	0,
	0,
	"ba5eda7a-def5-0000-0000-00000000000f",
	"d83245a3-2265-4546-8dad-07f2a2cc9c4a");
INSERT INTO V_AVL
	VALUES ("472e091b-c0a1-400a-8e60-4d940367288f",
	"bd8fe089-c396-4b66-845a-3d701e9cfe3b",
	"4badd275-8325-4e31-9a84-02ee6714c85a",
	"73c7857d-9a6b-4b66-998a-eea4c267f33e");
INSERT INTO V_VAL
	VALUES ("156a2601-2a75-4759-a73f-8a560c33166f",
	0,
	0,
	5,
	36,
	-1,
	5,
	48,
	5,
	68,
	"ba5eda7a-def5-0000-0000-00000000000f",
	"d83245a3-2265-4546-8dad-07f2a2cc9c4a");
INSERT INTO V_BRV
	VALUES ("156a2601-2a75-4759-a73f-8a560c33166f",
	"03a46075-6e6b-44a0-9203-72f9ef1b94a2",
	1,
	5,
	31);
INSERT INTO V_VAL
	VALUES ("032354d4-8b14-48f1-bddd-f9889eb8e0d7",
	0,
	0,
	5,
	61,
	66,
	0,
	0,
	0,
	0,
	"ba5eda7a-def5-0000-0000-000000000002",
	"d83245a3-2265-4546-8dad-07f2a2cc9c4a");
INSERT INTO V_LIN
	VALUES ("032354d4-8b14-48f1-bddd-f9889eb8e0d7",
	'100000');
INSERT INTO V_PAR
	VALUES ("032354d4-8b14-48f1-bddd-f9889eb8e0d7",
	"00000000-0000-0000-0000-000000000000",
	"156a2601-2a75-4759-a73f-8a560c33166f",
	'microseconds',
	"aed93fc6-67a7-40af-a857-9d87d54ffb4f",
	5,
	48);
INSERT INTO V_VAL
	VALUES ("a90b91c2-aa2e-4151-a7db-fdea1906b42d",
	0,
	0,
	5,
	79,
	82,
	0,
	0,
	0,
	0,
	"ba5eda7a-def5-0000-0000-000000000008",
	"d83245a3-2265-4546-8dad-07f2a2cc9c4a");
INSERT INTO V_IRF
	VALUES ("a90b91c2-aa2e-4151-a7db-fdea1906b42d",
	"4ea11cc2-5d23-4271-b940-fc08d928fe47");
INSERT INTO V_VAL
	VALUES ("aed93fc6-67a7-40af-a857-9d87d54ffb4f",
	0,
	0,
	5,
	84,
	100,
	0,
	0,
	0,
	0,
	"ba5eda7a-def5-0000-0000-00000000000a",
	"d83245a3-2265-4546-8dad-07f2a2cc9c4a");
INSERT INTO V_AVL
	VALUES ("aed93fc6-67a7-40af-a857-9d87d54ffb4f",
	"a90b91c2-aa2e-4151-a7db-fdea1906b42d",
	"4badd275-8325-4e31-9a84-02ee6714c85a",
	"823345de-29f4-47c8-805b-8c943f512aed");
INSERT INTO V_PAR
	VALUES ("aed93fc6-67a7-40af-a857-9d87d54ffb4f",
	"00000000-0000-0000-0000-000000000000",
	"156a2601-2a75-4759-a73f-8a560c33166f",
	'event_inst',
	"00000000-0000-0000-0000-000000000000",
	5,
	68);
INSERT INTO V_VAR
	VALUES ("e284f676-4f7a-477b-a675-748b27cc72b2",
	"d83245a3-2265-4546-8dad-07f2a2cc9c4a",
	'delay_over',
	1,
	"ba5eda7a-def5-0000-0000-00000000000a");
INSERT INTO V_TRN
	VALUES ("e284f676-4f7a-477b-a675-748b27cc72b2",
	"00000000-0000-0000-0000-000000000000",
	'');
INSERT INTO V_LOC
	VALUES ("f209935d-5601-4fb5-b453-270868c7fbe5",
	3,
	26,
	35,
	"e284f676-4f7a-477b-a675-748b27cc72b2");
INSERT INTO V_LOC
	VALUES ("240f9562-f01d-441b-aacb-ac461cbf451b",
	4,
	36,
	45,
	"e284f676-4f7a-477b-a675-748b27cc72b2");
INSERT INTO ACT_BLK
	VALUES ("58deafc2-4fd7-4a0b-9b75-a204b38aa6c5",
	1,
	0,
	0,
	'V_VAR.Var_ID',
	'',
	'',
	11,
	4,
	10,
	37,
	0,
	0,
	10,
	42,
	0,
	0,
	0,
	0,
	0,
	"5dd0dc4d-19fe-4f45-86c8-9a4aa1a1379c",
	"00000000-0000-0000-0000-000000000000");
INSERT INTO ACT_SMT
	VALUES ("efa1a106-023f-4537-8887-014041cf98ca",
	"58deafc2-4fd7-4a0b-9b75-a204b38aa6c5",
	"8adcd1db-870a-4961-8eb4-5ce6519fe72e",
	9,
	4,
	'Beeper::Beeping line: 9');
INSERT INTO E_ESS
	VALUES ("efa1a106-023f-4537-8887-014041cf98ca",
	1,
	0,
	9,
	13,
	9,
	19,
	0,
	0,
	0,
	0,
	0,
	0);
INSERT INTO E_GES
	VALUES ("efa1a106-023f-4537-8887-014041cf98ca");
INSERT INTO E_GSME
	VALUES ("efa1a106-023f-4537-8887-014041cf98ca",
	"ab043da7-d814-4f0c-84e6-346b65486a65");
INSERT INTO E_GEN
	VALUES ("efa1a106-023f-4537-8887-014041cf98ca",
	"4ea11cc2-5d23-4271-b940-fc08d928fe47");
INSERT INTO ACT_SMT
	VALUES ("8adcd1db-870a-4961-8eb4-5ce6519fe72e",
	"58deafc2-4fd7-4a0b-9b75-a204b38aa6c5",
	"30d34f74-6893-41a1-87d9-955f35f133a9",
	10,
	4,
	'Beeper::Beeping line: 10');
INSERT INTO ACT_SEL
	VALUES ("8adcd1db-870a-4961-8eb4-5ce6519fe72e",
	"7857ec03-d2ee-453d-9120-c60945930d0c",
	1,
	'one',
	"0204016e-8ddd-4282-987c-70e7675e22ca");
INSERT INTO ACT_SR
	VALUES ("8adcd1db-870a-4961-8eb4-5ce6519fe72e");
INSERT INTO ACT_LNK
	VALUES ("b3f5d17d-c13c-454a-91bc-dc85dcf4689b",
	'',
	"8adcd1db-870a-4961-8eb4-5ce6519fe72e",
	"33512c33-37fa-451c-aa48-6d09c7b2846c",
	"00000000-0000-0000-0000-000000000000",
	2,
	"d41fedf9-3f2c-4216-96e0-94838ac603b1",
	10,
	37,
	10,
	42,
	0,
	0);
INSERT INTO ACT_SMT
	VALUES ("30d34f74-6893-41a1-87d9-955f35f133a9",
	"58deafc2-4fd7-4a0b-9b75-a204b38aa6c5",
	"00000000-0000-0000-0000-000000000000",
	11,
	4,
	'Beeper::Beeping line: 11');
INSERT INTO E_ESS
	VALUES ("30d34f74-6893-41a1-87d9-955f35f133a9",
	1,
	0,
	11,
	13,
	11,
	19,
	10,
	37,
	0,
	0,
	0,
	0);
INSERT INTO E_GES
	VALUES ("30d34f74-6893-41a1-87d9-955f35f133a9");
INSERT INTO E_GSME
	VALUES ("30d34f74-6893-41a1-87d9-955f35f133a9",
	"e4561275-8bc9-4388-bc04-20e677d02903");
INSERT INTO E_GEN
	VALUES ("30d34f74-6893-41a1-87d9-955f35f133a9",
	"7857ec03-d2ee-453d-9120-c60945930d0c");
INSERT INTO V_VAL
	VALUES ("0204016e-8ddd-4282-987c-70e7675e22ca",
	0,
	0,
	10,
	31,
	34,
	0,
	0,
	0,
	0,
	"ba5eda7a-def5-0000-0000-000000000008",
	"58deafc2-4fd7-4a0b-9b75-a204b38aa6c5");
INSERT INTO V_IRF
	VALUES ("0204016e-8ddd-4282-987c-70e7675e22ca",
	"4ea11cc2-5d23-4271-b940-fc08d928fe47");
INSERT INTO V_VAR
	VALUES ("7857ec03-d2ee-453d-9120-c60945930d0c",
	"58deafc2-4fd7-4a0b-9b75-a204b38aa6c5",
	'oven',
	1,
	"ba5eda7a-def5-0000-0000-000000000008");
INSERT INTO V_INT
	VALUES ("7857ec03-d2ee-453d-9120-c60945930d0c",
	0,
	"d41fedf9-3f2c-4216-96e0-94838ac603b1");
INSERT INTO V_LOC
	VALUES ("4e293e19-2617-4a24-bb64-912e4adb4a08",
	10,
	15,
	18,
	"7857ec03-d2ee-453d-9120-c60945930d0c");
INSERT INTO V_LOC
	VALUES ("9b3236cc-bd4f-4c3d-a666-4115ba58cd7e",
	11,
	37,
	40,
	"7857ec03-d2ee-453d-9120-c60945930d0c");
INSERT INTO ACT_BLK
	VALUES ("977534e6-edef-48be-9d34-3d86c50a7ee8",
	0,
	0,
	0,
	'TIM',
	'',
	'',
	15,
	4,
	15,
	31,
	0,
	0,
	0,
	0,
	0,
	0,
	0,
	0,
	0,
	"5dd0dc4d-19fe-4f45-86c8-9a4aa1a1379c",
	"00000000-0000-0000-0000-000000000000");
INSERT INTO ACT_SMT
	VALUES ("6a7cf82a-b0d7-4109-b8c8-066da1a400b6",
	"977534e6-edef-48be-9d34-3d86c50a7ee8",
	"00000000-0000-0000-0000-000000000000",
	15,
	4,
	'Beeper::Beeping line: 15');
INSERT INTO ACT_AI
	VALUES ("6a7cf82a-b0d7-4109-b8c8-066da1a400b6",
	"2f85831a-53e9-4842-80f1-e2f0ae14eff3",
	"04006d73-d8e0-4cdf-a2ea-86001c69f7d5",
	0,
	0);
INSERT INTO V_VAL
	VALUES ("f081e898-9a06-4da6-b6da-f1c96729ce10",
	1,
	0,
	15,
	11,
	14,
	0,
	0,
	0,
	0,
	"ba5eda7a-def5-0000-0000-000000000008",
	"977534e6-edef-48be-9d34-3d86c50a7ee8");
INSERT INTO V_IRF
	VALUES ("f081e898-9a06-4da6-b6da-f1c96729ce10",
	"4ea11cc2-5d23-4271-b940-fc08d928fe47");
INSERT INTO V_VAL
	VALUES ("04006d73-d8e0-4cdf-a2ea-86001c69f7d5",
	1,
	0,
	15,
	16,
	27,
	0,
	0,
	0,
	0,
	"ba5eda7a-def5-0000-0000-00000000000f",
	"977534e6-edef-48be-9d34-3d86c50a7ee8");
INSERT INTO V_AVL
	VALUES ("04006d73-d8e0-4cdf-a2ea-86001c69f7d5",
	"f081e898-9a06-4da6-b6da-f1c96729ce10",
	"4badd275-8325-4e31-9a84-02ee6714c85a",
	"73c7857d-9a6b-4b66-998a-eea4c267f33e");
INSERT INTO V_VAL
	VALUES ("2f85831a-53e9-4842-80f1-e2f0ae14eff3",
	0,
	0,
	15,
	36,
	-1,
	15,
	48,
	15,
	68,
	"ba5eda7a-def5-0000-0000-00000000000f",
	"977534e6-edef-48be-9d34-3d86c50a7ee8");
INSERT INTO V_BRV
	VALUES ("2f85831a-53e9-4842-80f1-e2f0ae14eff3",
	"03a46075-6e6b-44a0-9203-72f9ef1b94a2",
	1,
	15,
	31);
INSERT INTO V_VAL
	VALUES ("c238a313-7839-4648-b835-fa17d63a21ff",
	0,
	0,
	15,
	61,
	66,
	0,
	0,
	0,
	0,
	"ba5eda7a-def5-0000-0000-000000000002",
	"977534e6-edef-48be-9d34-3d86c50a7ee8");
INSERT INTO V_LIN
	VALUES ("c238a313-7839-4648-b835-fa17d63a21ff",
	'100000');
INSERT INTO V_PAR
	VALUES ("c238a313-7839-4648-b835-fa17d63a21ff",
	"00000000-0000-0000-0000-000000000000",
	"2f85831a-53e9-4842-80f1-e2f0ae14eff3",
	'microseconds',
	"e9e5d9ff-f4db-4ad8-bf35-badef6210642",
	15,
	48);
INSERT INTO V_VAL
	VALUES ("3e520952-7b89-4be2-adff-32b17ab47937",
	0,
	0,
	15,
	79,
	82,
	0,
	0,
	0,
	0,
	"ba5eda7a-def5-0000-0000-000000000008",
	"977534e6-edef-48be-9d34-3d86c50a7ee8");
INSERT INTO V_IRF
	VALUES ("3e520952-7b89-4be2-adff-32b17ab47937",
	"4ea11cc2-5d23-4271-b940-fc08d928fe47");
INSERT INTO V_VAL
	VALUES ("e9e5d9ff-f4db-4ad8-bf35-badef6210642",
	0,
	0,
	15,
	84,
	100,
	0,
	0,
	0,
	0,
	"ba5eda7a-def5-0000-0000-00000000000a",
	"977534e6-edef-48be-9d34-3d86c50a7ee8");
INSERT INTO V_AVL
	VALUES ("e9e5d9ff-f4db-4ad8-bf35-badef6210642",
	"3e520952-7b89-4be2-adff-32b17ab47937",
	"4badd275-8325-4e31-9a84-02ee6714c85a",
	"823345de-29f4-47c8-805b-8c943f512aed");
INSERT INTO V_PAR
	VALUES ("e9e5d9ff-f4db-4ad8-bf35-badef6210642",
	"00000000-0000-0000-0000-000000000000",
	"2f85831a-53e9-4842-80f1-e2f0ae14eff3",
	'event_inst',
	"00000000-0000-0000-0000-000000000000",
	15,
	68);
INSERT INTO SM_NSTXN
	VALUES ("7c2083ba-b1be-4b65-a323-e00510b6f3ea",
	"7155cbee-2ad5-470a-b1c1-837f7f12c176",
	"0eb2c8d8-1c8e-4037-8dca-6cc0fc3aa1b5",
	"6e126090-24d2-4721-9a82-33eaefb8e664",
	"00000000-0000-0000-0000-000000000000");
INSERT INTO SM_TAH
	VALUES ("b1f6ac68-e80b-4410-b164-c8dc888e9b3a",
	"7155cbee-2ad5-470a-b1c1-837f7f12c176",
	"7c2083ba-b1be-4b65-a323-e00510b6f3ea");
INSERT INTO SM_AH
	VALUES ("b1f6ac68-e80b-4410-b164-c8dc888e9b3a",
	"7155cbee-2ad5-470a-b1c1-837f7f12c176");
INSERT INTO SM_ACT
	VALUES ("b1f6ac68-e80b-4410-b164-c8dc888e9b3a",
	"7155cbee-2ad5-470a-b1c1-837f7f12c176",
	1,
	'',
	'');
INSERT INTO ACT_TAB
	VALUES ("5c7ab41c-5651-4655-bfea-ed6a8feb3005",
	"7155cbee-2ad5-470a-b1c1-837f7f12c176",
	"b1f6ac68-e80b-4410-b164-c8dc888e9b3a");
INSERT INTO ACT_ACT
	VALUES ("5c7ab41c-5651-4655-bfea-ed6a8feb3005",
	'transition',
	0,
	"2e90f046-4be0-498e-9700-7c6372d7f955",
	"00000000-0000-0000-0000-000000000000",
	0,
	'MO_B1: start_beeping',
	"00000000-0000-0000-0000-000000000000");
INSERT INTO ACT_BLK
	VALUES ("2e90f046-4be0-498e-9700-7c6372d7f955",
	0,
	0,
	0,
	'',
	'',
	'',
	0,
	0,
	0,
	0,
	0,
	0,
	0,
	0,
	0,
	0,
	0,
	0,
	0,
	"5c7ab41c-5651-4655-bfea-ed6a8feb3005",
	"00000000-0000-0000-0000-000000000000");
INSERT INTO SM_TXN
	VALUES ("7c2083ba-b1be-4b65-a323-e00510b6f3ea",
	"7155cbee-2ad5-470a-b1c1-837f7f12c176",
	"7cdac7db-f41a-4d5f-885b-ee72b2a5e9e0",
	"00000000-0000-0000-0000-000000000000");
INSERT INTO SM_NSTXN
	VALUES ("712aab97-8e10-4a0b-9136-808273ef1378",
	"7155cbee-2ad5-470a-b1c1-837f7f12c176",
	"7cdac7db-f41a-4d5f-885b-ee72b2a5e9e0",
	"ab043da7-d814-4f0c-84e6-346b65486a65",
	"00000000-0000-0000-0000-000000000000");
INSERT INTO SM_TAH
	VALUES ("0c543561-84ad-4c51-9eca-ae571b50bcd5",
	"7155cbee-2ad5-470a-b1c1-837f7f12c176",
	"712aab97-8e10-4a0b-9136-808273ef1378");
INSERT INTO SM_AH
	VALUES ("0c543561-84ad-4c51-9eca-ae571b50bcd5",
	"7155cbee-2ad5-470a-b1c1-837f7f12c176");
INSERT INTO SM_ACT
	VALUES ("0c543561-84ad-4c51-9eca-ae571b50bcd5",
	"7155cbee-2ad5-470a-b1c1-837f7f12c176",
	1,
	'',
	'');
INSERT INTO ACT_TAB
	VALUES ("118dc392-85f2-417b-8459-c6cd536de190",
	"7155cbee-2ad5-470a-b1c1-837f7f12c176",
	"0c543561-84ad-4c51-9eca-ae571b50bcd5");
INSERT INTO ACT_ACT
	VALUES ("118dc392-85f2-417b-8459-c6cd536de190",
	'transition',
	0,
	"d172bef8-050f-4a9e-ad43-52ae297bb3c9",
	"00000000-0000-0000-0000-000000000000",
	0,
	'MO_B3: beeping_stopped',
	"00000000-0000-0000-0000-000000000000");
INSERT INTO ACT_BLK
	VALUES ("d172bef8-050f-4a9e-ad43-52ae297bb3c9",
	0,
	0,
	0,
	'',
	'',
	'',
	0,
	0,
	0,
	0,
	0,
	0,
	0,
	0,
	0,
	0,
	0,
	0,
	0,
	"118dc392-85f2-417b-8459-c6cd536de190",
	"00000000-0000-0000-0000-000000000000");
INSERT INTO SM_TXN
	VALUES ("712aab97-8e10-4a0b-9136-808273ef1378",
	"7155cbee-2ad5-470a-b1c1-837f7f12c176",
	"0eb2c8d8-1c8e-4037-8dca-6cc0fc3aa1b5",
	"00000000-0000-0000-0000-000000000000");
INSERT INTO SM_NSTXN
	VALUES ("f788b4f6-4881-406e-bd27-b59c8be43404",
	"7155cbee-2ad5-470a-b1c1-837f7f12c176",
	"7cdac7db-f41a-4d5f-885b-ee72b2a5e9e0",
	"caef799a-01a7-4183-ae22-bbb76f931cf2",
	"00000000-0000-0000-0000-000000000000");
INSERT INTO SM_TAH
	VALUES ("768d76a5-2fed-4bd0-b15d-d3d1f223d1fe",
	"7155cbee-2ad5-470a-b1c1-837f7f12c176",
	"f788b4f6-4881-406e-bd27-b59c8be43404");
INSERT INTO SM_AH
	VALUES ("768d76a5-2fed-4bd0-b15d-d3d1f223d1fe",
	"7155cbee-2ad5-470a-b1c1-837f7f12c176");
INSERT INTO SM_ACT
	VALUES ("768d76a5-2fed-4bd0-b15d-d3d1f223d1fe",
	"7155cbee-2ad5-470a-b1c1-837f7f12c176",
	1,
	'',
	'');
INSERT INTO ACT_TAB
	VALUES ("b89397c6-96c4-4d64-944f-96d7c28fdac8",
	"7155cbee-2ad5-470a-b1c1-837f7f12c176",
	"768d76a5-2fed-4bd0-b15d-d3d1f223d1fe");
INSERT INTO ACT_ACT
	VALUES ("b89397c6-96c4-4d64-944f-96d7c28fdac8",
	'transition',
	0,
	"1a562011-08f8-4099-a372-36613e635381",
	"00000000-0000-0000-0000-000000000000",
	0,
	'MO_B2: beep_delay_over',
	"00000000-0000-0000-0000-000000000000");
INSERT INTO ACT_BLK
	VALUES ("1a562011-08f8-4099-a372-36613e635381",
	0,
	0,
	0,
	'',
	'',
	'',
	0,
	0,
	0,
	0,
	0,
	0,
	0,
	0,
	0,
	0,
	0,
	0,
	0,
	"b89397c6-96c4-4d64-944f-96d7c28fdac8",
	"00000000-0000-0000-0000-000000000000");
INSERT INTO SM_TXN
	VALUES ("f788b4f6-4881-406e-bd27-b59c8be43404",
	"7155cbee-2ad5-470a-b1c1-837f7f12c176",
	"7cdac7db-f41a-4d5f-885b-ee72b2a5e9e0",
	"00000000-0000-0000-0000-000000000000");
INSERT INTO SM_NSTXN
	VALUES ("205b38d7-2df2-49d7-83b5-9bbeb9ec3e7d",
	"7155cbee-2ad5-470a-b1c1-837f7f12c176",
	"7cdac7db-f41a-4d5f-885b-ee72b2a5e9e0",
	"8c6051c9-0083-4f59-b7c2-e733d99dc809",
	"00000000-0000-0000-0000-000000000000");
INSERT INTO SM_TAH
	VALUES ("73b3ca01-fc14-4a2f-b3cd-ccfccd2e520f",
	"7155cbee-2ad5-470a-b1c1-837f7f12c176",
	"205b38d7-2df2-49d7-83b5-9bbeb9ec3e7d");
INSERT INTO SM_AH
	VALUES ("73b3ca01-fc14-4a2f-b3cd-ccfccd2e520f",
	"7155cbee-2ad5-470a-b1c1-837f7f12c176");
INSERT INTO SM_ACT
	VALUES ("73b3ca01-fc14-4a2f-b3cd-ccfccd2e520f",
	"7155cbee-2ad5-470a-b1c1-837f7f12c176",
	1,
	'',
	'');
INSERT INTO ACT_TAB
	VALUES ("d1147167-2d30-4eac-ab9e-0b8f6e30502f",
	"7155cbee-2ad5-470a-b1c1-837f7f12c176",
	"73b3ca01-fc14-4a2f-b3cd-ccfccd2e520f");
INSERT INTO ACT_ACT
	VALUES ("d1147167-2d30-4eac-ab9e-0b8f6e30502f",
	'transition',
	0,
	"7138e3a0-d9a7-410d-9c41-b2691aef0dac",
	"00000000-0000-0000-0000-000000000000",
	0,
	'MO_B4: stop_beeping',
	"00000000-0000-0000-0000-000000000000");
INSERT INTO ACT_BLK
	VALUES ("7138e3a0-d9a7-410d-9c41-b2691aef0dac",
	0,
	0,
	0,
	'',
	'',
	'',
	0,
	0,
	0,
	0,
	0,
	0,
	0,
	0,
	0,
	0,
	0,
	0,
	0,
	"d1147167-2d30-4eac-ab9e-0b8f6e30502f",
	"00000000-0000-0000-0000-000000000000");
INSERT INTO SM_TXN
	VALUES ("205b38d7-2df2-49d7-83b5-9bbeb9ec3e7d",
	"7155cbee-2ad5-470a-b1c1-837f7f12c176",
	"0eb2c8d8-1c8e-4037-8dca-6cc0fc3aa1b5",
	"00000000-0000-0000-0000-000000000000");
INSERT INTO PE_PE
	VALUES ("cd4fdb55-c935-485c-af63-77515b5963d5",
	1,
	"235fff0c-3d20-4fa1-8536-1c30278a65d1",
	"00000000-0000-0000-0000-000000000000",
	4);
INSERT INTO O_OBJ
	VALUES ("cd4fdb55-c935-485c-af63-77515b5963d5",
	'Door',
	5,
	'MO_D',
	'The hinged oven door, opened with an electro-mechanical release button on the control panel, and secured by steady force to the door front. The door is a vital safety component of the oven. The door must be securely closed before the oven tube can be powered on. 
',
	"00000000-0000-0000-0000-000000000000");
INSERT INTO O_NBATTR
	VALUES ("c7497b6a-dbf5-40dd-ae4b-2b353a570740",
	"cd4fdb55-c935-485c-af63-77515b5963d5");
INSERT INTO O_BATTR
	VALUES ("c7497b6a-dbf5-40dd-ae4b-2b353a570740",
	"cd4fdb55-c935-485c-af63-77515b5963d5");
INSERT INTO O_ATTR
	VALUES ("c7497b6a-dbf5-40dd-ae4b-2b353a570740",
	"cd4fdb55-c935-485c-af63-77515b5963d5",
	"00000000-0000-0000-0000-000000000000",
	'DoorID',
	'The uniquely-specified door identifier. ',
	'',
	'DoorID',
	0,
	"ba5eda7a-def5-0000-0000-000000000005",
	'',
	'');
INSERT INTO O_NBATTR
	VALUES ("e1d4139a-8e90-4b64-ab6b-29ab1d003b0a",
	"cd4fdb55-c935-485c-af63-77515b5963d5");
INSERT INTO O_BATTR
	VALUES ("e1d4139a-8e90-4b64-ab6b-29ab1d003b0a",
	"cd4fdb55-c935-485c-af63-77515b5963d5");
INSERT INTO O_ATTR
	VALUES ("e1d4139a-8e90-4b64-ab6b-29ab1d003b0a",
	"cd4fdb55-c935-485c-af63-77515b5963d5",
	"c7497b6a-dbf5-40dd-ae4b-2b353a570740",
	'is_secure',
	'A boolean status attribute reflecting whether the door is currently closed (secure) or open (not secure). ',
	'',
	'is_secure',
	0,
	"ba5eda7a-def5-0000-0000-000000000001",
	'',
	'');
INSERT INTO O_NBATTR
	VALUES ("c7f7c41a-8632-48a1-bfd5-f4e058f359e4",
	"cd4fdb55-c935-485c-af63-77515b5963d5");
INSERT INTO O_BATTR
	VALUES ("c7f7c41a-8632-48a1-bfd5-f4e058f359e4",
	"cd4fdb55-c935-485c-af63-77515b5963d5");
INSERT INTO O_ATTR
	VALUES ("c7f7c41a-8632-48a1-bfd5-f4e058f359e4",
	"cd4fdb55-c935-485c-af63-77515b5963d5",
	"e1d4139a-8e90-4b64-ab6b-29ab1d003b0a",
	'current_state',
	'',
	'',
	'current_state',
	0,
	"ba5eda7a-def5-0000-0000-000000000006",
	'',
	'');
INSERT INTO O_ID
	VALUES (0,
	"cd4fdb55-c935-485c-af63-77515b5963d5");
INSERT INTO O_OIDA
	VALUES ("c7497b6a-dbf5-40dd-ae4b-2b353a570740",
	"cd4fdb55-c935-485c-af63-77515b5963d5",
	0,
	'DoorID');
INSERT INTO O_ID
	VALUES (1,
	"cd4fdb55-c935-485c-af63-77515b5963d5");
INSERT INTO O_ID
	VALUES (2,
	"cd4fdb55-c935-485c-af63-77515b5963d5");
INSERT INTO SM_ISM
	VALUES ("e06f4d88-f117-49cc-bf59-5f1c5147edb3",
	"cd4fdb55-c935-485c-af63-77515b5963d5");
INSERT INTO SM_SM
	VALUES ("e06f4d88-f117-49cc-bf59-5f1c5147edb3",
	'',
	7);
INSERT INTO SM_MOORE
	VALUES ("e06f4d88-f117-49cc-bf59-5f1c5147edb3");
INSERT INTO SM_LEVT
	VALUES ("559344ec-3d0c-4393-9601-3b709b6fe894",
	"e06f4d88-f117-49cc-bf59-5f1c5147edb3",
	"00000000-0000-0000-0000-000000000000");
INSERT INTO SM_SEVT
	VALUES ("559344ec-3d0c-4393-9601-3b709b6fe894",
	"e06f4d88-f117-49cc-bf59-5f1c5147edb3",
	"00000000-0000-0000-0000-000000000000");
INSERT INTO SM_EVT
	VALUES ("559344ec-3d0c-4393-9601-3b709b6fe894",
	"e06f4d88-f117-49cc-bf59-5f1c5147edb3",
	"00000000-0000-0000-0000-000000000000",
	1,
	'release',
	0,
	'',
	'MO_D1',
	'');
INSERT INTO SM_LEVT
	VALUES ("13d303e7-37dc-42d2-84a8-b9cc6b41ed37",
	"e06f4d88-f117-49cc-bf59-5f1c5147edb3",
	"00000000-0000-0000-0000-000000000000");
INSERT INTO SM_SEVT
	VALUES ("13d303e7-37dc-42d2-84a8-b9cc6b41ed37",
	"e06f4d88-f117-49cc-bf59-5f1c5147edb3",
	"00000000-0000-0000-0000-000000000000");
INSERT INTO SM_EVT
	VALUES ("13d303e7-37dc-42d2-84a8-b9cc6b41ed37",
	"e06f4d88-f117-49cc-bf59-5f1c5147edb3",
	"00000000-0000-0000-0000-000000000000",
	2,
	'close',
	0,
	'',
	'MO_D2',
	'');
INSERT INTO SM_STATE
	VALUES ("586d0dc9-553d-4fd0-ba50-63af17b8535d",
	"e06f4d88-f117-49cc-bf59-5f1c5147edb3",
	"00000000-0000-0000-0000-000000000000",
	'Open',
	1,
	0);
INSERT INTO SM_EIGN
	VALUES ("586d0dc9-553d-4fd0-ba50-63af17b8535d",
	"559344ec-3d0c-4393-9601-3b709b6fe894",
	"e06f4d88-f117-49cc-bf59-5f1c5147edb3",
	"00000000-0000-0000-0000-000000000000",
	'');
INSERT INTO SM_SEME
	VALUES ("586d0dc9-553d-4fd0-ba50-63af17b8535d",
	"559344ec-3d0c-4393-9601-3b709b6fe894",
	"e06f4d88-f117-49cc-bf59-5f1c5147edb3",
	"00000000-0000-0000-0000-000000000000");
INSERT INTO SM_SEME
	VALUES ("586d0dc9-553d-4fd0-ba50-63af17b8535d",
	"13d303e7-37dc-42d2-84a8-b9cc6b41ed37",
	"e06f4d88-f117-49cc-bf59-5f1c5147edb3",
	"00000000-0000-0000-0000-000000000000");
INSERT INTO SM_MOAH
	VALUES ("1308cc45-150a-4aae-b45a-d4790defcd1c",
	"e06f4d88-f117-49cc-bf59-5f1c5147edb3",
	"586d0dc9-553d-4fd0-ba50-63af17b8535d");
INSERT INTO SM_AH
	VALUES ("1308cc45-150a-4aae-b45a-d4790defcd1c",
	"e06f4d88-f117-49cc-bf59-5f1c5147edb3");
INSERT INTO SM_ACT
	VALUES ("1308cc45-150a-4aae-b45a-d4790defcd1c",
	"e06f4d88-f117-49cc-bf59-5f1c5147edb3",
	1,
	'assign self.is_secure = false;

select one oven related by self->MO_O[R4];
generate MO_O4:''cancel_cooking'' to oven;',
	'');
INSERT INTO ACT_SAB
	VALUES ("00c3a1bf-7b82-45ed-9618-e4576cbaa68f",
	"e06f4d88-f117-49cc-bf59-5f1c5147edb3",
	"1308cc45-150a-4aae-b45a-d4790defcd1c");
INSERT INTO ACT_ACT
	VALUES ("00c3a1bf-7b82-45ed-9618-e4576cbaa68f",
	'state',
	0,
	"c3eb6b88-df6c-41c3-823e-4079f1261900",
	"00000000-0000-0000-0000-000000000000",
	0,
	'Door::Open',
	"00000000-0000-0000-0000-000000000000");
INSERT INTO ACT_BLK
	VALUES ("c3eb6b88-df6c-41c3-823e-4079f1261900",
	1,
	0,
	0,
	'V_VAR.Var_ID',
	'',
	'',
	4,
	1,
	3,
	34,
	0,
	0,
	3,
	39,
	0,
	0,
	0,
	0,
	0,
	"00c3a1bf-7b82-45ed-9618-e4576cbaa68f",
	"00000000-0000-0000-0000-000000000000");
INSERT INTO ACT_SMT
	VALUES ("f583b9ac-1c44-4d09-95e2-87c61059fa29",
	"c3eb6b88-df6c-41c3-823e-4079f1261900",
	"8e37ce42-01d1-4fc2-b8f3-dff84a7d47c9",
	1,
	1,
	'Door::Open line: 1');
INSERT INTO ACT_AI
	VALUES ("f583b9ac-1c44-4d09-95e2-87c61059fa29",
	"ba94f662-6c46-4baa-a7b4-47b98a175aae",
	"9c3b45b9-cdbc-445a-841a-4155ddae5e72",
	0,
	0);
INSERT INTO ACT_SMT
	VALUES ("8e37ce42-01d1-4fc2-b8f3-dff84a7d47c9",
	"c3eb6b88-df6c-41c3-823e-4079f1261900",
	"2c8aa3c9-874a-4b1d-9a74-8c0787c7cc8f",
	3,
	1,
	'Door::Open line: 3');
INSERT INTO ACT_SEL
	VALUES ("8e37ce42-01d1-4fc2-b8f3-dff84a7d47c9",
	"adc7d97f-279e-4cf5-b2c4-84773a96a983",
	1,
	'one',
	"2136061d-c1bb-473e-b020-5a47f8540d00");
INSERT INTO ACT_SR
	VALUES ("8e37ce42-01d1-4fc2-b8f3-dff84a7d47c9");
INSERT INTO ACT_LNK
	VALUES ("d656d39c-87a6-4a73-b2d7-99f10fa94b0f",
	'',
	"8e37ce42-01d1-4fc2-b8f3-dff84a7d47c9",
	"75b012e7-ca9d-4756-8eef-6d959e96bf5f",
	"00000000-0000-0000-0000-000000000000",
	2,
	"d41fedf9-3f2c-4216-96e0-94838ac603b1",
	3,
	34,
	3,
	39,
	0,
	0);
INSERT INTO ACT_SMT
	VALUES ("2c8aa3c9-874a-4b1d-9a74-8c0787c7cc8f",
	"c3eb6b88-df6c-41c3-823e-4079f1261900",
	"00000000-0000-0000-0000-000000000000",
	4,
	1,
	'Door::Open line: 4');
INSERT INTO E_ESS
	VALUES ("2c8aa3c9-874a-4b1d-9a74-8c0787c7cc8f",
	1,
	0,
	4,
	10,
	4,
	16,
	3,
	34,
	0,
	0,
	0,
	0);
INSERT INTO E_GES
	VALUES ("2c8aa3c9-874a-4b1d-9a74-8c0787c7cc8f");
INSERT INTO E_GSME
	VALUES ("2c8aa3c9-874a-4b1d-9a74-8c0787c7cc8f",
	"42f7522c-8f8c-4f12-ab60-9c6b8c96cbaf");
INSERT INTO E_GEN
	VALUES ("2c8aa3c9-874a-4b1d-9a74-8c0787c7cc8f",
	"adc7d97f-279e-4cf5-b2c4-84773a96a983");
INSERT INTO V_VAL
	VALUES ("eda4fcf5-07c7-45d2-947a-1d7d01dfcaa9",
	1,
	0,
	1,
	8,
	11,
	0,
	0,
	0,
	0,
	"ba5eda7a-def5-0000-0000-000000000008",
	"c3eb6b88-df6c-41c3-823e-4079f1261900");
INSERT INTO V_IRF
	VALUES ("eda4fcf5-07c7-45d2-947a-1d7d01dfcaa9",
	"7069afce-198e-4914-998e-75144c9ff469");
INSERT INTO V_VAL
	VALUES ("9c3b45b9-cdbc-445a-841a-4155ddae5e72",
	1,
	0,
	1,
	13,
	21,
	0,
	0,
	0,
	0,
	"ba5eda7a-def5-0000-0000-000000000001",
	"c3eb6b88-df6c-41c3-823e-4079f1261900");
INSERT INTO V_AVL
	VALUES ("9c3b45b9-cdbc-445a-841a-4155ddae5e72",
	"eda4fcf5-07c7-45d2-947a-1d7d01dfcaa9",
	"cd4fdb55-c935-485c-af63-77515b5963d5",
	"e1d4139a-8e90-4b64-ab6b-29ab1d003b0a");
INSERT INTO V_VAL
	VALUES ("ba94f662-6c46-4baa-a7b4-47b98a175aae",
	0,
	0,
	-1,
	-1,
	-1,
	0,
	0,
	0,
	0,
	"ba5eda7a-def5-0000-0000-000000000001",
	"c3eb6b88-df6c-41c3-823e-4079f1261900");
INSERT INTO V_LBO
	VALUES ("ba94f662-6c46-4baa-a7b4-47b98a175aae",
	'FALSE');
INSERT INTO V_VAL
	VALUES ("2136061d-c1bb-473e-b020-5a47f8540d00",
	0,
	0,
	3,
	28,
	31,
	0,
	0,
	0,
	0,
	"ba5eda7a-def5-0000-0000-000000000008",
	"c3eb6b88-df6c-41c3-823e-4079f1261900");
INSERT INTO V_IRF
	VALUES ("2136061d-c1bb-473e-b020-5a47f8540d00",
	"7069afce-198e-4914-998e-75144c9ff469");
INSERT INTO V_VAR
	VALUES ("7069afce-198e-4914-998e-75144c9ff469",
	"c3eb6b88-df6c-41c3-823e-4079f1261900",
	'self',
	1,
	"ba5eda7a-def5-0000-0000-000000000008");
INSERT INTO V_INT
	VALUES ("7069afce-198e-4914-998e-75144c9ff469",
	0,
	"cd4fdb55-c935-485c-af63-77515b5963d5");
INSERT INTO V_LOC
	VALUES ("7dcce900-f771-4347-8dbf-9283ef5578df",
	1,
	8,
	11,
	"7069afce-198e-4914-998e-75144c9ff469");
INSERT INTO V_VAR
	VALUES ("adc7d97f-279e-4cf5-b2c4-84773a96a983",
	"c3eb6b88-df6c-41c3-823e-4079f1261900",
	'oven',
	1,
	"ba5eda7a-def5-0000-0000-000000000008");
INSERT INTO V_INT
	VALUES ("adc7d97f-279e-4cf5-b2c4-84773a96a983",
	0,
	"d41fedf9-3f2c-4216-96e0-94838ac603b1");
INSERT INTO V_LOC
	VALUES ("f1003c4d-9ac5-493f-9624-d13bb6bd2885",
	3,
	12,
	15,
	"adc7d97f-279e-4cf5-b2c4-84773a96a983");
INSERT INTO V_LOC
	VALUES ("82dbc611-7880-4ee3-9c6e-8f93ab3ece5c",
	4,
	36,
	39,
	"adc7d97f-279e-4cf5-b2c4-84773a96a983");
INSERT INTO SM_STATE
	VALUES ("4ee915d9-653e-4306-b8f6-e88508b21320",
	"e06f4d88-f117-49cc-bf59-5f1c5147edb3",
	"00000000-0000-0000-0000-000000000000",
	'Closed',
	2,
	0);
INSERT INTO SM_SEME
	VALUES ("4ee915d9-653e-4306-b8f6-e88508b21320",
	"559344ec-3d0c-4393-9601-3b709b6fe894",
	"e06f4d88-f117-49cc-bf59-5f1c5147edb3",
	"00000000-0000-0000-0000-000000000000");
INSERT INTO SM_EIGN
	VALUES ("4ee915d9-653e-4306-b8f6-e88508b21320",
	"13d303e7-37dc-42d2-84a8-b9cc6b41ed37",
	"e06f4d88-f117-49cc-bf59-5f1c5147edb3",
	"00000000-0000-0000-0000-000000000000",
	'');
INSERT INTO SM_SEME
	VALUES ("4ee915d9-653e-4306-b8f6-e88508b21320",
	"13d303e7-37dc-42d2-84a8-b9cc6b41ed37",
	"e06f4d88-f117-49cc-bf59-5f1c5147edb3",
	"00000000-0000-0000-0000-000000000000");
INSERT INTO SM_MOAH
	VALUES ("faa14e66-7356-4ee1-ae7d-2ef0b669c72c",
	"e06f4d88-f117-49cc-bf59-5f1c5147edb3",
	"4ee915d9-653e-4306-b8f6-e88508b21320");
INSERT INTO SM_AH
	VALUES ("faa14e66-7356-4ee1-ae7d-2ef0b669c72c",
	"e06f4d88-f117-49cc-bf59-5f1c5147edb3");
INSERT INTO SM_ACT
	VALUES ("faa14e66-7356-4ee1-ae7d-2ef0b669c72c",
	"e06f4d88-f117-49cc-bf59-5f1c5147edb3",
	1,
	'assign self.is_secure = true;',
	'');
INSERT INTO ACT_SAB
	VALUES ("6acdbc19-cc58-4f5a-b4e3-841eb117555c",
	"e06f4d88-f117-49cc-bf59-5f1c5147edb3",
	"faa14e66-7356-4ee1-ae7d-2ef0b669c72c");
INSERT INTO ACT_ACT
	VALUES ("6acdbc19-cc58-4f5a-b4e3-841eb117555c",
	'state',
	0,
	"faad47b4-957f-40e9-81af-674a57b1d518",
	"00000000-0000-0000-0000-000000000000",
	0,
	'Door::Closed',
	"00000000-0000-0000-0000-000000000000");
INSERT INTO ACT_BLK
	VALUES ("faad47b4-957f-40e9-81af-674a57b1d518",
	0,
	0,
	0,
	'',
	'',
	'',
	1,
	1,
	0,
	0,
	0,
	0,
	0,
	0,
	0,
	0,
	0,
	0,
	0,
	"6acdbc19-cc58-4f5a-b4e3-841eb117555c",
	"00000000-0000-0000-0000-000000000000");
INSERT INTO ACT_SMT
	VALUES ("b8b3707a-a814-4a4f-ac74-d10231777f8d",
	"faad47b4-957f-40e9-81af-674a57b1d518",
	"00000000-0000-0000-0000-000000000000",
	1,
	1,
	'Door::Closed line: 1');
INSERT INTO ACT_AI
	VALUES ("b8b3707a-a814-4a4f-ac74-d10231777f8d",
	"34ab4986-317b-4f3f-a747-9c3afc97aa34",
	"bec527b9-a325-4b78-bedd-8ed02ecae45e",
	0,
	0);
INSERT INTO V_VAL
	VALUES ("48c7442b-c5e8-4f53-80dc-f6767365c9ee",
	1,
	0,
	1,
	8,
	11,
	0,
	0,
	0,
	0,
	"ba5eda7a-def5-0000-0000-000000000008",
	"faad47b4-957f-40e9-81af-674a57b1d518");
INSERT INTO V_IRF
	VALUES ("48c7442b-c5e8-4f53-80dc-f6767365c9ee",
	"acff4252-c32e-4fea-8584-7c79365a536b");
INSERT INTO V_VAL
	VALUES ("bec527b9-a325-4b78-bedd-8ed02ecae45e",
	1,
	0,
	1,
	13,
	21,
	0,
	0,
	0,
	0,
	"ba5eda7a-def5-0000-0000-000000000001",
	"faad47b4-957f-40e9-81af-674a57b1d518");
INSERT INTO V_AVL
	VALUES ("bec527b9-a325-4b78-bedd-8ed02ecae45e",
	"48c7442b-c5e8-4f53-80dc-f6767365c9ee",
	"cd4fdb55-c935-485c-af63-77515b5963d5",
	"e1d4139a-8e90-4b64-ab6b-29ab1d003b0a");
INSERT INTO V_VAL
	VALUES ("34ab4986-317b-4f3f-a747-9c3afc97aa34",
	0,
	0,
	-1,
	-1,
	-1,
	0,
	0,
	0,
	0,
	"ba5eda7a-def5-0000-0000-000000000001",
	"faad47b4-957f-40e9-81af-674a57b1d518");
INSERT INTO V_LBO
	VALUES ("34ab4986-317b-4f3f-a747-9c3afc97aa34",
	'TRUE');
INSERT INTO V_VAR
	VALUES ("acff4252-c32e-4fea-8584-7c79365a536b",
	"faad47b4-957f-40e9-81af-674a57b1d518",
	'self',
	1,
	"ba5eda7a-def5-0000-0000-000000000008");
INSERT INTO V_INT
	VALUES ("acff4252-c32e-4fea-8584-7c79365a536b",
	0,
	"cd4fdb55-c935-485c-af63-77515b5963d5");
INSERT INTO V_LOC
	VALUES ("b3b092af-1a3e-4607-b236-0c9c03c68acc",
	1,
	8,
	11,
	"acff4252-c32e-4fea-8584-7c79365a536b");
INSERT INTO SM_NSTXN
	VALUES ("6d294a2a-b476-4cb0-b2d1-eca1d0f440ed",
	"e06f4d88-f117-49cc-bf59-5f1c5147edb3",
	"586d0dc9-553d-4fd0-ba50-63af17b8535d",
	"13d303e7-37dc-42d2-84a8-b9cc6b41ed37",
	"00000000-0000-0000-0000-000000000000");
INSERT INTO SM_TAH
	VALUES ("1276704e-694e-42a4-98e5-a8b8237b2fb1",
	"e06f4d88-f117-49cc-bf59-5f1c5147edb3",
	"6d294a2a-b476-4cb0-b2d1-eca1d0f440ed");
INSERT INTO SM_AH
	VALUES ("1276704e-694e-42a4-98e5-a8b8237b2fb1",
	"e06f4d88-f117-49cc-bf59-5f1c5147edb3");
INSERT INTO SM_ACT
	VALUES ("1276704e-694e-42a4-98e5-a8b8237b2fb1",
	"e06f4d88-f117-49cc-bf59-5f1c5147edb3",
	1,
	'',
	'');
INSERT INTO ACT_TAB
	VALUES ("6dee0b42-b337-4021-a657-ee9cf6291d53",
	"e06f4d88-f117-49cc-bf59-5f1c5147edb3",
	"1276704e-694e-42a4-98e5-a8b8237b2fb1");
INSERT INTO ACT_ACT
	VALUES ("6dee0b42-b337-4021-a657-ee9cf6291d53",
	'transition',
	0,
	"b330b4c3-0141-417d-bdb8-7e243632211d",
	"00000000-0000-0000-0000-000000000000",
	0,
	'MO_D2: close',
	"00000000-0000-0000-0000-000000000000");
INSERT INTO ACT_BLK
	VALUES ("b330b4c3-0141-417d-bdb8-7e243632211d",
	0,
	0,
	0,
	'',
	'',
	'',
	0,
	0,
	0,
	0,
	0,
	0,
	0,
	0,
	0,
	0,
	0,
	0,
	0,
	"6dee0b42-b337-4021-a657-ee9cf6291d53",
	"00000000-0000-0000-0000-000000000000");
INSERT INTO SM_TXN
	VALUES ("6d294a2a-b476-4cb0-b2d1-eca1d0f440ed",
	"e06f4d88-f117-49cc-bf59-5f1c5147edb3",
	"4ee915d9-653e-4306-b8f6-e88508b21320",
	"00000000-0000-0000-0000-000000000000");
INSERT INTO SM_NSTXN
	VALUES ("d5514c73-b590-4fc2-9e11-906b4ced1f14",
	"e06f4d88-f117-49cc-bf59-5f1c5147edb3",
	"4ee915d9-653e-4306-b8f6-e88508b21320",
	"559344ec-3d0c-4393-9601-3b709b6fe894",
	"00000000-0000-0000-0000-000000000000");
INSERT INTO SM_TAH
	VALUES ("5bca5b17-04d3-4592-b372-49ff9ea6b9cf",
	"e06f4d88-f117-49cc-bf59-5f1c5147edb3",
	"d5514c73-b590-4fc2-9e11-906b4ced1f14");
INSERT INTO SM_AH
	VALUES ("5bca5b17-04d3-4592-b372-49ff9ea6b9cf",
	"e06f4d88-f117-49cc-bf59-5f1c5147edb3");
INSERT INTO SM_ACT
	VALUES ("5bca5b17-04d3-4592-b372-49ff9ea6b9cf",
	"e06f4d88-f117-49cc-bf59-5f1c5147edb3",
	1,
	'',
	'');
INSERT INTO ACT_TAB
	VALUES ("ae3e40c2-cbb4-4b16-af36-0079ec3af919",
	"e06f4d88-f117-49cc-bf59-5f1c5147edb3",
	"5bca5b17-04d3-4592-b372-49ff9ea6b9cf");
INSERT INTO ACT_ACT
	VALUES ("ae3e40c2-cbb4-4b16-af36-0079ec3af919",
	'transition',
	0,
	"931af50f-9a41-4a24-85ff-d777d256646a",
	"00000000-0000-0000-0000-000000000000",
	0,
	'MO_D1: release',
	"00000000-0000-0000-0000-000000000000");
INSERT INTO ACT_BLK
	VALUES ("931af50f-9a41-4a24-85ff-d777d256646a",
	0,
	0,
	0,
	'',
	'',
	'',
	0,
	0,
	0,
	0,
	0,
	0,
	0,
	0,
	0,
	0,
	0,
	0,
	0,
	"ae3e40c2-cbb4-4b16-af36-0079ec3af919",
	"00000000-0000-0000-0000-000000000000");
INSERT INTO SM_TXN
	VALUES ("d5514c73-b590-4fc2-9e11-906b4ced1f14",
	"e06f4d88-f117-49cc-bf59-5f1c5147edb3",
	"586d0dc9-553d-4fd0-ba50-63af17b8535d",
	"00000000-0000-0000-0000-000000000000");
INSERT INTO PE_PE
	VALUES ("74c2f04f-6ead-48bc-9388-7dce6c130237",
	1,
	"235fff0c-3d20-4fa1-8536-1c30278a65d1",
	"00000000-0000-0000-0000-000000000000",
	4);
INSERT INTO O_OBJ
	VALUES ("74c2f04f-6ead-48bc-9388-7dce6c130237",
	'Internal Light',
	3,
	'MO_IL',
	'The internal oven light, illuminated only when the oven tube is powered on. ',
	"00000000-0000-0000-0000-000000000000");
INSERT INTO O_NBATTR
	VALUES ("85927332-434b-406d-a4a2-b5139bd76164",
	"74c2f04f-6ead-48bc-9388-7dce6c130237");
INSERT INTO O_BATTR
	VALUES ("85927332-434b-406d-a4a2-b5139bd76164",
	"74c2f04f-6ead-48bc-9388-7dce6c130237");
INSERT INTO O_ATTR
	VALUES ("85927332-434b-406d-a4a2-b5139bd76164",
	"74c2f04f-6ead-48bc-9388-7dce6c130237",
	"00000000-0000-0000-0000-000000000000",
	'LightID',
	'The uniquely-specified light identifier.',
	'',
	'LightID',
	0,
	"ba5eda7a-def5-0000-0000-000000000005",
	'',
	'');
INSERT INTO O_NBATTR
	VALUES ("c63d726f-25a6-4ee2-8007-b5af0bb92db3",
	"74c2f04f-6ead-48bc-9388-7dce6c130237");
INSERT INTO O_BATTR
	VALUES ("c63d726f-25a6-4ee2-8007-b5af0bb92db3",
	"74c2f04f-6ead-48bc-9388-7dce6c130237");
INSERT INTO O_ATTR
	VALUES ("c63d726f-25a6-4ee2-8007-b5af0bb92db3",
	"74c2f04f-6ead-48bc-9388-7dce6c130237",
	"85927332-434b-406d-a4a2-b5139bd76164",
	'current_state',
	'',
	'',
	'current_state',
	0,
	"ba5eda7a-def5-0000-0000-000000000006",
	'',
	'');
INSERT INTO O_ID
	VALUES (0,
	"74c2f04f-6ead-48bc-9388-7dce6c130237");
INSERT INTO O_OIDA
	VALUES ("85927332-434b-406d-a4a2-b5139bd76164",
	"74c2f04f-6ead-48bc-9388-7dce6c130237",
	0,
	'LightID');
INSERT INTO O_ID
	VALUES (1,
	"74c2f04f-6ead-48bc-9388-7dce6c130237");
INSERT INTO O_ID
	VALUES (2,
	"74c2f04f-6ead-48bc-9388-7dce6c130237");
INSERT INTO SM_ISM
	VALUES ("cfb656e8-3a47-49cf-9635-68c7ecd4776d",
	"74c2f04f-6ead-48bc-9388-7dce6c130237");
INSERT INTO SM_SM
	VALUES ("cfb656e8-3a47-49cf-9635-68c7ecd4776d",
	'',
	5);
INSERT INTO SM_MOORE
	VALUES ("cfb656e8-3a47-49cf-9635-68c7ecd4776d");
INSERT INTO SM_LEVT
	VALUES ("95df3d10-996a-492d-9448-10361081756a",
	"cfb656e8-3a47-49cf-9635-68c7ecd4776d",
	"00000000-0000-0000-0000-000000000000");
INSERT INTO SM_SEVT
	VALUES ("95df3d10-996a-492d-9448-10361081756a",
	"cfb656e8-3a47-49cf-9635-68c7ecd4776d",
	"00000000-0000-0000-0000-000000000000");
INSERT INTO SM_EVT
	VALUES ("95df3d10-996a-492d-9448-10361081756a",
	"cfb656e8-3a47-49cf-9635-68c7ecd4776d",
	"00000000-0000-0000-0000-000000000000",
	1,
	'switch_on',
	0,
	'',
	'MO_IL1',
	'');
INSERT INTO SM_LEVT
	VALUES ("fc94c49c-6d8f-48f2-a36e-85329dd8932c",
	"cfb656e8-3a47-49cf-9635-68c7ecd4776d",
	"00000000-0000-0000-0000-000000000000");
INSERT INTO SM_SEVT
	VALUES ("fc94c49c-6d8f-48f2-a36e-85329dd8932c",
	"cfb656e8-3a47-49cf-9635-68c7ecd4776d",
	"00000000-0000-0000-0000-000000000000");
INSERT INTO SM_EVT
	VALUES ("fc94c49c-6d8f-48f2-a36e-85329dd8932c",
	"cfb656e8-3a47-49cf-9635-68c7ecd4776d",
	"00000000-0000-0000-0000-000000000000",
	2,
	'switch_off',
	0,
	'',
	'MO_IL2',
	'');
INSERT INTO SM_STATE
	VALUES ("96659224-b604-416d-9620-fea7c3e21427",
	"cfb656e8-3a47-49cf-9635-68c7ecd4776d",
	"00000000-0000-0000-0000-000000000000",
	'Off',
	1,
	0);
INSERT INTO SM_SEME
	VALUES ("96659224-b604-416d-9620-fea7c3e21427",
	"95df3d10-996a-492d-9448-10361081756a",
	"cfb656e8-3a47-49cf-9635-68c7ecd4776d",
	"00000000-0000-0000-0000-000000000000");
INSERT INTO SM_EIGN
	VALUES ("96659224-b604-416d-9620-fea7c3e21427",
	"fc94c49c-6d8f-48f2-a36e-85329dd8932c",
	"cfb656e8-3a47-49cf-9635-68c7ecd4776d",
	"00000000-0000-0000-0000-000000000000",
	'');
INSERT INTO SM_SEME
	VALUES ("96659224-b604-416d-9620-fea7c3e21427",
	"fc94c49c-6d8f-48f2-a36e-85329dd8932c",
	"cfb656e8-3a47-49cf-9635-68c7ecd4776d",
	"00000000-0000-0000-0000-000000000000");
INSERT INTO SM_MOAH
	VALUES ("eb9d1d96-376a-4f04-95d0-9e9ba0c5afb0",
	"cfb656e8-3a47-49cf-9635-68c7ecd4776d",
	"96659224-b604-416d-9620-fea7c3e21427");
INSERT INTO SM_AH
	VALUES ("eb9d1d96-376a-4f04-95d0-9e9ba0c5afb0",
	"cfb656e8-3a47-49cf-9635-68c7ecd4776d");
INSERT INTO SM_ACT
	VALUES ("eb9d1d96-376a-4f04-95d0-9e9ba0c5afb0",
	"cfb656e8-3a47-49cf-9635-68c7ecd4776d",
	1,
	'// Light off',
	'');
INSERT INTO ACT_SAB
	VALUES ("73536d44-d078-40c6-9f40-915ec40261bd",
	"cfb656e8-3a47-49cf-9635-68c7ecd4776d",
	"eb9d1d96-376a-4f04-95d0-9e9ba0c5afb0");
INSERT INTO ACT_ACT
	VALUES ("73536d44-d078-40c6-9f40-915ec40261bd",
	'state',
	0,
	"c0a5cfa9-91d9-43cf-a32f-17b110d0ba3f",
	"00000000-0000-0000-0000-000000000000",
	0,
	'Internal Light::Off',
	"00000000-0000-0000-0000-000000000000");
INSERT INTO ACT_BLK
	VALUES ("c0a5cfa9-91d9-43cf-a32f-17b110d0ba3f",
	0,
	0,
	0,
	'',
	'',
	'',
	0,
	0,
	0,
	0,
	0,
	0,
	0,
	0,
	0,
	0,
	0,
	0,
	0,
	"73536d44-d078-40c6-9f40-915ec40261bd",
	"00000000-0000-0000-0000-000000000000");
INSERT INTO SM_STATE
	VALUES ("ff9d6ecd-7fb0-4b9b-b517-b972abe98ac6",
	"cfb656e8-3a47-49cf-9635-68c7ecd4776d",
	"00000000-0000-0000-0000-000000000000",
	'On',
	2,
	0);
INSERT INTO SM_EIGN
	VALUES ("ff9d6ecd-7fb0-4b9b-b517-b972abe98ac6",
	"95df3d10-996a-492d-9448-10361081756a",
	"cfb656e8-3a47-49cf-9635-68c7ecd4776d",
	"00000000-0000-0000-0000-000000000000",
	'');
INSERT INTO SM_SEME
	VALUES ("ff9d6ecd-7fb0-4b9b-b517-b972abe98ac6",
	"95df3d10-996a-492d-9448-10361081756a",
	"cfb656e8-3a47-49cf-9635-68c7ecd4776d",
	"00000000-0000-0000-0000-000000000000");
INSERT INTO SM_SEME
	VALUES ("ff9d6ecd-7fb0-4b9b-b517-b972abe98ac6",
	"fc94c49c-6d8f-48f2-a36e-85329dd8932c",
	"cfb656e8-3a47-49cf-9635-68c7ecd4776d",
	"00000000-0000-0000-0000-000000000000");
INSERT INTO SM_MOAH
	VALUES ("b388e0c1-ca96-4acd-9ec2-c3ca8c1f47aa",
	"cfb656e8-3a47-49cf-9635-68c7ecd4776d",
	"ff9d6ecd-7fb0-4b9b-b517-b972abe98ac6");
INSERT INTO SM_AH
	VALUES ("b388e0c1-ca96-4acd-9ec2-c3ca8c1f47aa",
	"cfb656e8-3a47-49cf-9635-68c7ecd4776d");
INSERT INTO SM_ACT
	VALUES ("b388e0c1-ca96-4acd-9ec2-c3ca8c1f47aa",
	"cfb656e8-3a47-49cf-9635-68c7ecd4776d",
	1,
	'// Light on',
	'');
INSERT INTO ACT_SAB
	VALUES ("dcc044a5-4adf-4557-bc35-ec6881664ffc",
	"cfb656e8-3a47-49cf-9635-68c7ecd4776d",
	"b388e0c1-ca96-4acd-9ec2-c3ca8c1f47aa");
INSERT INTO ACT_ACT
	VALUES ("dcc044a5-4adf-4557-bc35-ec6881664ffc",
	'state',
	0,
	"31def5c4-3195-4ee5-b8df-b045c0b667e9",
	"00000000-0000-0000-0000-000000000000",
	0,
	'Internal Light::On',
	"00000000-0000-0000-0000-000000000000");
INSERT INTO ACT_BLK
	VALUES ("31def5c4-3195-4ee5-b8df-b045c0b667e9",
	0,
	0,
	0,
	'',
	'',
	'',
	0,
	0,
	0,
	0,
	0,
	0,
	0,
	0,
	0,
	0,
	0,
	0,
	0,
	"dcc044a5-4adf-4557-bc35-ec6881664ffc",
	"00000000-0000-0000-0000-000000000000");
INSERT INTO SM_NSTXN
	VALUES ("47808d5a-0daf-4081-8aa3-dece13ba6c7e",
	"cfb656e8-3a47-49cf-9635-68c7ecd4776d",
	"96659224-b604-416d-9620-fea7c3e21427",
	"95df3d10-996a-492d-9448-10361081756a",
	"00000000-0000-0000-0000-000000000000");
INSERT INTO SM_TAH
	VALUES ("ce29ceec-022b-4b5c-8757-4f9455d8297d",
	"cfb656e8-3a47-49cf-9635-68c7ecd4776d",
	"47808d5a-0daf-4081-8aa3-dece13ba6c7e");
INSERT INTO SM_AH
	VALUES ("ce29ceec-022b-4b5c-8757-4f9455d8297d",
	"cfb656e8-3a47-49cf-9635-68c7ecd4776d");
INSERT INTO SM_ACT
	VALUES ("ce29ceec-022b-4b5c-8757-4f9455d8297d",
	"cfb656e8-3a47-49cf-9635-68c7ecd4776d",
	1,
	'',
	'');
INSERT INTO ACT_TAB
	VALUES ("5003eaa3-30e1-466f-a60b-44f01db55f3d",
	"cfb656e8-3a47-49cf-9635-68c7ecd4776d",
	"ce29ceec-022b-4b5c-8757-4f9455d8297d");
INSERT INTO ACT_ACT
	VALUES ("5003eaa3-30e1-466f-a60b-44f01db55f3d",
	'transition',
	0,
	"18d89985-8507-4093-ab19-71f394803b9e",
	"00000000-0000-0000-0000-000000000000",
	0,
	'MO_IL1: switch_on',
	"00000000-0000-0000-0000-000000000000");
INSERT INTO ACT_BLK
	VALUES ("18d89985-8507-4093-ab19-71f394803b9e",
	0,
	0,
	0,
	'',
	'',
	'',
	0,
	0,
	0,
	0,
	0,
	0,
	0,
	0,
	0,
	0,
	0,
	0,
	0,
	"5003eaa3-30e1-466f-a60b-44f01db55f3d",
	"00000000-0000-0000-0000-000000000000");
INSERT INTO SM_TXN
	VALUES ("47808d5a-0daf-4081-8aa3-dece13ba6c7e",
	"cfb656e8-3a47-49cf-9635-68c7ecd4776d",
	"ff9d6ecd-7fb0-4b9b-b517-b972abe98ac6",
	"00000000-0000-0000-0000-000000000000");
INSERT INTO SM_NSTXN
	VALUES ("078afc6b-eb1f-4240-aada-e54b4dd9c2ec",
	"cfb656e8-3a47-49cf-9635-68c7ecd4776d",
	"ff9d6ecd-7fb0-4b9b-b517-b972abe98ac6",
	"fc94c49c-6d8f-48f2-a36e-85329dd8932c",
	"00000000-0000-0000-0000-000000000000");
INSERT INTO SM_TAH
	VALUES ("b3b776bf-d237-4225-9d06-1063cdaf3784",
	"cfb656e8-3a47-49cf-9635-68c7ecd4776d",
	"078afc6b-eb1f-4240-aada-e54b4dd9c2ec");
INSERT INTO SM_AH
	VALUES ("b3b776bf-d237-4225-9d06-1063cdaf3784",
	"cfb656e8-3a47-49cf-9635-68c7ecd4776d");
INSERT INTO SM_ACT
	VALUES ("b3b776bf-d237-4225-9d06-1063cdaf3784",
	"cfb656e8-3a47-49cf-9635-68c7ecd4776d",
	1,
	'',
	'');
INSERT INTO ACT_TAB
	VALUES ("e1ca6171-1205-45ce-ab7f-3fb9154c21d7",
	"cfb656e8-3a47-49cf-9635-68c7ecd4776d",
	"b3b776bf-d237-4225-9d06-1063cdaf3784");
INSERT INTO ACT_ACT
	VALUES ("e1ca6171-1205-45ce-ab7f-3fb9154c21d7",
	'transition',
	0,
	"ae479427-d8ab-4c5c-b0f6-f454e050931d",
	"00000000-0000-0000-0000-000000000000",
	0,
	'MO_IL2: switch_off',
	"00000000-0000-0000-0000-000000000000");
INSERT INTO ACT_BLK
	VALUES ("ae479427-d8ab-4c5c-b0f6-f454e050931d",
	0,
	0,
	0,
	'',
	'',
	'',
	0,
	0,
	0,
	0,
	0,
	0,
	0,
	0,
	0,
	0,
	0,
	0,
	0,
	"e1ca6171-1205-45ce-ab7f-3fb9154c21d7",
	"00000000-0000-0000-0000-000000000000");
INSERT INTO SM_TXN
	VALUES ("078afc6b-eb1f-4240-aada-e54b4dd9c2ec",
	"cfb656e8-3a47-49cf-9635-68c7ecd4776d",
	"96659224-b604-416d-9620-fea7c3e21427",
	"00000000-0000-0000-0000-000000000000");
INSERT INTO PE_PE
	VALUES ("21726274-a60c-4843-a337-c30d3e6fd999",
	1,
	"235fff0c-3d20-4fa1-8536-1c30278a65d1",
	"00000000-0000-0000-0000-000000000000",
	4);
INSERT INTO O_OBJ
	VALUES ("21726274-a60c-4843-a337-c30d3e6fd999",
	'Magnetron Tube',
	2,
	'MO_MT',
	'The magnetron tube is the core element of the microwave oven, generating microwave energy following AC/DC Voltage conversion. The tube operates from a 240V, 50Hz supply.

The tube has variable power output, ranging from 600W to 1000W in discrete 100W steps. 

The relevant behaviour of the tube is confined to :

* power on 
* power off
* raising & lowering output power level ',
	"00000000-0000-0000-0000-000000000000");
INSERT INTO O_NBATTR
	VALUES ("f1330b84-d00a-403f-81b3-22f1a7ad6040",
	"21726274-a60c-4843-a337-c30d3e6fd999");
INSERT INTO O_BATTR
	VALUES ("f1330b84-d00a-403f-81b3-22f1a7ad6040",
	"21726274-a60c-4843-a337-c30d3e6fd999");
INSERT INTO O_ATTR
	VALUES ("f1330b84-d00a-403f-81b3-22f1a7ad6040",
	"21726274-a60c-4843-a337-c30d3e6fd999",
	"00000000-0000-0000-0000-000000000000",
	'TubeID',
	'The uniquely-specified tube identifier.',
	'',
	'TubeID',
	0,
	"ba5eda7a-def5-0000-0000-000000000005",
	'',
	'');
INSERT INTO O_NBATTR
	VALUES ("7fa5e56f-05e8-42f6-b32f-a31ffdf0cd3e",
	"21726274-a60c-4843-a337-c30d3e6fd999");
INSERT INTO O_BATTR
	VALUES ("7fa5e56f-05e8-42f6-b32f-a31ffdf0cd3e",
	"21726274-a60c-4843-a337-c30d3e6fd999");
INSERT INTO O_ATTR
	VALUES ("7fa5e56f-05e8-42f6-b32f-a31ffdf0cd3e",
	"21726274-a60c-4843-a337-c30d3e6fd999",
	"f1330b84-d00a-403f-81b3-22f1a7ad6040",
	'current_power_output',
	'Refer to the user-defined data type "tube_wattage" for a full description.',
	'',
	'current_power_output',
	0,
	"1046565f-b268-477d-9a1e-d49203519d42",
	'',
	'');
INSERT INTO O_NBATTR
	VALUES ("77b03c62-c6b6-443a-9824-7e9db3752bb7",
	"21726274-a60c-4843-a337-c30d3e6fd999");
INSERT INTO O_BATTR
	VALUES ("77b03c62-c6b6-443a-9824-7e9db3752bb7",
	"21726274-a60c-4843-a337-c30d3e6fd999");
INSERT INTO O_ATTR
	VALUES ("77b03c62-c6b6-443a-9824-7e9db3752bb7",
	"21726274-a60c-4843-a337-c30d3e6fd999",
	"7fa5e56f-05e8-42f6-b32f-a31ffdf0cd3e",
	'current_state',
	'',
	'',
	'current_state',
	0,
	"ba5eda7a-def5-0000-0000-000000000006",
	'',
	'');
INSERT INTO O_ID
	VALUES (0,
	"21726274-a60c-4843-a337-c30d3e6fd999");
INSERT INTO O_OIDA
	VALUES ("f1330b84-d00a-403f-81b3-22f1a7ad6040",
	"21726274-a60c-4843-a337-c30d3e6fd999",
	0,
	'TubeID');
INSERT INTO O_ID
	VALUES (1,
	"21726274-a60c-4843-a337-c30d3e6fd999");
INSERT INTO O_ID
	VALUES (2,
	"21726274-a60c-4843-a337-c30d3e6fd999");
INSERT INTO SM_ISM
	VALUES ("97b1ad04-2000-4909-9861-366ffabadd95",
	"21726274-a60c-4843-a337-c30d3e6fd999");
INSERT INTO SM_SM
	VALUES ("97b1ad04-2000-4909-9861-366ffabadd95",
	'',
	4);
INSERT INTO SM_MOORE
	VALUES ("97b1ad04-2000-4909-9861-366ffabadd95");
INSERT INTO SM_LEVT
	VALUES ("7c3ecb89-8961-4658-8e64-a06f045704ba",
	"97b1ad04-2000-4909-9861-366ffabadd95",
	"00000000-0000-0000-0000-000000000000");
INSERT INTO SM_SEVT
	VALUES ("7c3ecb89-8961-4658-8e64-a06f045704ba",
	"97b1ad04-2000-4909-9861-366ffabadd95",
	"00000000-0000-0000-0000-000000000000");
INSERT INTO SM_EVT
	VALUES ("7c3ecb89-8961-4658-8e64-a06f045704ba",
	"97b1ad04-2000-4909-9861-366ffabadd95",
	"00000000-0000-0000-0000-000000000000",
	1,
	'increase_power',
	0,
	'',
	'MO_MT1',
	'');
INSERT INTO SM_LEVT
	VALUES ("6358e0ea-c97e-49f9-806f-277e239ee029",
	"97b1ad04-2000-4909-9861-366ffabadd95",
	"00000000-0000-0000-0000-000000000000");
INSERT INTO SM_SEVT
	VALUES ("6358e0ea-c97e-49f9-806f-277e239ee029",
	"97b1ad04-2000-4909-9861-366ffabadd95",
	"00000000-0000-0000-0000-000000000000");
INSERT INTO SM_EVT
	VALUES ("6358e0ea-c97e-49f9-806f-277e239ee029",
	"97b1ad04-2000-4909-9861-366ffabadd95",
	"00000000-0000-0000-0000-000000000000",
	2,
	'decrease_power',
	0,
	'',
	'MO_MT2',
	'');
INSERT INTO SM_LEVT
	VALUES ("4d948de7-78f1-4f95-a68a-b013bf5ae28c",
	"97b1ad04-2000-4909-9861-366ffabadd95",
	"00000000-0000-0000-0000-000000000000");
INSERT INTO SM_SEVT
	VALUES ("4d948de7-78f1-4f95-a68a-b013bf5ae28c",
	"97b1ad04-2000-4909-9861-366ffabadd95",
	"00000000-0000-0000-0000-000000000000");
INSERT INTO SM_EVT
	VALUES ("4d948de7-78f1-4f95-a68a-b013bf5ae28c",
	"97b1ad04-2000-4909-9861-366ffabadd95",
	"00000000-0000-0000-0000-000000000000",
	3,
	'power_on',
	0,
	'',
	'MO_MT3',
	'');
INSERT INTO SM_LEVT
	VALUES ("0aa3db88-2647-4347-8628-2bd8db1b405b",
	"97b1ad04-2000-4909-9861-366ffabadd95",
	"00000000-0000-0000-0000-000000000000");
INSERT INTO SM_SEVT
	VALUES ("0aa3db88-2647-4347-8628-2bd8db1b405b",
	"97b1ad04-2000-4909-9861-366ffabadd95",
	"00000000-0000-0000-0000-000000000000");
INSERT INTO SM_EVT
	VALUES ("0aa3db88-2647-4347-8628-2bd8db1b405b",
	"97b1ad04-2000-4909-9861-366ffabadd95",
	"00000000-0000-0000-0000-000000000000",
	4,
	'power_off',
	0,
	'',
	'MO_MT4',
	'');
INSERT INTO SM_STATE
	VALUES ("79cc3674-ba7a-42fd-9f92-cbbda25424c9",
	"97b1ad04-2000-4909-9861-366ffabadd95",
	"00000000-0000-0000-0000-000000000000",
	'Output Power Stable and OFF',
	1,
	0);
INSERT INTO SM_SEME
	VALUES ("79cc3674-ba7a-42fd-9f92-cbbda25424c9",
	"7c3ecb89-8961-4658-8e64-a06f045704ba",
	"97b1ad04-2000-4909-9861-366ffabadd95",
	"00000000-0000-0000-0000-000000000000");
INSERT INTO SM_SEME
	VALUES ("79cc3674-ba7a-42fd-9f92-cbbda25424c9",
	"6358e0ea-c97e-49f9-806f-277e239ee029",
	"97b1ad04-2000-4909-9861-366ffabadd95",
	"00000000-0000-0000-0000-000000000000");
INSERT INTO SM_SEME
	VALUES ("79cc3674-ba7a-42fd-9f92-cbbda25424c9",
	"4d948de7-78f1-4f95-a68a-b013bf5ae28c",
	"97b1ad04-2000-4909-9861-366ffabadd95",
	"00000000-0000-0000-0000-000000000000");
INSERT INTO SM_EIGN
	VALUES ("79cc3674-ba7a-42fd-9f92-cbbda25424c9",
	"0aa3db88-2647-4347-8628-2bd8db1b405b",
	"97b1ad04-2000-4909-9861-366ffabadd95",
	"00000000-0000-0000-0000-000000000000",
	'');
INSERT INTO SM_SEME
	VALUES ("79cc3674-ba7a-42fd-9f92-cbbda25424c9",
	"0aa3db88-2647-4347-8628-2bd8db1b405b",
	"97b1ad04-2000-4909-9861-366ffabadd95",
	"00000000-0000-0000-0000-000000000000");
INSERT INTO SM_MOAH
	VALUES ("18cfc34f-3761-408d-9b53-f289183eba2b",
	"97b1ad04-2000-4909-9861-366ffabadd95",
	"79cc3674-ba7a-42fd-9f92-cbbda25424c9");
INSERT INTO SM_AH
	VALUES ("18cfc34f-3761-408d-9b53-f289183eba2b",
	"97b1ad04-2000-4909-9861-366ffabadd95");
INSERT INTO SM_ACT
	VALUES ("18cfc34f-3761-408d-9b53-f289183eba2b",
	"97b1ad04-2000-4909-9861-366ffabadd95",
	1,
	'',
	'');
INSERT INTO ACT_SAB
	VALUES ("5efac02b-a1ea-447f-8c6a-7b340ee3d81c",
	"97b1ad04-2000-4909-9861-366ffabadd95",
	"18cfc34f-3761-408d-9b53-f289183eba2b");
INSERT INTO ACT_ACT
	VALUES ("5efac02b-a1ea-447f-8c6a-7b340ee3d81c",
	'state',
	0,
	"5392435d-f7ce-4db2-a2cc-c6506806b75d",
	"00000000-0000-0000-0000-000000000000",
	0,
	'Magnetron Tube::Output Power Stable and OFF',
	"00000000-0000-0000-0000-000000000000");
INSERT INTO ACT_BLK
	VALUES ("5392435d-f7ce-4db2-a2cc-c6506806b75d",
	0,
	0,
	0,
	'',
	'',
	'',
	0,
	0,
	0,
	0,
	0,
	0,
	0,
	0,
	0,
	0,
	0,
	0,
	0,
	"5efac02b-a1ea-447f-8c6a-7b340ee3d81c",
	"00000000-0000-0000-0000-000000000000");
INSERT INTO SM_STATE
	VALUES ("9413bec2-560d-4a3f-b05f-6192805895e3",
	"97b1ad04-2000-4909-9861-366ffabadd95",
	"00000000-0000-0000-0000-000000000000",
	'Reducing Output Power',
	2,
	0);
INSERT INTO SM_SEME
	VALUES ("9413bec2-560d-4a3f-b05f-6192805895e3",
	"7c3ecb89-8961-4658-8e64-a06f045704ba",
	"97b1ad04-2000-4909-9861-366ffabadd95",
	"00000000-0000-0000-0000-000000000000");
INSERT INTO SM_SEME
	VALUES ("9413bec2-560d-4a3f-b05f-6192805895e3",
	"6358e0ea-c97e-49f9-806f-277e239ee029",
	"97b1ad04-2000-4909-9861-366ffabadd95",
	"00000000-0000-0000-0000-000000000000");
INSERT INTO SM_SEME
	VALUES ("9413bec2-560d-4a3f-b05f-6192805895e3",
	"4d948de7-78f1-4f95-a68a-b013bf5ae28c",
	"97b1ad04-2000-4909-9861-366ffabadd95",
	"00000000-0000-0000-0000-000000000000");
INSERT INTO SM_SEME
	VALUES ("9413bec2-560d-4a3f-b05f-6192805895e3",
	"0aa3db88-2647-4347-8628-2bd8db1b405b",
	"97b1ad04-2000-4909-9861-366ffabadd95",
	"00000000-0000-0000-0000-000000000000");
INSERT INTO SM_MOAH
	VALUES ("a16654a0-4adf-4b0e-92ec-942115fcb368",
	"97b1ad04-2000-4909-9861-366ffabadd95",
	"9413bec2-560d-4a3f-b05f-6192805895e3");
INSERT INTO SM_AH
	VALUES ("a16654a0-4adf-4b0e-92ec-942115fcb368",
	"97b1ad04-2000-4909-9861-366ffabadd95");
INSERT INTO SM_ACT
	VALUES ("a16654a0-4adf-4b0e-92ec-942115fcb368",
	"97b1ad04-2000-4909-9861-366ffabadd95",
	1,
	'if (self.current_power_output == tube_wattage::med_low)
   self.current_power_output = tube_wattage::low;
elif (self.current_power_output == tube_wattage::medium)
   self.current_power_output = tube_wattage::med_low;
elif (self.current_power_output == tube_wattage::med_high)
   self.current_power_output = tube_wattage::medium;
elif (self.current_power_output == tube_wattage::high)
   self.current_power_output = tube_wattage::med_high;
end if;',
	'');
INSERT INTO ACT_SAB
	VALUES ("75be3c87-678f-45ea-a827-8deab49b687f",
	"97b1ad04-2000-4909-9861-366ffabadd95",
	"a16654a0-4adf-4b0e-92ec-942115fcb368");
INSERT INTO ACT_ACT
	VALUES ("75be3c87-678f-45ea-a827-8deab49b687f",
	'state',
	0,
	"0e6f1520-1412-4deb-8190-a424c743f0b3",
	"00000000-0000-0000-0000-000000000000",
	0,
	'Magnetron Tube::Reducing Output Power',
	"00000000-0000-0000-0000-000000000000");
INSERT INTO ACT_BLK
	VALUES ("0e6f1520-1412-4deb-8190-a424c743f0b3",
	0,
	0,
	0,
	'',
	'',
	'',
	7,
	1,
	0,
	0,
	0,
	0,
	0,
	0,
	0,
	0,
	7,
	36,
	0,
	"75be3c87-678f-45ea-a827-8deab49b687f",
	"00000000-0000-0000-0000-000000000000");
INSERT INTO ACT_SMT
	VALUES ("fb3457a1-e496-4990-b385-030f1bce9932",
	"0e6f1520-1412-4deb-8190-a424c743f0b3",
	"00000000-0000-0000-0000-000000000000",
	1,
	1,
	'Magnetron Tube::Reducing Output Power line: 1');
INSERT INTO ACT_IF
	VALUES ("fb3457a1-e496-4990-b385-030f1bce9932",
	"ae38e600-f211-417b-a7f2-ecab8dbfaf4a",
	"536a4d70-cf76-424f-bd1c-2563567dc609",
	"00000000-0000-0000-0000-000000000000",
	"00000000-0000-0000-0000-000000000000");
INSERT INTO ACT_SMT
	VALUES ("b058b0ca-c71f-4fd6-8cab-b985c69eb13f",
	"0e6f1520-1412-4deb-8190-a424c743f0b3",
	"00000000-0000-0000-0000-000000000000",
	3,
	1,
	'Magnetron Tube::Reducing Output Power line: 3');
INSERT INTO ACT_EL
	VALUES ("b058b0ca-c71f-4fd6-8cab-b985c69eb13f",
	"5ccb9e9f-b959-40de-b96b-34d6620c0c88",
	"4857b192-2678-47b5-b0af-80c60a54a707",
	"fb3457a1-e496-4990-b385-030f1bce9932");
INSERT INTO ACT_SMT
	VALUES ("d97e2e0a-4cca-45ec-aeea-994c29f7837b",
	"0e6f1520-1412-4deb-8190-a424c743f0b3",
	"00000000-0000-0000-0000-000000000000",
	5,
	1,
	'Magnetron Tube::Reducing Output Power line: 5');
INSERT INTO ACT_EL
	VALUES ("d97e2e0a-4cca-45ec-aeea-994c29f7837b",
	"cae78af4-fabb-49a8-a5a8-5289c0298229",
	"a4e4a5ff-8c39-410a-83fc-f3ac8aa3b19e",
	"fb3457a1-e496-4990-b385-030f1bce9932");
INSERT INTO ACT_SMT
	VALUES ("9bdf2c2b-f39e-43bf-adf4-a944dcccece9",
	"0e6f1520-1412-4deb-8190-a424c743f0b3",
	"00000000-0000-0000-0000-000000000000",
	7,
	1,
	'Magnetron Tube::Reducing Output Power line: 7');
INSERT INTO ACT_EL
	VALUES ("9bdf2c2b-f39e-43bf-adf4-a944dcccece9",
	"ef5eb4c6-3e93-425d-85eb-df25594ca886",
	"fe3d11c4-f7b4-4275-969a-6390f555fc75",
	"fb3457a1-e496-4990-b385-030f1bce9932");
INSERT INTO V_VAL
	VALUES ("c1aa14de-239c-470e-a24d-3da2bbed7ab6",
	0,
	0,
	1,
	5,
	8,
	0,
	0,
	0,
	0,
	"ba5eda7a-def5-0000-0000-000000000008",
	"0e6f1520-1412-4deb-8190-a424c743f0b3");
INSERT INTO V_IRF
	VALUES ("c1aa14de-239c-470e-a24d-3da2bbed7ab6",
	"9ff3a464-af42-4102-90fe-3dd9ea3e5673");
INSERT INTO V_VAL
	VALUES ("2a7064d4-225f-4967-8ee8-cc2c505e0917",
	0,
	0,
	1,
	10,
	29,
	0,
	0,
	0,
	0,
	"1046565f-b268-477d-9a1e-d49203519d42",
	"0e6f1520-1412-4deb-8190-a424c743f0b3");
INSERT INTO V_AVL
	VALUES ("2a7064d4-225f-4967-8ee8-cc2c505e0917",
	"c1aa14de-239c-470e-a24d-3da2bbed7ab6",
	"21726274-a60c-4843-a337-c30d3e6fd999",
	"7fa5e56f-05e8-42f6-b32f-a31ffdf0cd3e");
INSERT INTO V_VAL
	VALUES ("536a4d70-cf76-424f-bd1c-2563567dc609",
	0,
	0,
	-1,
	-1,
	-1,
	0,
	0,
	0,
	0,
	"ba5eda7a-def5-0000-0000-000000000001",
	"0e6f1520-1412-4deb-8190-a424c743f0b3");
INSERT INTO V_BIN
	VALUES ("536a4d70-cf76-424f-bd1c-2563567dc609",
	"50ddd634-9ba3-4f8f-8164-8a8275bcb7eb",
	"2a7064d4-225f-4967-8ee8-cc2c505e0917",
	'==');
INSERT INTO V_VAL
	VALUES ("50ddd634-9ba3-4f8f-8164-8a8275bcb7eb",
	0,
	0,
	1,
	48,
	54,
	0,
	0,
	0,
	0,
	"1046565f-b268-477d-9a1e-d49203519d42",
	"0e6f1520-1412-4deb-8190-a424c743f0b3");
INSERT INTO V_LEN
	VALUES ("50ddd634-9ba3-4f8f-8164-8a8275bcb7eb",
	"7c94ce56-e1ab-4888-af0c-a8962d049597",
	1,
	34);
INSERT INTO V_VAL
	VALUES ("ad352d98-08f6-4111-b461-d84d694459fc",
	0,
	0,
	3,
	7,
	10,
	0,
	0,
	0,
	0,
	"ba5eda7a-def5-0000-0000-000000000008",
	"0e6f1520-1412-4deb-8190-a424c743f0b3");
INSERT INTO V_IRF
	VALUES ("ad352d98-08f6-4111-b461-d84d694459fc",
	"9ff3a464-af42-4102-90fe-3dd9ea3e5673");
INSERT INTO V_VAL
	VALUES ("0428352d-93bc-4a79-b584-9ca9847aee2d",
	0,
	0,
	3,
	12,
	31,
	0,
	0,
	0,
	0,
	"1046565f-b268-477d-9a1e-d49203519d42",
	"0e6f1520-1412-4deb-8190-a424c743f0b3");
INSERT INTO V_AVL
	VALUES ("0428352d-93bc-4a79-b584-9ca9847aee2d",
	"ad352d98-08f6-4111-b461-d84d694459fc",
	"21726274-a60c-4843-a337-c30d3e6fd999",
	"7fa5e56f-05e8-42f6-b32f-a31ffdf0cd3e");
INSERT INTO V_VAL
	VALUES ("4857b192-2678-47b5-b0af-80c60a54a707",
	0,
	0,
	-1,
	-1,
	-1,
	0,
	0,
	0,
	0,
	"ba5eda7a-def5-0000-0000-000000000001",
	"0e6f1520-1412-4deb-8190-a424c743f0b3");
INSERT INTO V_BIN
	VALUES ("4857b192-2678-47b5-b0af-80c60a54a707",
	"7267a251-99b9-4409-b090-6dd5df8d5733",
	"0428352d-93bc-4a79-b584-9ca9847aee2d",
	'==');
INSERT INTO V_VAL
	VALUES ("7267a251-99b9-4409-b090-6dd5df8d5733",
	0,
	0,
	3,
	50,
	55,
	0,
	0,
	0,
	0,
	"1046565f-b268-477d-9a1e-d49203519d42",
	"0e6f1520-1412-4deb-8190-a424c743f0b3");
INSERT INTO V_LEN
	VALUES ("7267a251-99b9-4409-b090-6dd5df8d5733",
	"dc644a16-9d68-4638-90ac-152b146f85cf",
	3,
	36);
INSERT INTO V_VAL
	VALUES ("5925f8f2-5710-46d2-b7d2-f58274234a22",
	0,
	0,
	5,
	7,
	10,
	0,
	0,
	0,
	0,
	"ba5eda7a-def5-0000-0000-000000000008",
	"0e6f1520-1412-4deb-8190-a424c743f0b3");
INSERT INTO V_IRF
	VALUES ("5925f8f2-5710-46d2-b7d2-f58274234a22",
	"9ff3a464-af42-4102-90fe-3dd9ea3e5673");
INSERT INTO V_VAL
	VALUES ("a3238830-f942-41fd-8466-9b35acd4c4b3",
	0,
	0,
	5,
	12,
	31,
	0,
	0,
	0,
	0,
	"1046565f-b268-477d-9a1e-d49203519d42",
	"0e6f1520-1412-4deb-8190-a424c743f0b3");
INSERT INTO V_AVL
	VALUES ("a3238830-f942-41fd-8466-9b35acd4c4b3",
	"5925f8f2-5710-46d2-b7d2-f58274234a22",
	"21726274-a60c-4843-a337-c30d3e6fd999",
	"7fa5e56f-05e8-42f6-b32f-a31ffdf0cd3e");
INSERT INTO V_VAL
	VALUES ("a4e4a5ff-8c39-410a-83fc-f3ac8aa3b19e",
	0,
	0,
	-1,
	-1,
	-1,
	0,
	0,
	0,
	0,
	"ba5eda7a-def5-0000-0000-000000000001",
	"0e6f1520-1412-4deb-8190-a424c743f0b3");
INSERT INTO V_BIN
	VALUES ("a4e4a5ff-8c39-410a-83fc-f3ac8aa3b19e",
	"3f1a5d7b-60f6-49fb-bd20-b14155eccd6e",
	"a3238830-f942-41fd-8466-9b35acd4c4b3",
	'==');
INSERT INTO V_VAL
	VALUES ("3f1a5d7b-60f6-49fb-bd20-b14155eccd6e",
	0,
	0,
	5,
	50,
	57,
	0,
	0,
	0,
	0,
	"1046565f-b268-477d-9a1e-d49203519d42",
	"0e6f1520-1412-4deb-8190-a424c743f0b3");
INSERT INTO V_LEN
	VALUES ("3f1a5d7b-60f6-49fb-bd20-b14155eccd6e",
	"18a65186-c68d-4a50-a749-1510a6cd9e1e",
	5,
	36);
INSERT INTO V_VAL
	VALUES ("17c3e0bb-263d-45c2-9042-6d9b7dcc3b8f",
	0,
	0,
	7,
	7,
	10,
	0,
	0,
	0,
	0,
	"ba5eda7a-def5-0000-0000-000000000008",
	"0e6f1520-1412-4deb-8190-a424c743f0b3");
INSERT INTO V_IRF
	VALUES ("17c3e0bb-263d-45c2-9042-6d9b7dcc3b8f",
	"9ff3a464-af42-4102-90fe-3dd9ea3e5673");
INSERT INTO V_VAL
	VALUES ("bceb0ec8-f45e-4fcd-b254-5eab1809c671",
	0,
	0,
	7,
	12,
	31,
	0,
	0,
	0,
	0,
	"1046565f-b268-477d-9a1e-d49203519d42",
	"0e6f1520-1412-4deb-8190-a424c743f0b3");
INSERT INTO V_AVL
	VALUES ("bceb0ec8-f45e-4fcd-b254-5eab1809c671",
	"17c3e0bb-263d-45c2-9042-6d9b7dcc3b8f",
	"21726274-a60c-4843-a337-c30d3e6fd999",
	"7fa5e56f-05e8-42f6-b32f-a31ffdf0cd3e");
INSERT INTO V_VAL
	VALUES ("fe3d11c4-f7b4-4275-969a-6390f555fc75",
	0,
	0,
	-1,
	-1,
	-1,
	0,
	0,
	0,
	0,
	"ba5eda7a-def5-0000-0000-000000000001",
	"0e6f1520-1412-4deb-8190-a424c743f0b3");
INSERT INTO V_BIN
	VALUES ("fe3d11c4-f7b4-4275-969a-6390f555fc75",
	"bf47d64e-b9ed-43c5-b074-a581bcd80f4f",
	"bceb0ec8-f45e-4fcd-b254-5eab1809c671",
	'==');
INSERT INTO V_VAL
	VALUES ("bf47d64e-b9ed-43c5-b074-a581bcd80f4f",
	0,
	0,
	7,
	50,
	53,
	0,
	0,
	0,
	0,
	"1046565f-b268-477d-9a1e-d49203519d42",
	"0e6f1520-1412-4deb-8190-a424c743f0b3");
INSERT INTO V_LEN
	VALUES ("bf47d64e-b9ed-43c5-b074-a581bcd80f4f",
	"e9670705-a1ed-467a-970d-c69b80755b38",
	7,
	36);
INSERT INTO V_VAR
	VALUES ("9ff3a464-af42-4102-90fe-3dd9ea3e5673",
	"0e6f1520-1412-4deb-8190-a424c743f0b3",
	'self',
	1,
	"ba5eda7a-def5-0000-0000-000000000008");
INSERT INTO V_INT
	VALUES ("9ff3a464-af42-4102-90fe-3dd9ea3e5673",
	0,
	"21726274-a60c-4843-a337-c30d3e6fd999");
INSERT INTO V_LOC
	VALUES ("020a475a-627f-4377-b695-9d0dfc3ab003",
	1,
	5,
	8,
	"9ff3a464-af42-4102-90fe-3dd9ea3e5673");
INSERT INTO V_LOC
	VALUES ("3d7399bb-d1b9-45d8-8744-8be975ef3eef",
	2,
	4,
	7,
	"9ff3a464-af42-4102-90fe-3dd9ea3e5673");
INSERT INTO V_LOC
	VALUES ("95f0cb03-1a04-429e-af8e-34ebc4208e9e",
	3,
	7,
	10,
	"9ff3a464-af42-4102-90fe-3dd9ea3e5673");
INSERT INTO V_LOC
	VALUES ("3603ff5a-17bf-49e8-8b65-f7dfcf9963b7",
	4,
	4,
	7,
	"9ff3a464-af42-4102-90fe-3dd9ea3e5673");
INSERT INTO V_LOC
	VALUES ("5646600d-ece5-4cd6-879e-ac2a3b1a43d5",
	5,
	7,
	10,
	"9ff3a464-af42-4102-90fe-3dd9ea3e5673");
INSERT INTO V_LOC
	VALUES ("ce5ecb58-8ff2-4e74-a9e2-1d3b98aaeaeb",
	6,
	4,
	7,
	"9ff3a464-af42-4102-90fe-3dd9ea3e5673");
INSERT INTO V_LOC
	VALUES ("710857bf-2c17-4529-b7c0-d951a0594406",
	7,
	7,
	10,
	"9ff3a464-af42-4102-90fe-3dd9ea3e5673");
INSERT INTO V_LOC
	VALUES ("f676a741-662d-47f6-8821-3ce738d69adb",
	8,
	4,
	7,
	"9ff3a464-af42-4102-90fe-3dd9ea3e5673");
INSERT INTO ACT_BLK
	VALUES ("ae38e600-f211-417b-a7f2-ecab8dbfaf4a",
	0,
	0,
	0,
	'',
	'',
	'',
	2,
	4,
	0,
	0,
	0,
	0,
	0,
	0,
	0,
	0,
	2,
	32,
	0,
	"75be3c87-678f-45ea-a827-8deab49b687f",
	"00000000-0000-0000-0000-000000000000");
INSERT INTO ACT_SMT
	VALUES ("a9808930-9bd8-4c6e-88a5-6005d9e73546",
	"ae38e600-f211-417b-a7f2-ecab8dbfaf4a",
	"00000000-0000-0000-0000-000000000000",
	2,
	4,
	'Magnetron Tube::Reducing Output Power line: 2');
INSERT INTO ACT_AI
	VALUES ("a9808930-9bd8-4c6e-88a5-6005d9e73546",
	"bc84d314-0547-47c7-a222-ba2e2b40d51a",
	"3ab5f302-0aac-4203-ac24-da12171880b7",
	0,
	0);
INSERT INTO V_VAL
	VALUES ("cc0d729c-0c0b-438c-83c7-1d4dcffd636a",
	1,
	0,
	2,
	4,
	7,
	0,
	0,
	0,
	0,
	"ba5eda7a-def5-0000-0000-000000000008",
	"ae38e600-f211-417b-a7f2-ecab8dbfaf4a");
INSERT INTO V_IRF
	VALUES ("cc0d729c-0c0b-438c-83c7-1d4dcffd636a",
	"9ff3a464-af42-4102-90fe-3dd9ea3e5673");
INSERT INTO V_VAL
	VALUES ("3ab5f302-0aac-4203-ac24-da12171880b7",
	1,
	0,
	2,
	9,
	28,
	0,
	0,
	0,
	0,
	"1046565f-b268-477d-9a1e-d49203519d42",
	"ae38e600-f211-417b-a7f2-ecab8dbfaf4a");
INSERT INTO V_AVL
	VALUES ("3ab5f302-0aac-4203-ac24-da12171880b7",
	"cc0d729c-0c0b-438c-83c7-1d4dcffd636a",
	"21726274-a60c-4843-a337-c30d3e6fd999",
	"7fa5e56f-05e8-42f6-b32f-a31ffdf0cd3e");
INSERT INTO V_VAL
	VALUES ("bc84d314-0547-47c7-a222-ba2e2b40d51a",
	0,
	0,
	2,
	46,
	48,
	0,
	0,
	0,
	0,
	"1046565f-b268-477d-9a1e-d49203519d42",
	"ae38e600-f211-417b-a7f2-ecab8dbfaf4a");
INSERT INTO V_LEN
	VALUES ("bc84d314-0547-47c7-a222-ba2e2b40d51a",
	"dd2b2de1-9ce1-467b-8096-8108ef0ee2e3",
	2,
	32);
INSERT INTO ACT_BLK
	VALUES ("5ccb9e9f-b959-40de-b96b-34d6620c0c88",
	0,
	0,
	0,
	'',
	'',
	'',
	4,
	4,
	0,
	0,
	0,
	0,
	0,
	0,
	0,
	0,
	4,
	32,
	0,
	"75be3c87-678f-45ea-a827-8deab49b687f",
	"00000000-0000-0000-0000-000000000000");
INSERT INTO ACT_SMT
	VALUES ("8e2238c6-2114-4d2b-9255-e88695118237",
	"5ccb9e9f-b959-40de-b96b-34d6620c0c88",
	"00000000-0000-0000-0000-000000000000",
	4,
	4,
	'Magnetron Tube::Reducing Output Power line: 4');
INSERT INTO ACT_AI
	VALUES ("8e2238c6-2114-4d2b-9255-e88695118237",
	"eb7530ab-dcb7-4cb8-a55e-bb6665d96285",
	"31700399-aa1d-4d93-815d-ee2e34b713ce",
	0,
	0);
INSERT INTO V_VAL
	VALUES ("c87fbef1-2e7e-4144-a2c6-5e4313e262a1",
	1,
	0,
	4,
	4,
	7,
	0,
	0,
	0,
	0,
	"ba5eda7a-def5-0000-0000-000000000008",
	"5ccb9e9f-b959-40de-b96b-34d6620c0c88");
INSERT INTO V_IRF
	VALUES ("c87fbef1-2e7e-4144-a2c6-5e4313e262a1",
	"9ff3a464-af42-4102-90fe-3dd9ea3e5673");
INSERT INTO V_VAL
	VALUES ("31700399-aa1d-4d93-815d-ee2e34b713ce",
	1,
	0,
	4,
	9,
	28,
	0,
	0,
	0,
	0,
	"1046565f-b268-477d-9a1e-d49203519d42",
	"5ccb9e9f-b959-40de-b96b-34d6620c0c88");
INSERT INTO V_AVL
	VALUES ("31700399-aa1d-4d93-815d-ee2e34b713ce",
	"c87fbef1-2e7e-4144-a2c6-5e4313e262a1",
	"21726274-a60c-4843-a337-c30d3e6fd999",
	"7fa5e56f-05e8-42f6-b32f-a31ffdf0cd3e");
INSERT INTO V_VAL
	VALUES ("eb7530ab-dcb7-4cb8-a55e-bb6665d96285",
	0,
	0,
	4,
	46,
	52,
	0,
	0,
	0,
	0,
	"1046565f-b268-477d-9a1e-d49203519d42",
	"5ccb9e9f-b959-40de-b96b-34d6620c0c88");
INSERT INTO V_LEN
	VALUES ("eb7530ab-dcb7-4cb8-a55e-bb6665d96285",
	"7c94ce56-e1ab-4888-af0c-a8962d049597",
	4,
	32);
INSERT INTO ACT_BLK
	VALUES ("cae78af4-fabb-49a8-a5a8-5289c0298229",
	0,
	0,
	0,
	'',
	'',
	'',
	6,
	4,
	0,
	0,
	0,
	0,
	0,
	0,
	0,
	0,
	6,
	32,
	0,
	"75be3c87-678f-45ea-a827-8deab49b687f",
	"00000000-0000-0000-0000-000000000000");
INSERT INTO ACT_SMT
	VALUES ("4ff3afa0-b38c-49ff-9f92-88c6c976e6b1",
	"cae78af4-fabb-49a8-a5a8-5289c0298229",
	"00000000-0000-0000-0000-000000000000",
	6,
	4,
	'Magnetron Tube::Reducing Output Power line: 6');
INSERT INTO ACT_AI
	VALUES ("4ff3afa0-b38c-49ff-9f92-88c6c976e6b1",
	"1c82aaaf-06eb-4631-9c35-b5f16c52c885",
	"62d1aaf0-39e8-4b2b-a4d7-00941b34d277",
	0,
	0);
INSERT INTO V_VAL
	VALUES ("146893da-a5a9-4e65-a6e5-8e8043610f1c",
	1,
	0,
	6,
	4,
	7,
	0,
	0,
	0,
	0,
	"ba5eda7a-def5-0000-0000-000000000008",
	"cae78af4-fabb-49a8-a5a8-5289c0298229");
INSERT INTO V_IRF
	VALUES ("146893da-a5a9-4e65-a6e5-8e8043610f1c",
	"9ff3a464-af42-4102-90fe-3dd9ea3e5673");
INSERT INTO V_VAL
	VALUES ("62d1aaf0-39e8-4b2b-a4d7-00941b34d277",
	1,
	0,
	6,
	9,
	28,
	0,
	0,
	0,
	0,
	"1046565f-b268-477d-9a1e-d49203519d42",
	"cae78af4-fabb-49a8-a5a8-5289c0298229");
INSERT INTO V_AVL
	VALUES ("62d1aaf0-39e8-4b2b-a4d7-00941b34d277",
	"146893da-a5a9-4e65-a6e5-8e8043610f1c",
	"21726274-a60c-4843-a337-c30d3e6fd999",
	"7fa5e56f-05e8-42f6-b32f-a31ffdf0cd3e");
INSERT INTO V_VAL
	VALUES ("1c82aaaf-06eb-4631-9c35-b5f16c52c885",
	0,
	0,
	6,
	46,
	51,
	0,
	0,
	0,
	0,
	"1046565f-b268-477d-9a1e-d49203519d42",
	"cae78af4-fabb-49a8-a5a8-5289c0298229");
INSERT INTO V_LEN
	VALUES ("1c82aaaf-06eb-4631-9c35-b5f16c52c885",
	"dc644a16-9d68-4638-90ac-152b146f85cf",
	6,
	32);
INSERT INTO ACT_BLK
	VALUES ("ef5eb4c6-3e93-425d-85eb-df25594ca886",
	0,
	0,
	0,
	'',
	'',
	'',
	8,
	4,
	0,
	0,
	0,
	0,
	0,
	0,
	0,
	0,
	8,
	32,
	0,
	"75be3c87-678f-45ea-a827-8deab49b687f",
	"00000000-0000-0000-0000-000000000000");
INSERT INTO ACT_SMT
	VALUES ("dd05a430-88d3-4be8-b228-83bbc770bf29",
	"ef5eb4c6-3e93-425d-85eb-df25594ca886",
	"00000000-0000-0000-0000-000000000000",
	8,
	4,
	'Magnetron Tube::Reducing Output Power line: 8');
INSERT INTO ACT_AI
	VALUES ("dd05a430-88d3-4be8-b228-83bbc770bf29",
	"71d487cd-c416-4ede-94a3-39234b3d9d3b",
	"7894932b-c3e5-4e6d-aee2-e8611f1c240c",
	0,
	0);
INSERT INTO V_VAL
	VALUES ("6cf69b36-ba08-423e-b1d7-6dad7bd58aea",
	1,
	0,
	8,
	4,
	7,
	0,
	0,
	0,
	0,
	"ba5eda7a-def5-0000-0000-000000000008",
	"ef5eb4c6-3e93-425d-85eb-df25594ca886");
INSERT INTO V_IRF
	VALUES ("6cf69b36-ba08-423e-b1d7-6dad7bd58aea",
	"9ff3a464-af42-4102-90fe-3dd9ea3e5673");
INSERT INTO V_VAL
	VALUES ("7894932b-c3e5-4e6d-aee2-e8611f1c240c",
	1,
	0,
	8,
	9,
	28,
	0,
	0,
	0,
	0,
	"1046565f-b268-477d-9a1e-d49203519d42",
	"ef5eb4c6-3e93-425d-85eb-df25594ca886");
INSERT INTO V_AVL
	VALUES ("7894932b-c3e5-4e6d-aee2-e8611f1c240c",
	"6cf69b36-ba08-423e-b1d7-6dad7bd58aea",
	"21726274-a60c-4843-a337-c30d3e6fd999",
	"7fa5e56f-05e8-42f6-b32f-a31ffdf0cd3e");
INSERT INTO V_VAL
	VALUES ("71d487cd-c416-4ede-94a3-39234b3d9d3b",
	0,
	0,
	8,
	46,
	53,
	0,
	0,
	0,
	0,
	"1046565f-b268-477d-9a1e-d49203519d42",
	"ef5eb4c6-3e93-425d-85eb-df25594ca886");
INSERT INTO V_LEN
	VALUES ("71d487cd-c416-4ede-94a3-39234b3d9d3b",
	"18a65186-c68d-4a50-a749-1510a6cd9e1e",
	8,
	32);
INSERT INTO SM_STATE
	VALUES ("4e2c9c1b-65e8-475f-9f70-cc9de1e9ad4e",
	"97b1ad04-2000-4909-9861-366ffabadd95",
	"00000000-0000-0000-0000-000000000000",
	'Raising Output Power',
	3,
	0);
INSERT INTO SM_SEME
	VALUES ("4e2c9c1b-65e8-475f-9f70-cc9de1e9ad4e",
	"7c3ecb89-8961-4658-8e64-a06f045704ba",
	"97b1ad04-2000-4909-9861-366ffabadd95",
	"00000000-0000-0000-0000-000000000000");
INSERT INTO SM_SEME
	VALUES ("4e2c9c1b-65e8-475f-9f70-cc9de1e9ad4e",
	"6358e0ea-c97e-49f9-806f-277e239ee029",
	"97b1ad04-2000-4909-9861-366ffabadd95",
	"00000000-0000-0000-0000-000000000000");
INSERT INTO SM_SEME
	VALUES ("4e2c9c1b-65e8-475f-9f70-cc9de1e9ad4e",
	"4d948de7-78f1-4f95-a68a-b013bf5ae28c",
	"97b1ad04-2000-4909-9861-366ffabadd95",
	"00000000-0000-0000-0000-000000000000");
INSERT INTO SM_SEME
	VALUES ("4e2c9c1b-65e8-475f-9f70-cc9de1e9ad4e",
	"0aa3db88-2647-4347-8628-2bd8db1b405b",
	"97b1ad04-2000-4909-9861-366ffabadd95",
	"00000000-0000-0000-0000-000000000000");
INSERT INTO SM_MOAH
	VALUES ("1e51206a-82f1-45fb-b7fc-242da3ebb73f",
	"97b1ad04-2000-4909-9861-366ffabadd95",
	"4e2c9c1b-65e8-475f-9f70-cc9de1e9ad4e");
INSERT INTO SM_AH
	VALUES ("1e51206a-82f1-45fb-b7fc-242da3ebb73f",
	"97b1ad04-2000-4909-9861-366ffabadd95");
INSERT INTO SM_ACT
	VALUES ("1e51206a-82f1-45fb-b7fc-242da3ebb73f",
	"97b1ad04-2000-4909-9861-366ffabadd95",
	1,
	'if (self.current_power_output == tube_wattage::low)
   self.current_power_output = tube_wattage::med_low;
elif (self.current_power_output == tube_wattage::med_low)
   self.current_power_output = tube_wattage::medium;
elif (self.current_power_output == tube_wattage::medium)
   self.current_power_output = tube_wattage::med_high;
elif (self.current_power_output == tube_wattage::med_high)
   self.current_power_output = tube_wattage::high;
end if;',
	'');
INSERT INTO ACT_SAB
	VALUES ("fe7ea534-1669-4fde-b474-d3f7186fc0a5",
	"97b1ad04-2000-4909-9861-366ffabadd95",
	"1e51206a-82f1-45fb-b7fc-242da3ebb73f");
INSERT INTO ACT_ACT
	VALUES ("fe7ea534-1669-4fde-b474-d3f7186fc0a5",
	'state',
	0,
	"b1585d45-962c-489d-8396-5e2af81705e8",
	"00000000-0000-0000-0000-000000000000",
	0,
	'Magnetron Tube::Raising Output Power',
	"00000000-0000-0000-0000-000000000000");
INSERT INTO ACT_BLK
	VALUES ("b1585d45-962c-489d-8396-5e2af81705e8",
	0,
	0,
	0,
	'',
	'',
	'',
	7,
	1,
	0,
	0,
	0,
	0,
	0,
	0,
	0,
	0,
	7,
	36,
	0,
	"fe7ea534-1669-4fde-b474-d3f7186fc0a5",
	"00000000-0000-0000-0000-000000000000");
INSERT INTO ACT_SMT
	VALUES ("2785ced5-17eb-4ba4-bf5b-c2e9c762af8c",
	"b1585d45-962c-489d-8396-5e2af81705e8",
	"00000000-0000-0000-0000-000000000000",
	1,
	1,
	'Magnetron Tube::Raising Output Power line: 1');
INSERT INTO ACT_IF
	VALUES ("2785ced5-17eb-4ba4-bf5b-c2e9c762af8c",
	"d966ef5e-eddb-40b8-a2a1-8ea37c840288",
	"8a61c3de-7774-4657-9c79-1c5d5b502cdb",
	"00000000-0000-0000-0000-000000000000",
	"00000000-0000-0000-0000-000000000000");
INSERT INTO ACT_SMT
	VALUES ("1436caf3-98c9-49d9-aed9-e73b4cf3a758",
	"b1585d45-962c-489d-8396-5e2af81705e8",
	"00000000-0000-0000-0000-000000000000",
	3,
	1,
	'Magnetron Tube::Raising Output Power line: 3');
INSERT INTO ACT_EL
	VALUES ("1436caf3-98c9-49d9-aed9-e73b4cf3a758",
	"7bf803fc-4335-42da-b537-3be9fe392299",
	"b84f6360-a9b3-490f-8259-9616b7bd0c52",
	"2785ced5-17eb-4ba4-bf5b-c2e9c762af8c");
INSERT INTO ACT_SMT
	VALUES ("0e0e7be9-3b71-446c-81e1-84b1c2bd7236",
	"b1585d45-962c-489d-8396-5e2af81705e8",
	"00000000-0000-0000-0000-000000000000",
	5,
	1,
	'Magnetron Tube::Raising Output Power line: 5');
INSERT INTO ACT_EL
	VALUES ("0e0e7be9-3b71-446c-81e1-84b1c2bd7236",
	"5297ac5d-3e22-4c13-b9dd-6c0b4b674e2e",
	"2d1e51e7-e0fe-41ba-89c7-175873af279a",
	"2785ced5-17eb-4ba4-bf5b-c2e9c762af8c");
INSERT INTO ACT_SMT
	VALUES ("f922275c-697f-47e5-baea-372f24548ec9",
	"b1585d45-962c-489d-8396-5e2af81705e8",
	"00000000-0000-0000-0000-000000000000",
	7,
	1,
	'Magnetron Tube::Raising Output Power line: 7');
INSERT INTO ACT_EL
	VALUES ("f922275c-697f-47e5-baea-372f24548ec9",
	"99ec76e6-a047-4af6-91bf-bf87fea64a75",
	"08484517-68d5-47fa-a1b2-38aecc36cccb",
	"2785ced5-17eb-4ba4-bf5b-c2e9c762af8c");
INSERT INTO V_VAL
	VALUES ("f37eceff-ab78-4e5e-9302-0a9b7223c782",
	0,
	0,
	1,
	5,
	8,
	0,
	0,
	0,
	0,
	"ba5eda7a-def5-0000-0000-000000000008",
	"b1585d45-962c-489d-8396-5e2af81705e8");
INSERT INTO V_IRF
	VALUES ("f37eceff-ab78-4e5e-9302-0a9b7223c782",
	"d27a7d02-4c46-46c5-ac52-69044144951d");
INSERT INTO V_VAL
	VALUES ("94034968-0c35-4518-a2c4-3eb04b656ef4",
	0,
	0,
	1,
	10,
	29,
	0,
	0,
	0,
	0,
	"1046565f-b268-477d-9a1e-d49203519d42",
	"b1585d45-962c-489d-8396-5e2af81705e8");
INSERT INTO V_AVL
	VALUES ("94034968-0c35-4518-a2c4-3eb04b656ef4",
	"f37eceff-ab78-4e5e-9302-0a9b7223c782",
	"21726274-a60c-4843-a337-c30d3e6fd999",
	"7fa5e56f-05e8-42f6-b32f-a31ffdf0cd3e");
INSERT INTO V_VAL
	VALUES ("8a61c3de-7774-4657-9c79-1c5d5b502cdb",
	0,
	0,
	-1,
	-1,
	-1,
	0,
	0,
	0,
	0,
	"ba5eda7a-def5-0000-0000-000000000001",
	"b1585d45-962c-489d-8396-5e2af81705e8");
INSERT INTO V_BIN
	VALUES ("8a61c3de-7774-4657-9c79-1c5d5b502cdb",
	"3cbd9c5c-8e2b-4b71-8d5d-d6aaae137350",
	"94034968-0c35-4518-a2c4-3eb04b656ef4",
	'==');
INSERT INTO V_VAL
	VALUES ("3cbd9c5c-8e2b-4b71-8d5d-d6aaae137350",
	0,
	0,
	1,
	48,
	50,
	0,
	0,
	0,
	0,
	"1046565f-b268-477d-9a1e-d49203519d42",
	"b1585d45-962c-489d-8396-5e2af81705e8");
INSERT INTO V_LEN
	VALUES ("3cbd9c5c-8e2b-4b71-8d5d-d6aaae137350",
	"dd2b2de1-9ce1-467b-8096-8108ef0ee2e3",
	1,
	34);
INSERT INTO V_VAL
	VALUES ("b3cb7216-dc2c-4690-af4b-9ebe50f006af",
	0,
	0,
	3,
	7,
	10,
	0,
	0,
	0,
	0,
	"ba5eda7a-def5-0000-0000-000000000008",
	"b1585d45-962c-489d-8396-5e2af81705e8");
INSERT INTO V_IRF
	VALUES ("b3cb7216-dc2c-4690-af4b-9ebe50f006af",
	"d27a7d02-4c46-46c5-ac52-69044144951d");
INSERT INTO V_VAL
	VALUES ("54a42495-959b-4b7a-8345-4bee7ee8120c",
	0,
	0,
	3,
	12,
	31,
	0,
	0,
	0,
	0,
	"1046565f-b268-477d-9a1e-d49203519d42",
	"b1585d45-962c-489d-8396-5e2af81705e8");
INSERT INTO V_AVL
	VALUES ("54a42495-959b-4b7a-8345-4bee7ee8120c",
	"b3cb7216-dc2c-4690-af4b-9ebe50f006af",
	"21726274-a60c-4843-a337-c30d3e6fd999",
	"7fa5e56f-05e8-42f6-b32f-a31ffdf0cd3e");
INSERT INTO V_VAL
	VALUES ("b84f6360-a9b3-490f-8259-9616b7bd0c52",
	0,
	0,
	-1,
	-1,
	-1,
	0,
	0,
	0,
	0,
	"ba5eda7a-def5-0000-0000-000000000001",
	"b1585d45-962c-489d-8396-5e2af81705e8");
INSERT INTO V_BIN
	VALUES ("b84f6360-a9b3-490f-8259-9616b7bd0c52",
	"41700d49-fc29-4b61-a467-21fe684ac98f",
	"54a42495-959b-4b7a-8345-4bee7ee8120c",
	'==');
INSERT INTO V_VAL
	VALUES ("41700d49-fc29-4b61-a467-21fe684ac98f",
	0,
	0,
	3,
	50,
	56,
	0,
	0,
	0,
	0,
	"1046565f-b268-477d-9a1e-d49203519d42",
	"b1585d45-962c-489d-8396-5e2af81705e8");
INSERT INTO V_LEN
	VALUES ("41700d49-fc29-4b61-a467-21fe684ac98f",
	"7c94ce56-e1ab-4888-af0c-a8962d049597",
	3,
	36);
INSERT INTO V_VAL
	VALUES ("444eec89-3270-4463-86cb-931d81698a43",
	0,
	0,
	5,
	7,
	10,
	0,
	0,
	0,
	0,
	"ba5eda7a-def5-0000-0000-000000000008",
	"b1585d45-962c-489d-8396-5e2af81705e8");
INSERT INTO V_IRF
	VALUES ("444eec89-3270-4463-86cb-931d81698a43",
	"d27a7d02-4c46-46c5-ac52-69044144951d");
INSERT INTO V_VAL
	VALUES ("0c14df62-862d-4ef7-888a-aa8f9455a006",
	0,
	0,
	5,
	12,
	31,
	0,
	0,
	0,
	0,
	"1046565f-b268-477d-9a1e-d49203519d42",
	"b1585d45-962c-489d-8396-5e2af81705e8");
INSERT INTO V_AVL
	VALUES ("0c14df62-862d-4ef7-888a-aa8f9455a006",
	"444eec89-3270-4463-86cb-931d81698a43",
	"21726274-a60c-4843-a337-c30d3e6fd999",
	"7fa5e56f-05e8-42f6-b32f-a31ffdf0cd3e");
INSERT INTO V_VAL
	VALUES ("2d1e51e7-e0fe-41ba-89c7-175873af279a",
	0,
	0,
	-1,
	-1,
	-1,
	0,
	0,
	0,
	0,
	"ba5eda7a-def5-0000-0000-000000000001",
	"b1585d45-962c-489d-8396-5e2af81705e8");
INSERT INTO V_BIN
	VALUES ("2d1e51e7-e0fe-41ba-89c7-175873af279a",
	"3e4db9fd-ab70-415b-b5ad-79ef621fcaa6",
	"0c14df62-862d-4ef7-888a-aa8f9455a006",
	'==');
INSERT INTO V_VAL
	VALUES ("3e4db9fd-ab70-415b-b5ad-79ef621fcaa6",
	0,
	0,
	5,
	50,
	55,
	0,
	0,
	0,
	0,
	"1046565f-b268-477d-9a1e-d49203519d42",
	"b1585d45-962c-489d-8396-5e2af81705e8");
INSERT INTO V_LEN
	VALUES ("3e4db9fd-ab70-415b-b5ad-79ef621fcaa6",
	"dc644a16-9d68-4638-90ac-152b146f85cf",
	5,
	36);
INSERT INTO V_VAL
	VALUES ("85b185bd-a98f-445b-af16-d131854eb547",
	0,
	0,
	7,
	7,
	10,
	0,
	0,
	0,
	0,
	"ba5eda7a-def5-0000-0000-000000000008",
	"b1585d45-962c-489d-8396-5e2af81705e8");
INSERT INTO V_IRF
	VALUES ("85b185bd-a98f-445b-af16-d131854eb547",
	"d27a7d02-4c46-46c5-ac52-69044144951d");
INSERT INTO V_VAL
	VALUES ("b7d1bd5e-be0c-44a8-b76f-01ca886f138b",
	0,
	0,
	7,
	12,
	31,
	0,
	0,
	0,
	0,
	"1046565f-b268-477d-9a1e-d49203519d42",
	"b1585d45-962c-489d-8396-5e2af81705e8");
INSERT INTO V_AVL
	VALUES ("b7d1bd5e-be0c-44a8-b76f-01ca886f138b",
	"85b185bd-a98f-445b-af16-d131854eb547",
	"21726274-a60c-4843-a337-c30d3e6fd999",
	"7fa5e56f-05e8-42f6-b32f-a31ffdf0cd3e");
INSERT INTO V_VAL
	VALUES ("08484517-68d5-47fa-a1b2-38aecc36cccb",
	0,
	0,
	-1,
	-1,
	-1,
	0,
	0,
	0,
	0,
	"ba5eda7a-def5-0000-0000-000000000001",
	"b1585d45-962c-489d-8396-5e2af81705e8");
INSERT INTO V_BIN
	VALUES ("08484517-68d5-47fa-a1b2-38aecc36cccb",
	"4cc096ae-ab2f-4b40-ad95-e5b5de6770e2",
	"b7d1bd5e-be0c-44a8-b76f-01ca886f138b",
	'==');
INSERT INTO V_VAL
	VALUES ("4cc096ae-ab2f-4b40-ad95-e5b5de6770e2",
	0,
	0,
	7,
	50,
	57,
	0,
	0,
	0,
	0,
	"1046565f-b268-477d-9a1e-d49203519d42",
	"b1585d45-962c-489d-8396-5e2af81705e8");
INSERT INTO V_LEN
	VALUES ("4cc096ae-ab2f-4b40-ad95-e5b5de6770e2",
	"18a65186-c68d-4a50-a749-1510a6cd9e1e",
	7,
	36);
INSERT INTO V_VAR
	VALUES ("d27a7d02-4c46-46c5-ac52-69044144951d",
	"b1585d45-962c-489d-8396-5e2af81705e8",
	'self',
	1,
	"ba5eda7a-def5-0000-0000-000000000008");
INSERT INTO V_INT
	VALUES ("d27a7d02-4c46-46c5-ac52-69044144951d",
	0,
	"21726274-a60c-4843-a337-c30d3e6fd999");
INSERT INTO V_LOC
	VALUES ("dd882455-31f0-4027-a7dc-54b7ba93ea17",
	1,
	5,
	8,
	"d27a7d02-4c46-46c5-ac52-69044144951d");
INSERT INTO V_LOC
	VALUES ("a417240f-797c-4abc-b6fa-ba633b41f891",
	2,
	4,
	7,
	"d27a7d02-4c46-46c5-ac52-69044144951d");
INSERT INTO V_LOC
	VALUES ("0a85999d-f411-4738-991b-bf725f21af33",
	3,
	7,
	10,
	"d27a7d02-4c46-46c5-ac52-69044144951d");
INSERT INTO V_LOC
	VALUES ("6a895732-8f59-4193-bb7f-4fc316131ee4",
	4,
	4,
	7,
	"d27a7d02-4c46-46c5-ac52-69044144951d");
INSERT INTO V_LOC
	VALUES ("e62531f9-fa55-48f7-be61-3a80336aa6db",
	5,
	7,
	10,
	"d27a7d02-4c46-46c5-ac52-69044144951d");
INSERT INTO V_LOC
	VALUES ("c9586fdf-0c36-4182-8d21-5799cb0b3e57",
	6,
	4,
	7,
	"d27a7d02-4c46-46c5-ac52-69044144951d");
INSERT INTO V_LOC
	VALUES ("8beb8947-60a5-4e08-903c-f3c743dcf2b7",
	7,
	7,
	10,
	"d27a7d02-4c46-46c5-ac52-69044144951d");
INSERT INTO V_LOC
	VALUES ("6bd28fe9-75aa-4967-a41c-26f3b9e57d71",
	8,
	4,
	7,
	"d27a7d02-4c46-46c5-ac52-69044144951d");
INSERT INTO ACT_BLK
	VALUES ("d966ef5e-eddb-40b8-a2a1-8ea37c840288",
	0,
	0,
	0,
	'',
	'',
	'',
	2,
	4,
	0,
	0,
	0,
	0,
	0,
	0,
	0,
	0,
	2,
	32,
	0,
	"fe7ea534-1669-4fde-b474-d3f7186fc0a5",
	"00000000-0000-0000-0000-000000000000");
INSERT INTO ACT_SMT
	VALUES ("eabab9a2-6b8d-4451-a075-d612584fa2c0",
	"d966ef5e-eddb-40b8-a2a1-8ea37c840288",
	"00000000-0000-0000-0000-000000000000",
	2,
	4,
	'Magnetron Tube::Raising Output Power line: 2');
INSERT INTO ACT_AI
	VALUES ("eabab9a2-6b8d-4451-a075-d612584fa2c0",
	"d4638835-8367-4453-88a9-f66a47cdf52e",
	"0de242a1-323f-4988-bd71-9f9613409bd1",
	0,
	0);
INSERT INTO V_VAL
	VALUES ("cc2925a7-8bd5-4e07-804d-0c0e6fe62752",
	1,
	0,
	2,
	4,
	7,
	0,
	0,
	0,
	0,
	"ba5eda7a-def5-0000-0000-000000000008",
	"d966ef5e-eddb-40b8-a2a1-8ea37c840288");
INSERT INTO V_IRF
	VALUES ("cc2925a7-8bd5-4e07-804d-0c0e6fe62752",
	"d27a7d02-4c46-46c5-ac52-69044144951d");
INSERT INTO V_VAL
	VALUES ("0de242a1-323f-4988-bd71-9f9613409bd1",
	1,
	0,
	2,
	9,
	28,
	0,
	0,
	0,
	0,
	"1046565f-b268-477d-9a1e-d49203519d42",
	"d966ef5e-eddb-40b8-a2a1-8ea37c840288");
INSERT INTO V_AVL
	VALUES ("0de242a1-323f-4988-bd71-9f9613409bd1",
	"cc2925a7-8bd5-4e07-804d-0c0e6fe62752",
	"21726274-a60c-4843-a337-c30d3e6fd999",
	"7fa5e56f-05e8-42f6-b32f-a31ffdf0cd3e");
INSERT INTO V_VAL
	VALUES ("d4638835-8367-4453-88a9-f66a47cdf52e",
	0,
	0,
	2,
	46,
	52,
	0,
	0,
	0,
	0,
	"1046565f-b268-477d-9a1e-d49203519d42",
	"d966ef5e-eddb-40b8-a2a1-8ea37c840288");
INSERT INTO V_LEN
	VALUES ("d4638835-8367-4453-88a9-f66a47cdf52e",
	"7c94ce56-e1ab-4888-af0c-a8962d049597",
	2,
	32);
INSERT INTO ACT_BLK
	VALUES ("7bf803fc-4335-42da-b537-3be9fe392299",
	0,
	0,
	0,
	'',
	'',
	'',
	4,
	4,
	0,
	0,
	0,
	0,
	0,
	0,
	0,
	0,
	4,
	32,
	0,
	"fe7ea534-1669-4fde-b474-d3f7186fc0a5",
	"00000000-0000-0000-0000-000000000000");
INSERT INTO ACT_SMT
	VALUES ("68aa168e-3e9c-4537-9601-4ed6c9d56edd",
	"7bf803fc-4335-42da-b537-3be9fe392299",
	"00000000-0000-0000-0000-000000000000",
	4,
	4,
	'Magnetron Tube::Raising Output Power line: 4');
INSERT INTO ACT_AI
	VALUES ("68aa168e-3e9c-4537-9601-4ed6c9d56edd",
	"8791b240-5e91-4c11-baa8-313e8656c7a1",
	"09b4b5e9-31c6-4d3e-823e-69a51ed69c5c",
	0,
	0);
INSERT INTO V_VAL
	VALUES ("e7173236-cac2-4dfe-be22-955b2f2b91fa",
	1,
	0,
	4,
	4,
	7,
	0,
	0,
	0,
	0,
	"ba5eda7a-def5-0000-0000-000000000008",
	"7bf803fc-4335-42da-b537-3be9fe392299");
INSERT INTO V_IRF
	VALUES ("e7173236-cac2-4dfe-be22-955b2f2b91fa",
	"d27a7d02-4c46-46c5-ac52-69044144951d");
INSERT INTO V_VAL
	VALUES ("09b4b5e9-31c6-4d3e-823e-69a51ed69c5c",
	1,
	0,
	4,
	9,
	28,
	0,
	0,
	0,
	0,
	"1046565f-b268-477d-9a1e-d49203519d42",
	"7bf803fc-4335-42da-b537-3be9fe392299");
INSERT INTO V_AVL
	VALUES ("09b4b5e9-31c6-4d3e-823e-69a51ed69c5c",
	"e7173236-cac2-4dfe-be22-955b2f2b91fa",
	"21726274-a60c-4843-a337-c30d3e6fd999",
	"7fa5e56f-05e8-42f6-b32f-a31ffdf0cd3e");
INSERT INTO V_VAL
	VALUES ("8791b240-5e91-4c11-baa8-313e8656c7a1",
	0,
	0,
	4,
	46,
	51,
	0,
	0,
	0,
	0,
	"1046565f-b268-477d-9a1e-d49203519d42",
	"7bf803fc-4335-42da-b537-3be9fe392299");
INSERT INTO V_LEN
	VALUES ("8791b240-5e91-4c11-baa8-313e8656c7a1",
	"dc644a16-9d68-4638-90ac-152b146f85cf",
	4,
	32);
INSERT INTO ACT_BLK
	VALUES ("5297ac5d-3e22-4c13-b9dd-6c0b4b674e2e",
	0,
	0,
	0,
	'',
	'',
	'',
	6,
	4,
	0,
	0,
	0,
	0,
	0,
	0,
	0,
	0,
	6,
	32,
	0,
	"fe7ea534-1669-4fde-b474-d3f7186fc0a5",
	"00000000-0000-0000-0000-000000000000");
INSERT INTO ACT_SMT
	VALUES ("9d09cf5d-7b87-4973-8fca-237db122eeb7",
	"5297ac5d-3e22-4c13-b9dd-6c0b4b674e2e",
	"00000000-0000-0000-0000-000000000000",
	6,
	4,
	'Magnetron Tube::Raising Output Power line: 6');
INSERT INTO ACT_AI
	VALUES ("9d09cf5d-7b87-4973-8fca-237db122eeb7",
	"5de26367-126d-4be3-9142-143dc42f9b58",
	"a2132f3d-b1ed-4b91-8352-58efc5e6c71b",
	0,
	0);
INSERT INTO V_VAL
	VALUES ("ec671e5c-fce5-464d-aa29-2ec5284abf89",
	1,
	0,
	6,
	4,
	7,
	0,
	0,
	0,
	0,
	"ba5eda7a-def5-0000-0000-000000000008",
	"5297ac5d-3e22-4c13-b9dd-6c0b4b674e2e");
INSERT INTO V_IRF
	VALUES ("ec671e5c-fce5-464d-aa29-2ec5284abf89",
	"d27a7d02-4c46-46c5-ac52-69044144951d");
INSERT INTO V_VAL
	VALUES ("a2132f3d-b1ed-4b91-8352-58efc5e6c71b",
	1,
	0,
	6,
	9,
	28,
	0,
	0,
	0,
	0,
	"1046565f-b268-477d-9a1e-d49203519d42",
	"5297ac5d-3e22-4c13-b9dd-6c0b4b674e2e");
INSERT INTO V_AVL
	VALUES ("a2132f3d-b1ed-4b91-8352-58efc5e6c71b",
	"ec671e5c-fce5-464d-aa29-2ec5284abf89",
	"21726274-a60c-4843-a337-c30d3e6fd999",
	"7fa5e56f-05e8-42f6-b32f-a31ffdf0cd3e");
INSERT INTO V_VAL
	VALUES ("5de26367-126d-4be3-9142-143dc42f9b58",
	0,
	0,
	6,
	46,
	53,
	0,
	0,
	0,
	0,
	"1046565f-b268-477d-9a1e-d49203519d42",
	"5297ac5d-3e22-4c13-b9dd-6c0b4b674e2e");
INSERT INTO V_LEN
	VALUES ("5de26367-126d-4be3-9142-143dc42f9b58",
	"18a65186-c68d-4a50-a749-1510a6cd9e1e",
	6,
	32);
INSERT INTO ACT_BLK
	VALUES ("99ec76e6-a047-4af6-91bf-bf87fea64a75",
	0,
	0,
	0,
	'',
	'',
	'',
	8,
	4,
	0,
	0,
	0,
	0,
	0,
	0,
	0,
	0,
	8,
	32,
	0,
	"fe7ea534-1669-4fde-b474-d3f7186fc0a5",
	"00000000-0000-0000-0000-000000000000");
INSERT INTO ACT_SMT
	VALUES ("a7306d59-9992-4ff0-bba3-cb36577a7b7c",
	"99ec76e6-a047-4af6-91bf-bf87fea64a75",
	"00000000-0000-0000-0000-000000000000",
	8,
	4,
	'Magnetron Tube::Raising Output Power line: 8');
INSERT INTO ACT_AI
	VALUES ("a7306d59-9992-4ff0-bba3-cb36577a7b7c",
	"02d35668-181b-46e3-aa08-7d18aa9a310c",
	"f8161e42-3e63-467b-a461-b943770f5bcf",
	0,
	0);
INSERT INTO V_VAL
	VALUES ("5cb298de-af9e-4116-a50e-576e296a1dcd",
	1,
	0,
	8,
	4,
	7,
	0,
	0,
	0,
	0,
	"ba5eda7a-def5-0000-0000-000000000008",
	"99ec76e6-a047-4af6-91bf-bf87fea64a75");
INSERT INTO V_IRF
	VALUES ("5cb298de-af9e-4116-a50e-576e296a1dcd",
	"d27a7d02-4c46-46c5-ac52-69044144951d");
INSERT INTO V_VAL
	VALUES ("f8161e42-3e63-467b-a461-b943770f5bcf",
	1,
	0,
	8,
	9,
	28,
	0,
	0,
	0,
	0,
	"1046565f-b268-477d-9a1e-d49203519d42",
	"99ec76e6-a047-4af6-91bf-bf87fea64a75");
INSERT INTO V_AVL
	VALUES ("f8161e42-3e63-467b-a461-b943770f5bcf",
	"5cb298de-af9e-4116-a50e-576e296a1dcd",
	"21726274-a60c-4843-a337-c30d3e6fd999",
	"7fa5e56f-05e8-42f6-b32f-a31ffdf0cd3e");
INSERT INTO V_VAL
	VALUES ("02d35668-181b-46e3-aa08-7d18aa9a310c",
	0,
	0,
	8,
	46,
	49,
	0,
	0,
	0,
	0,
	"1046565f-b268-477d-9a1e-d49203519d42",
	"99ec76e6-a047-4af6-91bf-bf87fea64a75");
INSERT INTO V_LEN
	VALUES ("02d35668-181b-46e3-aa08-7d18aa9a310c",
	"e9670705-a1ed-467a-970d-c69b80755b38",
	8,
	32);
INSERT INTO SM_STATE
	VALUES ("74844c34-d98e-4a07-a085-dfeb92c5b547",
	"97b1ad04-2000-4909-9861-366ffabadd95",
	"00000000-0000-0000-0000-000000000000",
	'Output Power Stable and ON',
	4,
	0);
INSERT INTO SM_SEME
	VALUES ("74844c34-d98e-4a07-a085-dfeb92c5b547",
	"7c3ecb89-8961-4658-8e64-a06f045704ba",
	"97b1ad04-2000-4909-9861-366ffabadd95",
	"00000000-0000-0000-0000-000000000000");
INSERT INTO SM_SEME
	VALUES ("74844c34-d98e-4a07-a085-dfeb92c5b547",
	"6358e0ea-c97e-49f9-806f-277e239ee029",
	"97b1ad04-2000-4909-9861-366ffabadd95",
	"00000000-0000-0000-0000-000000000000");
INSERT INTO SM_EIGN
	VALUES ("74844c34-d98e-4a07-a085-dfeb92c5b547",
	"4d948de7-78f1-4f95-a68a-b013bf5ae28c",
	"97b1ad04-2000-4909-9861-366ffabadd95",
	"00000000-0000-0000-0000-000000000000",
	'');
INSERT INTO SM_SEME
	VALUES ("74844c34-d98e-4a07-a085-dfeb92c5b547",
	"4d948de7-78f1-4f95-a68a-b013bf5ae28c",
	"97b1ad04-2000-4909-9861-366ffabadd95",
	"00000000-0000-0000-0000-000000000000");
INSERT INTO SM_SEME
	VALUES ("74844c34-d98e-4a07-a085-dfeb92c5b547",
	"0aa3db88-2647-4347-8628-2bd8db1b405b",
	"97b1ad04-2000-4909-9861-366ffabadd95",
	"00000000-0000-0000-0000-000000000000");
INSERT INTO SM_MOAH
	VALUES ("43f2eadc-b111-478c-9683-371474661139",
	"97b1ad04-2000-4909-9861-366ffabadd95",
	"74844c34-d98e-4a07-a085-dfeb92c5b547");
INSERT INTO SM_AH
	VALUES ("43f2eadc-b111-478c-9683-371474661139",
	"97b1ad04-2000-4909-9861-366ffabadd95");
INSERT INTO SM_ACT
	VALUES ("43f2eadc-b111-478c-9683-371474661139",
	"97b1ad04-2000-4909-9861-366ffabadd95",
	1,
	'',
	'');
INSERT INTO ACT_SAB
	VALUES ("6ef0be8f-f4ea-4780-bd33-91163f0050e5",
	"97b1ad04-2000-4909-9861-366ffabadd95",
	"43f2eadc-b111-478c-9683-371474661139");
INSERT INTO ACT_ACT
	VALUES ("6ef0be8f-f4ea-4780-bd33-91163f0050e5",
	'state',
	0,
	"d366adda-cbac-4601-961e-746676ec36ac",
	"00000000-0000-0000-0000-000000000000",
	0,
	'Magnetron Tube::Output Power Stable and ON',
	"00000000-0000-0000-0000-000000000000");
INSERT INTO ACT_BLK
	VALUES ("d366adda-cbac-4601-961e-746676ec36ac",
	0,
	0,
	0,
	'',
	'',
	'',
	0,
	0,
	0,
	0,
	0,
	0,
	0,
	0,
	0,
	0,
	0,
	0,
	0,
	"6ef0be8f-f4ea-4780-bd33-91163f0050e5",
	"00000000-0000-0000-0000-000000000000");
INSERT INTO SM_NSTXN
	VALUES ("0d207911-a824-4815-be31-eac8a07025b6",
	"97b1ad04-2000-4909-9861-366ffabadd95",
	"79cc3674-ba7a-42fd-9f92-cbbda25424c9",
	"6358e0ea-c97e-49f9-806f-277e239ee029",
	"00000000-0000-0000-0000-000000000000");
INSERT INTO SM_TAH
	VALUES ("ce40ed5d-cd8d-4f25-9fab-ac319c59f616",
	"97b1ad04-2000-4909-9861-366ffabadd95",
	"0d207911-a824-4815-be31-eac8a07025b6");
INSERT INTO SM_AH
	VALUES ("ce40ed5d-cd8d-4f25-9fab-ac319c59f616",
	"97b1ad04-2000-4909-9861-366ffabadd95");
INSERT INTO SM_ACT
	VALUES ("ce40ed5d-cd8d-4f25-9fab-ac319c59f616",
	"97b1ad04-2000-4909-9861-366ffabadd95",
	1,
	'',
	'');
INSERT INTO ACT_TAB
	VALUES ("44a483bb-a461-4c46-b46f-593f16b8192b",
	"97b1ad04-2000-4909-9861-366ffabadd95",
	"ce40ed5d-cd8d-4f25-9fab-ac319c59f616");
INSERT INTO ACT_ACT
	VALUES ("44a483bb-a461-4c46-b46f-593f16b8192b",
	'transition',
	0,
	"64e1c210-be12-4cc6-965c-c1cf60c55f85",
	"00000000-0000-0000-0000-000000000000",
	0,
	'MO_MT2: decrease_power',
	"00000000-0000-0000-0000-000000000000");
INSERT INTO ACT_BLK
	VALUES ("64e1c210-be12-4cc6-965c-c1cf60c55f85",
	0,
	0,
	0,
	'',
	'',
	'',
	0,
	0,
	0,
	0,
	0,
	0,
	0,
	0,
	0,
	0,
	0,
	0,
	0,
	"44a483bb-a461-4c46-b46f-593f16b8192b",
	"00000000-0000-0000-0000-000000000000");
INSERT INTO SM_TXN
	VALUES ("0d207911-a824-4815-be31-eac8a07025b6",
	"97b1ad04-2000-4909-9861-366ffabadd95",
	"9413bec2-560d-4a3f-b05f-6192805895e3",
	"00000000-0000-0000-0000-000000000000");
INSERT INTO SM_NSTXN
	VALUES ("d43b6968-6154-471a-b6cd-13a102cdae43",
	"97b1ad04-2000-4909-9861-366ffabadd95",
	"79cc3674-ba7a-42fd-9f92-cbbda25424c9",
	"7c3ecb89-8961-4658-8e64-a06f045704ba",
	"00000000-0000-0000-0000-000000000000");
INSERT INTO SM_TAH
	VALUES ("310f0998-4e6d-4349-b576-4b1085673a05",
	"97b1ad04-2000-4909-9861-366ffabadd95",
	"d43b6968-6154-471a-b6cd-13a102cdae43");
INSERT INTO SM_AH
	VALUES ("310f0998-4e6d-4349-b576-4b1085673a05",
	"97b1ad04-2000-4909-9861-366ffabadd95");
INSERT INTO SM_ACT
	VALUES ("310f0998-4e6d-4349-b576-4b1085673a05",
	"97b1ad04-2000-4909-9861-366ffabadd95",
	1,
	'',
	'');
INSERT INTO ACT_TAB
	VALUES ("275232f4-a726-4b41-8241-cd03ab1d72e4",
	"97b1ad04-2000-4909-9861-366ffabadd95",
	"310f0998-4e6d-4349-b576-4b1085673a05");
INSERT INTO ACT_ACT
	VALUES ("275232f4-a726-4b41-8241-cd03ab1d72e4",
	'transition',
	0,
	"f602193b-b003-4c95-9932-711a1cd6a4e6",
	"00000000-0000-0000-0000-000000000000",
	0,
	'MO_MT1: increase_power',
	"00000000-0000-0000-0000-000000000000");
INSERT INTO ACT_BLK
	VALUES ("f602193b-b003-4c95-9932-711a1cd6a4e6",
	0,
	0,
	0,
	'',
	'',
	'',
	0,
	0,
	0,
	0,
	0,
	0,
	0,
	0,
	0,
	0,
	0,
	0,
	0,
	"275232f4-a726-4b41-8241-cd03ab1d72e4",
	"00000000-0000-0000-0000-000000000000");
INSERT INTO SM_TXN
	VALUES ("d43b6968-6154-471a-b6cd-13a102cdae43",
	"97b1ad04-2000-4909-9861-366ffabadd95",
	"4e2c9c1b-65e8-475f-9f70-cc9de1e9ad4e",
	"00000000-0000-0000-0000-000000000000");
INSERT INTO SM_NSTXN
	VALUES ("bae6ecf3-f80e-4c80-99cb-fdd4746fc85d",
	"97b1ad04-2000-4909-9861-366ffabadd95",
	"9413bec2-560d-4a3f-b05f-6192805895e3",
	"7c3ecb89-8961-4658-8e64-a06f045704ba",
	"00000000-0000-0000-0000-000000000000");
INSERT INTO SM_TAH
	VALUES ("480fb86b-5398-4b83-8d15-961ccee88346",
	"97b1ad04-2000-4909-9861-366ffabadd95",
	"bae6ecf3-f80e-4c80-99cb-fdd4746fc85d");
INSERT INTO SM_AH
	VALUES ("480fb86b-5398-4b83-8d15-961ccee88346",
	"97b1ad04-2000-4909-9861-366ffabadd95");
INSERT INTO SM_ACT
	VALUES ("480fb86b-5398-4b83-8d15-961ccee88346",
	"97b1ad04-2000-4909-9861-366ffabadd95",
	1,
	'',
	'');
INSERT INTO ACT_TAB
	VALUES ("35edcdc9-a5bf-4546-9f26-8188e431dc23",
	"97b1ad04-2000-4909-9861-366ffabadd95",
	"480fb86b-5398-4b83-8d15-961ccee88346");
INSERT INTO ACT_ACT
	VALUES ("35edcdc9-a5bf-4546-9f26-8188e431dc23",
	'transition',
	0,
	"7957d034-9b9b-4f5d-8961-8093d3606cec",
	"00000000-0000-0000-0000-000000000000",
	0,
	'MO_MT1: increase_power',
	"00000000-0000-0000-0000-000000000000");
INSERT INTO ACT_BLK
	VALUES ("7957d034-9b9b-4f5d-8961-8093d3606cec",
	0,
	0,
	0,
	'',
	'',
	'',
	0,
	0,
	0,
	0,
	0,
	0,
	0,
	0,
	0,
	0,
	0,
	0,
	0,
	"35edcdc9-a5bf-4546-9f26-8188e431dc23",
	"00000000-0000-0000-0000-000000000000");
INSERT INTO SM_TXN
	VALUES ("bae6ecf3-f80e-4c80-99cb-fdd4746fc85d",
	"97b1ad04-2000-4909-9861-366ffabadd95",
	"4e2c9c1b-65e8-475f-9f70-cc9de1e9ad4e",
	"00000000-0000-0000-0000-000000000000");
INSERT INTO SM_NSTXN
	VALUES ("ce95210e-6b3e-4710-b879-96d44153753c",
	"97b1ad04-2000-4909-9861-366ffabadd95",
	"4e2c9c1b-65e8-475f-9f70-cc9de1e9ad4e",
	"6358e0ea-c97e-49f9-806f-277e239ee029",
	"00000000-0000-0000-0000-000000000000");
INSERT INTO SM_TAH
	VALUES ("6f8f7b00-349e-4e0a-88fa-aedf73d20551",
	"97b1ad04-2000-4909-9861-366ffabadd95",
	"ce95210e-6b3e-4710-b879-96d44153753c");
INSERT INTO SM_AH
	VALUES ("6f8f7b00-349e-4e0a-88fa-aedf73d20551",
	"97b1ad04-2000-4909-9861-366ffabadd95");
INSERT INTO SM_ACT
	VALUES ("6f8f7b00-349e-4e0a-88fa-aedf73d20551",
	"97b1ad04-2000-4909-9861-366ffabadd95",
	1,
	'',
	'');
INSERT INTO ACT_TAB
	VALUES ("2440e8b9-b416-4e62-9bb9-771c144bca2b",
	"97b1ad04-2000-4909-9861-366ffabadd95",
	"6f8f7b00-349e-4e0a-88fa-aedf73d20551");
INSERT INTO ACT_ACT
	VALUES ("2440e8b9-b416-4e62-9bb9-771c144bca2b",
	'transition',
	0,
	"bc7521cd-5304-4a66-a732-6dfeae109dd0",
	"00000000-0000-0000-0000-000000000000",
	0,
	'MO_MT2: decrease_power',
	"00000000-0000-0000-0000-000000000000");
INSERT INTO ACT_BLK
	VALUES ("bc7521cd-5304-4a66-a732-6dfeae109dd0",
	0,
	0,
	0,
	'',
	'',
	'',
	0,
	0,
	0,
	0,
	0,
	0,
	0,
	0,
	0,
	0,
	0,
	0,
	0,
	"2440e8b9-b416-4e62-9bb9-771c144bca2b",
	"00000000-0000-0000-0000-000000000000");
INSERT INTO SM_TXN
	VALUES ("ce95210e-6b3e-4710-b879-96d44153753c",
	"97b1ad04-2000-4909-9861-366ffabadd95",
	"9413bec2-560d-4a3f-b05f-6192805895e3",
	"00000000-0000-0000-0000-000000000000");
INSERT INTO SM_NSTXN
	VALUES ("0ef2fc06-48bf-4726-b643-351f3151dab5",
	"97b1ad04-2000-4909-9861-366ffabadd95",
	"9413bec2-560d-4a3f-b05f-6192805895e3",
	"0aa3db88-2647-4347-8628-2bd8db1b405b",
	"00000000-0000-0000-0000-000000000000");
INSERT INTO SM_TAH
	VALUES ("455c6772-d910-4fd7-b5ea-48e44775e1bc",
	"97b1ad04-2000-4909-9861-366ffabadd95",
	"0ef2fc06-48bf-4726-b643-351f3151dab5");
INSERT INTO SM_AH
	VALUES ("455c6772-d910-4fd7-b5ea-48e44775e1bc",
	"97b1ad04-2000-4909-9861-366ffabadd95");
INSERT INTO SM_ACT
	VALUES ("455c6772-d910-4fd7-b5ea-48e44775e1bc",
	"97b1ad04-2000-4909-9861-366ffabadd95",
	1,
	'',
	'');
INSERT INTO ACT_TAB
	VALUES ("0511f8fe-c905-4eda-84a4-e1dfe32aeda0",
	"97b1ad04-2000-4909-9861-366ffabadd95",
	"455c6772-d910-4fd7-b5ea-48e44775e1bc");
INSERT INTO ACT_ACT
	VALUES ("0511f8fe-c905-4eda-84a4-e1dfe32aeda0",
	'transition',
	0,
	"453c828d-ba54-44b2-8e3b-a9196da0b6fd",
	"00000000-0000-0000-0000-000000000000",
	0,
	'MO_MT4: power_off',
	"00000000-0000-0000-0000-000000000000");
INSERT INTO ACT_BLK
	VALUES ("453c828d-ba54-44b2-8e3b-a9196da0b6fd",
	0,
	0,
	0,
	'',
	'',
	'',
	0,
	0,
	0,
	0,
	0,
	0,
	0,
	0,
	0,
	0,
	0,
	0,
	0,
	"0511f8fe-c905-4eda-84a4-e1dfe32aeda0",
	"00000000-0000-0000-0000-000000000000");
INSERT INTO SM_TXN
	VALUES ("0ef2fc06-48bf-4726-b643-351f3151dab5",
	"97b1ad04-2000-4909-9861-366ffabadd95",
	"79cc3674-ba7a-42fd-9f92-cbbda25424c9",
	"00000000-0000-0000-0000-000000000000");
INSERT INTO SM_NSTXN
	VALUES ("76cd51cd-0b7a-4dce-8bd4-979dc3c2c5f5",
	"97b1ad04-2000-4909-9861-366ffabadd95",
	"4e2c9c1b-65e8-475f-9f70-cc9de1e9ad4e",
	"0aa3db88-2647-4347-8628-2bd8db1b405b",
	"00000000-0000-0000-0000-000000000000");
INSERT INTO SM_TAH
	VALUES ("9ff14b15-31b7-459c-89a9-0820e637100b",
	"97b1ad04-2000-4909-9861-366ffabadd95",
	"76cd51cd-0b7a-4dce-8bd4-979dc3c2c5f5");
INSERT INTO SM_AH
	VALUES ("9ff14b15-31b7-459c-89a9-0820e637100b",
	"97b1ad04-2000-4909-9861-366ffabadd95");
INSERT INTO SM_ACT
	VALUES ("9ff14b15-31b7-459c-89a9-0820e637100b",
	"97b1ad04-2000-4909-9861-366ffabadd95",
	1,
	'',
	'');
INSERT INTO ACT_TAB
	VALUES ("4f6516ba-8a4d-4f5e-b932-3d4a9d6b5d6f",
	"97b1ad04-2000-4909-9861-366ffabadd95",
	"9ff14b15-31b7-459c-89a9-0820e637100b");
INSERT INTO ACT_ACT
	VALUES ("4f6516ba-8a4d-4f5e-b932-3d4a9d6b5d6f",
	'transition',
	0,
	"b12c6c11-a5ec-4873-b949-0831b81bb8be",
	"00000000-0000-0000-0000-000000000000",
	0,
	'MO_MT4: power_off',
	"00000000-0000-0000-0000-000000000000");
INSERT INTO ACT_BLK
	VALUES ("b12c6c11-a5ec-4873-b949-0831b81bb8be",
	0,
	0,
	0,
	'',
	'',
	'',
	0,
	0,
	0,
	0,
	0,
	0,
	0,
	0,
	0,
	0,
	0,
	0,
	0,
	"4f6516ba-8a4d-4f5e-b932-3d4a9d6b5d6f",
	"00000000-0000-0000-0000-000000000000");
INSERT INTO SM_TXN
	VALUES ("76cd51cd-0b7a-4dce-8bd4-979dc3c2c5f5",
	"97b1ad04-2000-4909-9861-366ffabadd95",
	"79cc3674-ba7a-42fd-9f92-cbbda25424c9",
	"00000000-0000-0000-0000-000000000000");
INSERT INTO SM_NSTXN
	VALUES ("8867ac36-0298-4d8f-bfa0-6b433e2dcb40",
	"97b1ad04-2000-4909-9861-366ffabadd95",
	"9413bec2-560d-4a3f-b05f-6192805895e3",
	"4d948de7-78f1-4f95-a68a-b013bf5ae28c",
	"00000000-0000-0000-0000-000000000000");
INSERT INTO SM_TAH
	VALUES ("b78fb2fa-2f4a-453b-8b8d-2dfedcb475c0",
	"97b1ad04-2000-4909-9861-366ffabadd95",
	"8867ac36-0298-4d8f-bfa0-6b433e2dcb40");
INSERT INTO SM_AH
	VALUES ("b78fb2fa-2f4a-453b-8b8d-2dfedcb475c0",
	"97b1ad04-2000-4909-9861-366ffabadd95");
INSERT INTO SM_ACT
	VALUES ("b78fb2fa-2f4a-453b-8b8d-2dfedcb475c0",
	"97b1ad04-2000-4909-9861-366ffabadd95",
	1,
	'',
	'');
INSERT INTO ACT_TAB
	VALUES ("f8977dbc-fae6-4884-8d1d-29c3e4401cd2",
	"97b1ad04-2000-4909-9861-366ffabadd95",
	"b78fb2fa-2f4a-453b-8b8d-2dfedcb475c0");
INSERT INTO ACT_ACT
	VALUES ("f8977dbc-fae6-4884-8d1d-29c3e4401cd2",
	'transition',
	0,
	"e548afca-746e-4cc2-9070-490ae4a30b56",
	"00000000-0000-0000-0000-000000000000",
	0,
	'MO_MT3: power_on',
	"00000000-0000-0000-0000-000000000000");
INSERT INTO ACT_BLK
	VALUES ("e548afca-746e-4cc2-9070-490ae4a30b56",
	0,
	0,
	0,
	'',
	'',
	'',
	0,
	0,
	0,
	0,
	0,
	0,
	0,
	0,
	0,
	0,
	0,
	0,
	0,
	"f8977dbc-fae6-4884-8d1d-29c3e4401cd2",
	"00000000-0000-0000-0000-000000000000");
INSERT INTO SM_TXN
	VALUES ("8867ac36-0298-4d8f-bfa0-6b433e2dcb40",
	"97b1ad04-2000-4909-9861-366ffabadd95",
	"74844c34-d98e-4a07-a085-dfeb92c5b547",
	"00000000-0000-0000-0000-000000000000");
INSERT INTO SM_NSTXN
	VALUES ("f6f40a4b-6a37-4405-877f-cb7ff30ee943",
	"97b1ad04-2000-4909-9861-366ffabadd95",
	"74844c34-d98e-4a07-a085-dfeb92c5b547",
	"6358e0ea-c97e-49f9-806f-277e239ee029",
	"00000000-0000-0000-0000-000000000000");
INSERT INTO SM_TAH
	VALUES ("f3f83fc4-b435-42d4-862b-7d01baf7790c",
	"97b1ad04-2000-4909-9861-366ffabadd95",
	"f6f40a4b-6a37-4405-877f-cb7ff30ee943");
INSERT INTO SM_AH
	VALUES ("f3f83fc4-b435-42d4-862b-7d01baf7790c",
	"97b1ad04-2000-4909-9861-366ffabadd95");
INSERT INTO SM_ACT
	VALUES ("f3f83fc4-b435-42d4-862b-7d01baf7790c",
	"97b1ad04-2000-4909-9861-366ffabadd95",
	1,
	'',
	'');
INSERT INTO ACT_TAB
	VALUES ("156dda6b-0ba0-4b1f-9857-e930cff09d84",
	"97b1ad04-2000-4909-9861-366ffabadd95",
	"f3f83fc4-b435-42d4-862b-7d01baf7790c");
INSERT INTO ACT_ACT
	VALUES ("156dda6b-0ba0-4b1f-9857-e930cff09d84",
	'transition',
	0,
	"45a1d346-88e6-416a-a9df-a2af1411b327",
	"00000000-0000-0000-0000-000000000000",
	0,
	'MO_MT2: decrease_power',
	"00000000-0000-0000-0000-000000000000");
INSERT INTO ACT_BLK
	VALUES ("45a1d346-88e6-416a-a9df-a2af1411b327",
	0,
	0,
	0,
	'',
	'',
	'',
	0,
	0,
	0,
	0,
	0,
	0,
	0,
	0,
	0,
	0,
	0,
	0,
	0,
	"156dda6b-0ba0-4b1f-9857-e930cff09d84",
	"00000000-0000-0000-0000-000000000000");
INSERT INTO SM_TXN
	VALUES ("f6f40a4b-6a37-4405-877f-cb7ff30ee943",
	"97b1ad04-2000-4909-9861-366ffabadd95",
	"9413bec2-560d-4a3f-b05f-6192805895e3",
	"00000000-0000-0000-0000-000000000000");
INSERT INTO SM_NSTXN
	VALUES ("e1c67cb0-ceca-44f9-95e1-9e6a472baa81",
	"97b1ad04-2000-4909-9861-366ffabadd95",
	"74844c34-d98e-4a07-a085-dfeb92c5b547",
	"7c3ecb89-8961-4658-8e64-a06f045704ba",
	"00000000-0000-0000-0000-000000000000");
INSERT INTO SM_TAH
	VALUES ("36969612-0712-4a2f-a5fa-312102697321",
	"97b1ad04-2000-4909-9861-366ffabadd95",
	"e1c67cb0-ceca-44f9-95e1-9e6a472baa81");
INSERT INTO SM_AH
	VALUES ("36969612-0712-4a2f-a5fa-312102697321",
	"97b1ad04-2000-4909-9861-366ffabadd95");
INSERT INTO SM_ACT
	VALUES ("36969612-0712-4a2f-a5fa-312102697321",
	"97b1ad04-2000-4909-9861-366ffabadd95",
	1,
	'',
	'');
INSERT INTO ACT_TAB
	VALUES ("7da648ad-ddb6-4239-8f05-bd233e471012",
	"97b1ad04-2000-4909-9861-366ffabadd95",
	"36969612-0712-4a2f-a5fa-312102697321");
INSERT INTO ACT_ACT
	VALUES ("7da648ad-ddb6-4239-8f05-bd233e471012",
	'transition',
	0,
	"9df07ff6-f202-4109-bd44-8698f4c7d5a8",
	"00000000-0000-0000-0000-000000000000",
	0,
	'MO_MT1: increase_power',
	"00000000-0000-0000-0000-000000000000");
INSERT INTO ACT_BLK
	VALUES ("9df07ff6-f202-4109-bd44-8698f4c7d5a8",
	0,
	0,
	0,
	'',
	'',
	'',
	0,
	0,
	0,
	0,
	0,
	0,
	0,
	0,
	0,
	0,
	0,
	0,
	0,
	"7da648ad-ddb6-4239-8f05-bd233e471012",
	"00000000-0000-0000-0000-000000000000");
INSERT INTO SM_TXN
	VALUES ("e1c67cb0-ceca-44f9-95e1-9e6a472baa81",
	"97b1ad04-2000-4909-9861-366ffabadd95",
	"4e2c9c1b-65e8-475f-9f70-cc9de1e9ad4e",
	"00000000-0000-0000-0000-000000000000");
INSERT INTO SM_NSTXN
	VALUES ("d47184c4-9bb8-483a-8ad6-82d48580d8db",
	"97b1ad04-2000-4909-9861-366ffabadd95",
	"4e2c9c1b-65e8-475f-9f70-cc9de1e9ad4e",
	"4d948de7-78f1-4f95-a68a-b013bf5ae28c",
	"00000000-0000-0000-0000-000000000000");
INSERT INTO SM_TAH
	VALUES ("4e4a4573-02e6-4859-a56f-dda520e78654",
	"97b1ad04-2000-4909-9861-366ffabadd95",
	"d47184c4-9bb8-483a-8ad6-82d48580d8db");
INSERT INTO SM_AH
	VALUES ("4e4a4573-02e6-4859-a56f-dda520e78654",
	"97b1ad04-2000-4909-9861-366ffabadd95");
INSERT INTO SM_ACT
	VALUES ("4e4a4573-02e6-4859-a56f-dda520e78654",
	"97b1ad04-2000-4909-9861-366ffabadd95",
	1,
	'',
	'');
INSERT INTO ACT_TAB
	VALUES ("57ae5cec-e646-4511-99e0-d9e6f48a8d84",
	"97b1ad04-2000-4909-9861-366ffabadd95",
	"4e4a4573-02e6-4859-a56f-dda520e78654");
INSERT INTO ACT_ACT
	VALUES ("57ae5cec-e646-4511-99e0-d9e6f48a8d84",
	'transition',
	0,
	"2d6b989d-44a0-4213-bde8-450b749d87b4",
	"00000000-0000-0000-0000-000000000000",
	0,
	'MO_MT3: power_on',
	"00000000-0000-0000-0000-000000000000");
INSERT INTO ACT_BLK
	VALUES ("2d6b989d-44a0-4213-bde8-450b749d87b4",
	0,
	0,
	0,
	'',
	'',
	'',
	0,
	0,
	0,
	0,
	0,
	0,
	0,
	0,
	0,
	0,
	0,
	0,
	0,
	"57ae5cec-e646-4511-99e0-d9e6f48a8d84",
	"00000000-0000-0000-0000-000000000000");
INSERT INTO SM_TXN
	VALUES ("d47184c4-9bb8-483a-8ad6-82d48580d8db",
	"97b1ad04-2000-4909-9861-366ffabadd95",
	"74844c34-d98e-4a07-a085-dfeb92c5b547",
	"00000000-0000-0000-0000-000000000000");
INSERT INTO SM_NSTXN
	VALUES ("a3576536-5ca6-4e94-893e-a7e6f3342c7b",
	"97b1ad04-2000-4909-9861-366ffabadd95",
	"79cc3674-ba7a-42fd-9f92-cbbda25424c9",
	"4d948de7-78f1-4f95-a68a-b013bf5ae28c",
	"00000000-0000-0000-0000-000000000000");
INSERT INTO SM_TAH
	VALUES ("038f0d70-0074-49ab-a929-dfb56c21d197",
	"97b1ad04-2000-4909-9861-366ffabadd95",
	"a3576536-5ca6-4e94-893e-a7e6f3342c7b");
INSERT INTO SM_AH
	VALUES ("038f0d70-0074-49ab-a929-dfb56c21d197",
	"97b1ad04-2000-4909-9861-366ffabadd95");
INSERT INTO SM_ACT
	VALUES ("038f0d70-0074-49ab-a929-dfb56c21d197",
	"97b1ad04-2000-4909-9861-366ffabadd95",
	1,
	'',
	'');
INSERT INTO ACT_TAB
	VALUES ("07dcab49-baff-4d0a-9022-ca83766847b4",
	"97b1ad04-2000-4909-9861-366ffabadd95",
	"038f0d70-0074-49ab-a929-dfb56c21d197");
INSERT INTO ACT_ACT
	VALUES ("07dcab49-baff-4d0a-9022-ca83766847b4",
	'transition',
	0,
	"cd0d15a2-21c8-42bd-86d8-505c26b3fdfd",
	"00000000-0000-0000-0000-000000000000",
	0,
	'MO_MT3: power_on',
	"00000000-0000-0000-0000-000000000000");
INSERT INTO ACT_BLK
	VALUES ("cd0d15a2-21c8-42bd-86d8-505c26b3fdfd",
	0,
	0,
	0,
	'',
	'',
	'',
	0,
	0,
	0,
	0,
	0,
	0,
	0,
	0,
	0,
	0,
	0,
	0,
	0,
	"07dcab49-baff-4d0a-9022-ca83766847b4",
	"00000000-0000-0000-0000-000000000000");
INSERT INTO SM_TXN
	VALUES ("a3576536-5ca6-4e94-893e-a7e6f3342c7b",
	"97b1ad04-2000-4909-9861-366ffabadd95",
	"74844c34-d98e-4a07-a085-dfeb92c5b547",
	"00000000-0000-0000-0000-000000000000");
INSERT INTO SM_NSTXN
	VALUES ("17016ae8-6d68-4ca2-a3c6-84344c7acdce",
	"97b1ad04-2000-4909-9861-366ffabadd95",
	"74844c34-d98e-4a07-a085-dfeb92c5b547",
	"0aa3db88-2647-4347-8628-2bd8db1b405b",
	"00000000-0000-0000-0000-000000000000");
INSERT INTO SM_TAH
	VALUES ("0367fe45-b0d6-430b-a786-7dd81f7675bb",
	"97b1ad04-2000-4909-9861-366ffabadd95",
	"17016ae8-6d68-4ca2-a3c6-84344c7acdce");
INSERT INTO SM_AH
	VALUES ("0367fe45-b0d6-430b-a786-7dd81f7675bb",
	"97b1ad04-2000-4909-9861-366ffabadd95");
INSERT INTO SM_ACT
	VALUES ("0367fe45-b0d6-430b-a786-7dd81f7675bb",
	"97b1ad04-2000-4909-9861-366ffabadd95",
	1,
	'',
	'');
INSERT INTO ACT_TAB
	VALUES ("b434eaca-4e3f-48d3-b23b-f8755ac2ff30",
	"97b1ad04-2000-4909-9861-366ffabadd95",
	"0367fe45-b0d6-430b-a786-7dd81f7675bb");
INSERT INTO ACT_ACT
	VALUES ("b434eaca-4e3f-48d3-b23b-f8755ac2ff30",
	'transition',
	0,
	"06148bcf-0954-427d-9075-9d836cc08a2b",
	"00000000-0000-0000-0000-000000000000",
	0,
	'MO_MT4: power_off',
	"00000000-0000-0000-0000-000000000000");
INSERT INTO ACT_BLK
	VALUES ("06148bcf-0954-427d-9075-9d836cc08a2b",
	0,
	0,
	0,
	'',
	'',
	'',
	0,
	0,
	0,
	0,
	0,
	0,
	0,
	0,
	0,
	0,
	0,
	0,
	0,
	"b434eaca-4e3f-48d3-b23b-f8755ac2ff30",
	"00000000-0000-0000-0000-000000000000");
INSERT INTO SM_TXN
	VALUES ("17016ae8-6d68-4ca2-a3c6-84344c7acdce",
	"97b1ad04-2000-4909-9861-366ffabadd95",
	"79cc3674-ba7a-42fd-9f92-cbbda25424c9",
	"00000000-0000-0000-0000-000000000000");
INSERT INTO SM_NSTXN
	VALUES ("fc8a8596-dfcf-49f6-b16f-7174d1fa0e2b",
	"97b1ad04-2000-4909-9861-366ffabadd95",
	"9413bec2-560d-4a3f-b05f-6192805895e3",
	"6358e0ea-c97e-49f9-806f-277e239ee029",
	"00000000-0000-0000-0000-000000000000");
INSERT INTO SM_TAH
	VALUES ("db6da440-e0ea-4a3b-9ae0-91391215cec1",
	"97b1ad04-2000-4909-9861-366ffabadd95",
	"fc8a8596-dfcf-49f6-b16f-7174d1fa0e2b");
INSERT INTO SM_AH
	VALUES ("db6da440-e0ea-4a3b-9ae0-91391215cec1",
	"97b1ad04-2000-4909-9861-366ffabadd95");
INSERT INTO SM_ACT
	VALUES ("db6da440-e0ea-4a3b-9ae0-91391215cec1",
	"97b1ad04-2000-4909-9861-366ffabadd95",
	1,
	'',
	'');
INSERT INTO ACT_TAB
	VALUES ("0c194af5-f206-4f48-94e8-5be651497e47",
	"97b1ad04-2000-4909-9861-366ffabadd95",
	"db6da440-e0ea-4a3b-9ae0-91391215cec1");
INSERT INTO ACT_ACT
	VALUES ("0c194af5-f206-4f48-94e8-5be651497e47",
	'transition',
	0,
	"8d53ba65-1b7c-4a54-ac65-52dbfc419647",
	"00000000-0000-0000-0000-000000000000",
	0,
	'MO_MT2: decrease_power',
	"00000000-0000-0000-0000-000000000000");
INSERT INTO ACT_BLK
	VALUES ("8d53ba65-1b7c-4a54-ac65-52dbfc419647",
	0,
	0,
	0,
	'',
	'',
	'',
	0,
	0,
	0,
	0,
	0,
	0,
	0,
	0,
	0,
	0,
	0,
	0,
	0,
	"0c194af5-f206-4f48-94e8-5be651497e47",
	"00000000-0000-0000-0000-000000000000");
INSERT INTO SM_TXN
	VALUES ("fc8a8596-dfcf-49f6-b16f-7174d1fa0e2b",
	"97b1ad04-2000-4909-9861-366ffabadd95",
	"9413bec2-560d-4a3f-b05f-6192805895e3",
	"00000000-0000-0000-0000-000000000000");
INSERT INTO SM_NSTXN
	VALUES ("ebe9859d-b6f4-46a8-ab4d-171c6ef54b47",
	"97b1ad04-2000-4909-9861-366ffabadd95",
	"4e2c9c1b-65e8-475f-9f70-cc9de1e9ad4e",
	"7c3ecb89-8961-4658-8e64-a06f045704ba",
	"00000000-0000-0000-0000-000000000000");
INSERT INTO SM_TAH
	VALUES ("4218611b-8c0e-405c-af4b-ba1a2078ed33",
	"97b1ad04-2000-4909-9861-366ffabadd95",
	"ebe9859d-b6f4-46a8-ab4d-171c6ef54b47");
INSERT INTO SM_AH
	VALUES ("4218611b-8c0e-405c-af4b-ba1a2078ed33",
	"97b1ad04-2000-4909-9861-366ffabadd95");
INSERT INTO SM_ACT
	VALUES ("4218611b-8c0e-405c-af4b-ba1a2078ed33",
	"97b1ad04-2000-4909-9861-366ffabadd95",
	1,
	'',
	'');
INSERT INTO ACT_TAB
	VALUES ("34695388-812c-4e6c-b76c-3ce15bd427ef",
	"97b1ad04-2000-4909-9861-366ffabadd95",
	"4218611b-8c0e-405c-af4b-ba1a2078ed33");
INSERT INTO ACT_ACT
	VALUES ("34695388-812c-4e6c-b76c-3ce15bd427ef",
	'transition',
	0,
	"a13238b8-d436-433e-a0cb-0bf6b42193de",
	"00000000-0000-0000-0000-000000000000",
	0,
	'MO_MT1: increase_power',
	"00000000-0000-0000-0000-000000000000");
INSERT INTO ACT_BLK
	VALUES ("a13238b8-d436-433e-a0cb-0bf6b42193de",
	0,
	0,
	0,
	'',
	'',
	'',
	0,
	0,
	0,
	0,
	0,
	0,
	0,
	0,
	0,
	0,
	0,
	0,
	0,
	"34695388-812c-4e6c-b76c-3ce15bd427ef",
	"00000000-0000-0000-0000-000000000000");
INSERT INTO SM_TXN
	VALUES ("ebe9859d-b6f4-46a8-ab4d-171c6ef54b47",
	"97b1ad04-2000-4909-9861-366ffabadd95",
	"4e2c9c1b-65e8-475f-9f70-cc9de1e9ad4e",
	"00000000-0000-0000-0000-000000000000");
INSERT INTO PE_PE
	VALUES ("d41fedf9-3f2c-4216-96e0-94838ac603b1",
	1,
	"235fff0c-3d20-4fa1-8536-1c30278a65d1",
	"00000000-0000-0000-0000-000000000000",
	4);
INSERT INTO O_OBJ
	VALUES ("d41fedf9-3f2c-4216-96e0-94838ac603b1",
	'Oven',
	1,
	'MO_O',
	'The entire microwave oven assembly (with the exception of the Control Panel), comprising :

* a door
* an internal light
* a turntable
* a magnetron tube
* a beeper',
	"00000000-0000-0000-0000-000000000000");
INSERT INTO O_NBATTR
	VALUES ("143b7b1c-1190-4891-b896-18a1584e1f19",
	"d41fedf9-3f2c-4216-96e0-94838ac603b1");
INSERT INTO O_BATTR
	VALUES ("143b7b1c-1190-4891-b896-18a1584e1f19",
	"d41fedf9-3f2c-4216-96e0-94838ac603b1");
INSERT INTO O_ATTR
	VALUES ("143b7b1c-1190-4891-b896-18a1584e1f19",
	"d41fedf9-3f2c-4216-96e0-94838ac603b1",
	"00000000-0000-0000-0000-000000000000",
	'OvenID',
	'A uniquely assigned Oven identifier',
	'',
	'OvenID',
	0,
	"ba5eda7a-def5-0000-0000-000000000005",
	'',
	'');
INSERT INTO O_REF
	VALUES ("d41fedf9-3f2c-4216-96e0-94838ac603b1",
	"21726274-a60c-4843-a337-c30d3e6fd999",
	0,
	"f1330b84-d00a-403f-81b3-22f1a7ad6040",
	"60140c5d-1a6e-4624-9e4a-837476af2eb1",
	"5a18c05a-2ff3-4682-97fd-211ce232ace7",
	"b08fe931-7779-403b-b3c0-267af778243a",
	"bc504fe1-7930-42ee-bced-fb1af68e0b13",
	"8f8e85fb-ea88-4a61-82ae-6075779f2fcd",
	"00000000-0000-0000-0000-000000000000",
	0,
	'',
	'Magnetron Tube',
	'TubeID',
	'R1.''houses''');
INSERT INTO O_RATTR
	VALUES ("bc504fe1-7930-42ee-bced-fb1af68e0b13",
	"d41fedf9-3f2c-4216-96e0-94838ac603b1",
	"f1330b84-d00a-403f-81b3-22f1a7ad6040",
	"21726274-a60c-4843-a337-c30d3e6fd999",
	1,
	'TubeID');
INSERT INTO O_ATTR
	VALUES ("bc504fe1-7930-42ee-bced-fb1af68e0b13",
	"d41fedf9-3f2c-4216-96e0-94838ac603b1",
	"143b7b1c-1190-4891-b896-18a1584e1f19",
	'TubeID',
	'',
	'',
	'TubeID',
	0,
	"ba5eda7a-def5-0000-0000-000000000007",
	'',
	'');
INSERT INTO O_REF
	VALUES ("d41fedf9-3f2c-4216-96e0-94838ac603b1",
	"74c2f04f-6ead-48bc-9388-7dce6c130237",
	0,
	"85927332-434b-406d-a4a2-b5139bd76164",
	"5ba54947-4cd4-423c-8463-0952e27b38bc",
	"1e53d5fc-32ed-4562-8507-d06d55529699",
	"cd351370-5fa9-407b-b363-8623d8d49259",
	"abe49f75-f12d-4a25-baa4-351555c0bf24",
	"71dac8d8-3a3a-45a3-8226-980f7f4ea66a",
	"00000000-0000-0000-0000-000000000000",
	0,
	'',
	'Internal Light',
	'LightID',
	'R2.''is illuminated by''');
INSERT INTO O_RATTR
	VALUES ("abe49f75-f12d-4a25-baa4-351555c0bf24",
	"d41fedf9-3f2c-4216-96e0-94838ac603b1",
	"85927332-434b-406d-a4a2-b5139bd76164",
	"74c2f04f-6ead-48bc-9388-7dce6c130237",
	1,
	'LightID');
INSERT INTO O_ATTR
	VALUES ("abe49f75-f12d-4a25-baa4-351555c0bf24",
	"d41fedf9-3f2c-4216-96e0-94838ac603b1",
	"bc504fe1-7930-42ee-bced-fb1af68e0b13",
	'LightID',
	'',
	'',
	'LightID',
	0,
	"ba5eda7a-def5-0000-0000-000000000007",
	'',
	'');
INSERT INTO O_REF
	VALUES ("d41fedf9-3f2c-4216-96e0-94838ac603b1",
	"4badd275-8325-4e31-9a84-02ee6714c85a",
	0,
	"f1b68858-c581-46d8-80d3-0bf5af85611a",
	"33512c33-37fa-451c-aa48-6d09c7b2846c",
	"117473c1-6131-45ba-b946-9906166dd4fe",
	"b1d7a48a-8569-4265-b9d0-dac69fdc832c",
	"b809cb75-37fd-4206-a4b4-3e7b30735de0",
	"b509a360-2624-44d9-9b4c-7adbdc966920",
	"00000000-0000-0000-0000-000000000000",
	0,
	'',
	'Beeper',
	'BeeperID',
	'R3.''features''');
INSERT INTO O_RATTR
	VALUES ("b809cb75-37fd-4206-a4b4-3e7b30735de0",
	"d41fedf9-3f2c-4216-96e0-94838ac603b1",
	"f1b68858-c581-46d8-80d3-0bf5af85611a",
	"4badd275-8325-4e31-9a84-02ee6714c85a",
	1,
	'BeeperID');
INSERT INTO O_ATTR
	VALUES ("b809cb75-37fd-4206-a4b4-3e7b30735de0",
	"d41fedf9-3f2c-4216-96e0-94838ac603b1",
	"abe49f75-f12d-4a25-baa4-351555c0bf24",
	'BeeperID',
	'',
	'',
	'BeeperID',
	0,
	"ba5eda7a-def5-0000-0000-000000000007",
	'',
	'');
INSERT INTO O_REF
	VALUES ("d41fedf9-3f2c-4216-96e0-94838ac603b1",
	"cd4fdb55-c935-485c-af63-77515b5963d5",
	0,
	"c7497b6a-dbf5-40dd-ae4b-2b353a570740",
	"75b012e7-ca9d-4756-8eef-6d959e96bf5f",
	"fa38d4a3-3c37-4fe9-b8b2-bfcfda1c9a23",
	"6c99cdd0-3abe-457e-83b6-e4af93310010",
	"f81f2a03-49f3-420f-a49c-c724c08b70d5",
	"8fd07093-46fe-4c38-ad3e-28114c85d370",
	"00000000-0000-0000-0000-000000000000",
	0,
	'',
	'Door',
	'DoorID',
	'R4.''is accessed via''');
INSERT INTO O_RATTR
	VALUES ("f81f2a03-49f3-420f-a49c-c724c08b70d5",
	"d41fedf9-3f2c-4216-96e0-94838ac603b1",
	"c7497b6a-dbf5-40dd-ae4b-2b353a570740",
	"cd4fdb55-c935-485c-af63-77515b5963d5",
	1,
	'DoorID');
INSERT INTO O_ATTR
	VALUES ("f81f2a03-49f3-420f-a49c-c724c08b70d5",
	"d41fedf9-3f2c-4216-96e0-94838ac603b1",
	"b809cb75-37fd-4206-a4b4-3e7b30735de0",
	'DoorID',
	'',
	'',
	'DoorID',
	0,
	"ba5eda7a-def5-0000-0000-000000000007",
	'',
	'');
INSERT INTO O_REF
	VALUES ("d41fedf9-3f2c-4216-96e0-94838ac603b1",
	"48a311fd-78e5-4647-865c-32abb40b09fe",
	0,
	"9c573361-0bc4-4860-aacc-90b0d5caf8fd",
	"d48f5681-a6cf-4d98-a809-43274fd08150",
	"f92064f9-84b5-44f8-9a89-a1723d329d6a",
	"68253d80-7a8c-498b-a258-24a9b4c0de24",
	"8ec9d528-e808-4493-acd4-a043609d84af",
	"55451c99-a334-47a1-aa0a-946286af32a7",
	"00000000-0000-0000-0000-000000000000",
	0,
	'',
	'Turntable',
	'TurntableID',
	'R5.''has''');
INSERT INTO O_RATTR
	VALUES ("8ec9d528-e808-4493-acd4-a043609d84af",
	"d41fedf9-3f2c-4216-96e0-94838ac603b1",
	"9c573361-0bc4-4860-aacc-90b0d5caf8fd",
	"48a311fd-78e5-4647-865c-32abb40b09fe",
	1,
	'TurntableID');
INSERT INTO O_ATTR
	VALUES ("8ec9d528-e808-4493-acd4-a043609d84af",
	"d41fedf9-3f2c-4216-96e0-94838ac603b1",
	"f81f2a03-49f3-420f-a49c-c724c08b70d5",
	'TurntableID',
	'',
	'',
	'TurntableID',
	0,
	"ba5eda7a-def5-0000-0000-000000000007",
	'',
	'');
INSERT INTO O_NBATTR
	VALUES ("7c52fc7e-1792-4573-9d24-a34da8772727",
	"d41fedf9-3f2c-4216-96e0-94838ac603b1");
INSERT INTO O_BATTR
	VALUES ("7c52fc7e-1792-4573-9d24-a34da8772727",
	"d41fedf9-3f2c-4216-96e0-94838ac603b1");
INSERT INTO O_ATTR
	VALUES ("7c52fc7e-1792-4573-9d24-a34da8772727",
	"d41fedf9-3f2c-4216-96e0-94838ac603b1",
	"8ec9d528-e808-4493-acd4-a043609d84af",
	'oven_timer',
	'A local oven countdown timer, set and reset by the user via the Control Panel',
	'',
	'oven_timer',
	0,
	"ba5eda7a-def5-0000-0000-00000000000f",
	'',
	'');
INSERT INTO O_NBATTR
	VALUES ("6329ab2f-f318-4a52-a311-ada41ee0251c",
	"d41fedf9-3f2c-4216-96e0-94838ac603b1");
INSERT INTO O_BATTR
	VALUES ("6329ab2f-f318-4a52-a311-ada41ee0251c",
	"d41fedf9-3f2c-4216-96e0-94838ac603b1");
INSERT INTO O_ATTR
	VALUES ("6329ab2f-f318-4a52-a311-ada41ee0251c",
	"d41fedf9-3f2c-4216-96e0-94838ac603b1",
	"7c52fc7e-1792-4573-9d24-a34da8772727",
	'remaining_cooking_time',
	'Records any remaining cooking period when cooking is suspended as a consequence of the oven door being opened or the ''cancel'' key being pressed by the oven user. ',
	'',
	'remaining_cooking_time',
	0,
	"ba5eda7a-def5-0000-0000-000000000002",
	'',
	'');
INSERT INTO O_NBATTR
	VALUES ("6c9a1043-4ffe-40a7-8c9b-e4fd1d3308f5",
	"d41fedf9-3f2c-4216-96e0-94838ac603b1");
INSERT INTO O_BATTR
	VALUES ("6c9a1043-4ffe-40a7-8c9b-e4fd1d3308f5",
	"d41fedf9-3f2c-4216-96e0-94838ac603b1");
INSERT INTO O_ATTR
	VALUES ("6c9a1043-4ffe-40a7-8c9b-e4fd1d3308f5",
	"d41fedf9-3f2c-4216-96e0-94838ac603b1",
	"6329ab2f-f318-4a52-a311-ada41ee0251c",
	'current_state',
	'',
	'',
	'current_state',
	0,
	"ba5eda7a-def5-0000-0000-000000000006",
	'',
	'');
INSERT INTO O_ID
	VALUES (0,
	"d41fedf9-3f2c-4216-96e0-94838ac603b1");
INSERT INTO O_OIDA
	VALUES ("143b7b1c-1190-4891-b896-18a1584e1f19",
	"d41fedf9-3f2c-4216-96e0-94838ac603b1",
	0,
	'OvenID');
INSERT INTO O_ID
	VALUES (1,
	"d41fedf9-3f2c-4216-96e0-94838ac603b1");
INSERT INTO O_ID
	VALUES (2,
	"d41fedf9-3f2c-4216-96e0-94838ac603b1");
INSERT INTO SM_ISM
	VALUES ("9176fe79-a8e0-4260-bcdd-e65e1905d8e0",
	"d41fedf9-3f2c-4216-96e0-94838ac603b1");
INSERT INTO SM_SM
	VALUES ("9176fe79-a8e0-4260-bcdd-e65e1905d8e0",
	'',
	3);
INSERT INTO SM_MOORE
	VALUES ("9176fe79-a8e0-4260-bcdd-e65e1905d8e0");
INSERT INTO SM_EVTDI
	VALUES ("31e7f46d-272b-41e3-b1b6-5dbaf0609c87",
	"9176fe79-a8e0-4260-bcdd-e65e1905d8e0",
	'period',
	'',
	"ba5eda7a-def5-0000-0000-000000000002",
	'',
	"b6b69bca-fa1c-40c8-9dc8-8f391c5c2b53",
	"00000000-0000-0000-0000-000000000000");
INSERT INTO SM_EVTDI
	VALUES ("16fe5d7d-5ee6-491b-aa19-c3faa58e48c0",
	"9176fe79-a8e0-4260-bcdd-e65e1905d8e0",
	'confirmation',
	'',
	"ba5eda7a-def5-0000-0000-00000000000a",
	'',
	"fa6f70c1-b2fb-451a-a5a8-07e653012464",
	"00000000-0000-0000-0000-000000000000");
INSERT INTO SM_LEVT
	VALUES ("70f2a025-fd3a-4d69-ad64-a8834fe8c198",
	"9176fe79-a8e0-4260-bcdd-e65e1905d8e0",
	"00000000-0000-0000-0000-000000000000");
INSERT INTO SM_SEVT
	VALUES ("70f2a025-fd3a-4d69-ad64-a8834fe8c198",
	"9176fe79-a8e0-4260-bcdd-e65e1905d8e0",
	"00000000-0000-0000-0000-000000000000");
INSERT INTO SM_EVT
	VALUES ("70f2a025-fd3a-4d69-ad64-a8834fe8c198",
	"9176fe79-a8e0-4260-bcdd-e65e1905d8e0",
	"00000000-0000-0000-0000-000000000000",
	1,
	'initialise',
	0,
	'',
	'MO_O1',
	'');
INSERT INTO SM_LEVT
	VALUES ("de042e27-ffe4-44b4-a05f-a2287cc296c7",
	"9176fe79-a8e0-4260-bcdd-e65e1905d8e0",
	"00000000-0000-0000-0000-000000000000");
INSERT INTO SM_SEVT
	VALUES ("de042e27-ffe4-44b4-a05f-a2287cc296c7",
	"9176fe79-a8e0-4260-bcdd-e65e1905d8e0",
	"00000000-0000-0000-0000-000000000000");
INSERT INTO SM_EVT
	VALUES ("de042e27-ffe4-44b4-a05f-a2287cc296c7",
	"9176fe79-a8e0-4260-bcdd-e65e1905d8e0",
	"00000000-0000-0000-0000-000000000000",
	3,
	'start_cooking',
	0,
	'',
	'MO_O3',
	'');
INSERT INTO SM_LEVT
	VALUES ("42f7522c-8f8c-4f12-ab60-9c6b8c96cbaf",
	"9176fe79-a8e0-4260-bcdd-e65e1905d8e0",
	"00000000-0000-0000-0000-000000000000");
INSERT INTO SM_SEVT
	VALUES ("42f7522c-8f8c-4f12-ab60-9c6b8c96cbaf",
	"9176fe79-a8e0-4260-bcdd-e65e1905d8e0",
	"00000000-0000-0000-0000-000000000000");
INSERT INTO SM_EVT
	VALUES ("42f7522c-8f8c-4f12-ab60-9c6b8c96cbaf",
	"9176fe79-a8e0-4260-bcdd-e65e1905d8e0",
	"00000000-0000-0000-0000-000000000000",
	4,
	'cancel_cooking',
	0,
	'',
	'MO_O4',
	'');
INSERT INTO SM_LEVT
	VALUES ("19f273d3-e81e-48b0-b886-308d886efc18",
	"9176fe79-a8e0-4260-bcdd-e65e1905d8e0",
	"00000000-0000-0000-0000-000000000000");
INSERT INTO SM_SEVT
	VALUES ("19f273d3-e81e-48b0-b886-308d886efc18",
	"9176fe79-a8e0-4260-bcdd-e65e1905d8e0",
	"00000000-0000-0000-0000-000000000000");
INSERT INTO SM_EVT
	VALUES ("19f273d3-e81e-48b0-b886-308d886efc18",
	"9176fe79-a8e0-4260-bcdd-e65e1905d8e0",
	"00000000-0000-0000-0000-000000000000",
	2,
	'oven_initialised',
	0,
	'',
	'MO_O2',
	'');
INSERT INTO SM_LEVT
	VALUES ("10a8c59e-c6dc-4571-8bfc-8ce6e1d9f59b",
	"9176fe79-a8e0-4260-bcdd-e65e1905d8e0",
	"00000000-0000-0000-0000-000000000000");
INSERT INTO SM_SEVT
	VALUES ("10a8c59e-c6dc-4571-8bfc-8ce6e1d9f59b",
	"9176fe79-a8e0-4260-bcdd-e65e1905d8e0",
	"00000000-0000-0000-0000-000000000000");
INSERT INTO SM_EVT
	VALUES ("10a8c59e-c6dc-4571-8bfc-8ce6e1d9f59b",
	"9176fe79-a8e0-4260-bcdd-e65e1905d8e0",
	"00000000-0000-0000-0000-000000000000",
	5,
	'cooking_period_over',
	0,
	'',
	'MO_O5',
	'');
INSERT INTO SM_LEVT
	VALUES ("e4561275-8bc9-4388-bc04-20e677d02903",
	"9176fe79-a8e0-4260-bcdd-e65e1905d8e0",
	"00000000-0000-0000-0000-000000000000");
INSERT INTO SM_SEVT
	VALUES ("e4561275-8bc9-4388-bc04-20e677d02903",
	"9176fe79-a8e0-4260-bcdd-e65e1905d8e0",
	"00000000-0000-0000-0000-000000000000");
INSERT INTO SM_EVT
	VALUES ("e4561275-8bc9-4388-bc04-20e677d02903",
	"9176fe79-a8e0-4260-bcdd-e65e1905d8e0",
	"00000000-0000-0000-0000-000000000000",
	6,
	'beeping_over',
	0,
	'',
	'MO_O6',
	'');
INSERT INTO SM_LEVT
	VALUES ("a74c1b2e-6eed-4504-9ac9-df941b342b47",
	"9176fe79-a8e0-4260-bcdd-e65e1905d8e0",
	"00000000-0000-0000-0000-000000000000");
INSERT INTO SM_SEVT
	VALUES ("a74c1b2e-6eed-4504-9ac9-df941b342b47",
	"9176fe79-a8e0-4260-bcdd-e65e1905d8e0",
	"00000000-0000-0000-0000-000000000000");
INSERT INTO SM_EVT
	VALUES ("a74c1b2e-6eed-4504-9ac9-df941b342b47",
	"9176fe79-a8e0-4260-bcdd-e65e1905d8e0",
	"00000000-0000-0000-0000-000000000000",
	7,
	'oven_safe',
	0,
	'',
	'MO_O7',
	'');
INSERT INTO SM_LEVT
	VALUES ("b6b69bca-fa1c-40c8-9dc8-8f391c5c2b53",
	"9176fe79-a8e0-4260-bcdd-e65e1905d8e0",
	"00000000-0000-0000-0000-000000000000");
INSERT INTO SM_SEVT
	VALUES ("b6b69bca-fa1c-40c8-9dc8-8f391c5c2b53",
	"9176fe79-a8e0-4260-bcdd-e65e1905d8e0",
	"00000000-0000-0000-0000-000000000000");
INSERT INTO SM_EVT
	VALUES ("b6b69bca-fa1c-40c8-9dc8-8f391c5c2b53",
	"9176fe79-a8e0-4260-bcdd-e65e1905d8e0",
	"00000000-0000-0000-0000-000000000000",
	8,
	'cooking_period',
	0,
	'',
	'MO_O8',
	'');
INSERT INTO SM_LEVT
	VALUES ("fa6f70c1-b2fb-451a-a5a8-07e653012464",
	"9176fe79-a8e0-4260-bcdd-e65e1905d8e0",
	"00000000-0000-0000-0000-000000000000");
INSERT INTO SM_SEVT
	VALUES ("fa6f70c1-b2fb-451a-a5a8-07e653012464",
	"9176fe79-a8e0-4260-bcdd-e65e1905d8e0",
	"00000000-0000-0000-0000-000000000000");
INSERT INTO SM_EVT
	VALUES ("fa6f70c1-b2fb-451a-a5a8-07e653012464",
	"9176fe79-a8e0-4260-bcdd-e65e1905d8e0",
	"00000000-0000-0000-0000-000000000000",
	9,
	'Unassigned Parameter Placeholder',
	0,
	'',
	'MO_O9',
	'');
INSERT INTO SM_STATE
	VALUES ("b5a8f72a-43c5-4c17-bcd1-84d9996e7957",
	"9176fe79-a8e0-4260-bcdd-e65e1905d8e0",
	"00000000-0000-0000-0000-000000000000",
	'Awaiting Cooking Request',
	1,
	0);
INSERT INTO SM_EIGN
	VALUES ("b5a8f72a-43c5-4c17-bcd1-84d9996e7957",
	"70f2a025-fd3a-4d69-ad64-a8834fe8c198",
	"9176fe79-a8e0-4260-bcdd-e65e1905d8e0",
	"00000000-0000-0000-0000-000000000000",
	'');
INSERT INTO SM_SEME
	VALUES ("b5a8f72a-43c5-4c17-bcd1-84d9996e7957",
	"70f2a025-fd3a-4d69-ad64-a8834fe8c198",
	"9176fe79-a8e0-4260-bcdd-e65e1905d8e0",
	"00000000-0000-0000-0000-000000000000");
INSERT INTO SM_EIGN
	VALUES ("b5a8f72a-43c5-4c17-bcd1-84d9996e7957",
	"de042e27-ffe4-44b4-a05f-a2287cc296c7",
	"9176fe79-a8e0-4260-bcdd-e65e1905d8e0",
	"00000000-0000-0000-0000-000000000000",
	'');
INSERT INTO SM_SEME
	VALUES ("b5a8f72a-43c5-4c17-bcd1-84d9996e7957",
	"de042e27-ffe4-44b4-a05f-a2287cc296c7",
	"9176fe79-a8e0-4260-bcdd-e65e1905d8e0",
	"00000000-0000-0000-0000-000000000000");
INSERT INTO SM_EIGN
	VALUES ("b5a8f72a-43c5-4c17-bcd1-84d9996e7957",
	"42f7522c-8f8c-4f12-ab60-9c6b8c96cbaf",
	"9176fe79-a8e0-4260-bcdd-e65e1905d8e0",
	"00000000-0000-0000-0000-000000000000",
	'');
INSERT INTO SM_SEME
	VALUES ("b5a8f72a-43c5-4c17-bcd1-84d9996e7957",
	"42f7522c-8f8c-4f12-ab60-9c6b8c96cbaf",
	"9176fe79-a8e0-4260-bcdd-e65e1905d8e0",
	"00000000-0000-0000-0000-000000000000");
INSERT INTO SM_EIGN
	VALUES ("b5a8f72a-43c5-4c17-bcd1-84d9996e7957",
	"19f273d3-e81e-48b0-b886-308d886efc18",
	"9176fe79-a8e0-4260-bcdd-e65e1905d8e0",
	"00000000-0000-0000-0000-000000000000",
	'');
INSERT INTO SM_SEME
	VALUES ("b5a8f72a-43c5-4c17-bcd1-84d9996e7957",
	"19f273d3-e81e-48b0-b886-308d886efc18",
	"9176fe79-a8e0-4260-bcdd-e65e1905d8e0",
	"00000000-0000-0000-0000-000000000000");
INSERT INTO SM_EIGN
	VALUES ("b5a8f72a-43c5-4c17-bcd1-84d9996e7957",
	"10a8c59e-c6dc-4571-8bfc-8ce6e1d9f59b",
	"9176fe79-a8e0-4260-bcdd-e65e1905d8e0",
	"00000000-0000-0000-0000-000000000000",
	'');
INSERT INTO SM_SEME
	VALUES ("b5a8f72a-43c5-4c17-bcd1-84d9996e7957",
	"10a8c59e-c6dc-4571-8bfc-8ce6e1d9f59b",
	"9176fe79-a8e0-4260-bcdd-e65e1905d8e0",
	"00000000-0000-0000-0000-000000000000");
INSERT INTO SM_EIGN
	VALUES ("b5a8f72a-43c5-4c17-bcd1-84d9996e7957",
	"e4561275-8bc9-4388-bc04-20e677d02903",
	"9176fe79-a8e0-4260-bcdd-e65e1905d8e0",
	"00000000-0000-0000-0000-000000000000",
	'');
INSERT INTO SM_SEME
	VALUES ("b5a8f72a-43c5-4c17-bcd1-84d9996e7957",
	"e4561275-8bc9-4388-bc04-20e677d02903",
	"9176fe79-a8e0-4260-bcdd-e65e1905d8e0",
	"00000000-0000-0000-0000-000000000000");
INSERT INTO SM_EIGN
	VALUES ("b5a8f72a-43c5-4c17-bcd1-84d9996e7957",
	"a74c1b2e-6eed-4504-9ac9-df941b342b47",
	"9176fe79-a8e0-4260-bcdd-e65e1905d8e0",
	"00000000-0000-0000-0000-000000000000",
	'');
INSERT INTO SM_SEME
	VALUES ("b5a8f72a-43c5-4c17-bcd1-84d9996e7957",
	"a74c1b2e-6eed-4504-9ac9-df941b342b47",
	"9176fe79-a8e0-4260-bcdd-e65e1905d8e0",
	"00000000-0000-0000-0000-000000000000");
INSERT INTO SM_SEME
	VALUES ("b5a8f72a-43c5-4c17-bcd1-84d9996e7957",
	"b6b69bca-fa1c-40c8-9dc8-8f391c5c2b53",
	"9176fe79-a8e0-4260-bcdd-e65e1905d8e0",
	"00000000-0000-0000-0000-000000000000");
INSERT INTO SM_CH
	VALUES ("b5a8f72a-43c5-4c17-bcd1-84d9996e7957",
	"fa6f70c1-b2fb-451a-a5a8-07e653012464",
	"9176fe79-a8e0-4260-bcdd-e65e1905d8e0",
	"00000000-0000-0000-0000-000000000000",
	'');
INSERT INTO SM_SEME
	VALUES ("b5a8f72a-43c5-4c17-bcd1-84d9996e7957",
	"fa6f70c1-b2fb-451a-a5a8-07e653012464",
	"9176fe79-a8e0-4260-bcdd-e65e1905d8e0",
	"00000000-0000-0000-0000-000000000000");
INSERT INTO SM_MOAH
	VALUES ("94172f91-779c-4295-a9f6-2e0cc25cae6e",
	"9176fe79-a8e0-4260-bcdd-e65e1905d8e0",
	"b5a8f72a-43c5-4c17-bcd1-84d9996e7957");
INSERT INTO SM_AH
	VALUES ("94172f91-779c-4295-a9f6-2e0cc25cae6e",
	"9176fe79-a8e0-4260-bcdd-e65e1905d8e0");
INSERT INTO SM_ACT
	VALUES ("94172f91-779c-4295-a9f6-2e0cc25cae6e",
	"9176fe79-a8e0-4260-bcdd-e65e1905d8e0",
	1,
	'assign self.remaining_cooking_time = 0;

select one beeper related by self->MO_B[R3];
generate MO_B4:''stop_beeping'' to beeper;',
	'');
INSERT INTO ACT_SAB
	VALUES ("d26eac26-a0f3-4d4b-b485-899ae46e1c89",
	"9176fe79-a8e0-4260-bcdd-e65e1905d8e0",
	"94172f91-779c-4295-a9f6-2e0cc25cae6e");
INSERT INTO ACT_ACT
	VALUES ("d26eac26-a0f3-4d4b-b485-899ae46e1c89",
	'state',
	0,
	"1f9cda46-fc65-424f-9a0b-075e0a03edbc",
	"00000000-0000-0000-0000-000000000000",
	0,
	'Oven::Awaiting Cooking Request',
	"00000000-0000-0000-0000-000000000000");
INSERT INTO ACT_BLK
	VALUES ("1f9cda46-fc65-424f-9a0b-075e0a03edbc",
	1,
	0,
	0,
	'V_VAR.Var_ID',
	'',
	'',
	4,
	1,
	3,
	36,
	0,
	0,
	3,
	41,
	0,
	0,
	0,
	0,
	0,
	"d26eac26-a0f3-4d4b-b485-899ae46e1c89",
	"00000000-0000-0000-0000-000000000000");
INSERT INTO ACT_SMT
	VALUES ("fe829b2a-63ef-4b31-907c-d7542036f595",
	"1f9cda46-fc65-424f-9a0b-075e0a03edbc",
	"a6123e02-948a-4054-8e8f-ab7651e39b2b",
	1,
	1,
	'Oven::Awaiting Cooking Request line: 1');
INSERT INTO ACT_AI
	VALUES ("fe829b2a-63ef-4b31-907c-d7542036f595",
	"0ea6d177-02bf-41ca-a809-2c78a99c1547",
	"a8769c0c-15b8-4604-8d7e-4668d38dace6",
	0,
	0);
INSERT INTO ACT_SMT
	VALUES ("a6123e02-948a-4054-8e8f-ab7651e39b2b",
	"1f9cda46-fc65-424f-9a0b-075e0a03edbc",
	"7e09093a-ccb1-4c95-9638-905b6578a3d4",
	3,
	1,
	'Oven::Awaiting Cooking Request line: 3');
INSERT INTO ACT_SEL
	VALUES ("a6123e02-948a-4054-8e8f-ab7651e39b2b",
	"79c89a6f-ede3-40b4-963d-7d32f417775d",
	1,
	'one',
	"eaf939b7-73c0-46d6-a672-66f98f206c3a");
INSERT INTO ACT_SR
	VALUES ("a6123e02-948a-4054-8e8f-ab7651e39b2b");
INSERT INTO ACT_LNK
	VALUES ("4f2287cb-8acf-42ec-b968-b489e1662fd7",
	'',
	"a6123e02-948a-4054-8e8f-ab7651e39b2b",
	"33512c33-37fa-451c-aa48-6d09c7b2846c",
	"00000000-0000-0000-0000-000000000000",
	2,
	"4badd275-8325-4e31-9a84-02ee6714c85a",
	3,
	36,
	3,
	41,
	0,
	0);
INSERT INTO ACT_SMT
	VALUES ("7e09093a-ccb1-4c95-9638-905b6578a3d4",
	"1f9cda46-fc65-424f-9a0b-075e0a03edbc",
	"00000000-0000-0000-0000-000000000000",
	4,
	1,
	'Oven::Awaiting Cooking Request line: 4');
INSERT INTO E_ESS
	VALUES ("7e09093a-ccb1-4c95-9638-905b6578a3d4",
	1,
	0,
	4,
	10,
	4,
	16,
	3,
	36,
	0,
	0,
	0,
	0);
INSERT INTO E_GES
	VALUES ("7e09093a-ccb1-4c95-9638-905b6578a3d4");
INSERT INTO E_GSME
	VALUES ("7e09093a-ccb1-4c95-9638-905b6578a3d4",
	"8c6051c9-0083-4f59-b7c2-e733d99dc809");
INSERT INTO E_GEN
	VALUES ("7e09093a-ccb1-4c95-9638-905b6578a3d4",
	"79c89a6f-ede3-40b4-963d-7d32f417775d");
INSERT INTO V_VAL
	VALUES ("c3e4e3f3-8ab0-4b03-ac35-9d97433ce798",
	1,
	0,
	1,
	8,
	11,
	0,
	0,
	0,
	0,
	"ba5eda7a-def5-0000-0000-000000000008",
	"1f9cda46-fc65-424f-9a0b-075e0a03edbc");
INSERT INTO V_IRF
	VALUES ("c3e4e3f3-8ab0-4b03-ac35-9d97433ce798",
	"d83a6385-8b9e-4c49-9a1b-d558674013ab");
INSERT INTO V_VAL
	VALUES ("a8769c0c-15b8-4604-8d7e-4668d38dace6",
	1,
	0,
	1,
	13,
	34,
	0,
	0,
	0,
	0,
	"ba5eda7a-def5-0000-0000-000000000002",
	"1f9cda46-fc65-424f-9a0b-075e0a03edbc");
INSERT INTO V_AVL
	VALUES ("a8769c0c-15b8-4604-8d7e-4668d38dace6",
	"c3e4e3f3-8ab0-4b03-ac35-9d97433ce798",
	"d41fedf9-3f2c-4216-96e0-94838ac603b1",
	"6329ab2f-f318-4a52-a311-ada41ee0251c");
INSERT INTO V_VAL
	VALUES ("0ea6d177-02bf-41ca-a809-2c78a99c1547",
	0,
	0,
	1,
	38,
	38,
	0,
	0,
	0,
	0,
	"ba5eda7a-def5-0000-0000-000000000002",
	"1f9cda46-fc65-424f-9a0b-075e0a03edbc");
INSERT INTO V_LIN
	VALUES ("0ea6d177-02bf-41ca-a809-2c78a99c1547",
	'0');
INSERT INTO V_VAL
	VALUES ("eaf939b7-73c0-46d6-a672-66f98f206c3a",
	0,
	0,
	3,
	30,
	33,
	0,
	0,
	0,
	0,
	"ba5eda7a-def5-0000-0000-000000000008",
	"1f9cda46-fc65-424f-9a0b-075e0a03edbc");
INSERT INTO V_IRF
	VALUES ("eaf939b7-73c0-46d6-a672-66f98f206c3a",
	"d83a6385-8b9e-4c49-9a1b-d558674013ab");
INSERT INTO V_VAR
	VALUES ("d83a6385-8b9e-4c49-9a1b-d558674013ab",
	"1f9cda46-fc65-424f-9a0b-075e0a03edbc",
	'self',
	1,
	"ba5eda7a-def5-0000-0000-000000000008");
INSERT INTO V_INT
	VALUES ("d83a6385-8b9e-4c49-9a1b-d558674013ab",
	0,
	"d41fedf9-3f2c-4216-96e0-94838ac603b1");
INSERT INTO V_LOC
	VALUES ("b627fa9b-0666-4a16-85d8-dd59ca5a0a4e",
	1,
	8,
	11,
	"d83a6385-8b9e-4c49-9a1b-d558674013ab");
INSERT INTO V_VAR
	VALUES ("79c89a6f-ede3-40b4-963d-7d32f417775d",
	"1f9cda46-fc65-424f-9a0b-075e0a03edbc",
	'beeper',
	1,
	"ba5eda7a-def5-0000-0000-000000000008");
INSERT INTO V_INT
	VALUES ("79c89a6f-ede3-40b4-963d-7d32f417775d",
	0,
	"4badd275-8325-4e31-9a84-02ee6714c85a");
INSERT INTO V_LOC
	VALUES ("fb7601b9-173b-46fe-ba84-40b44d21ab24",
	3,
	12,
	17,
	"79c89a6f-ede3-40b4-963d-7d32f417775d");
INSERT INTO V_LOC
	VALUES ("b2d08170-aea5-412c-a7f6-9c334abbd809",
	4,
	34,
	39,
	"79c89a6f-ede3-40b4-963d-7d32f417775d");
INSERT INTO SM_STATE
	VALUES ("43da7b12-f90c-4a80-bd1f-24dfe9d0c93b",
	"9176fe79-a8e0-4260-bcdd-e65e1905d8e0",
	"00000000-0000-0000-0000-000000000000",
	'Ensuring Safe to Cook',
	2,
	0);
INSERT INTO SM_EIGN
	VALUES ("43da7b12-f90c-4a80-bd1f-24dfe9d0c93b",
	"70f2a025-fd3a-4d69-ad64-a8834fe8c198",
	"9176fe79-a8e0-4260-bcdd-e65e1905d8e0",
	"00000000-0000-0000-0000-000000000000",
	'');
INSERT INTO SM_SEME
	VALUES ("43da7b12-f90c-4a80-bd1f-24dfe9d0c93b",
	"70f2a025-fd3a-4d69-ad64-a8834fe8c198",
	"9176fe79-a8e0-4260-bcdd-e65e1905d8e0",
	"00000000-0000-0000-0000-000000000000");
INSERT INTO SM_SEME
	VALUES ("43da7b12-f90c-4a80-bd1f-24dfe9d0c93b",
	"de042e27-ffe4-44b4-a05f-a2287cc296c7",
	"9176fe79-a8e0-4260-bcdd-e65e1905d8e0",
	"00000000-0000-0000-0000-000000000000");
INSERT INTO SM_SEME
	VALUES ("43da7b12-f90c-4a80-bd1f-24dfe9d0c93b",
	"42f7522c-8f8c-4f12-ab60-9c6b8c96cbaf",
	"9176fe79-a8e0-4260-bcdd-e65e1905d8e0",
	"00000000-0000-0000-0000-000000000000");
INSERT INTO SM_EIGN
	VALUES ("43da7b12-f90c-4a80-bd1f-24dfe9d0c93b",
	"19f273d3-e81e-48b0-b886-308d886efc18",
	"9176fe79-a8e0-4260-bcdd-e65e1905d8e0",
	"00000000-0000-0000-0000-000000000000",
	'');
INSERT INTO SM_SEME
	VALUES ("43da7b12-f90c-4a80-bd1f-24dfe9d0c93b",
	"19f273d3-e81e-48b0-b886-308d886efc18",
	"9176fe79-a8e0-4260-bcdd-e65e1905d8e0",
	"00000000-0000-0000-0000-000000000000");
INSERT INTO SM_EIGN
	VALUES ("43da7b12-f90c-4a80-bd1f-24dfe9d0c93b",
	"10a8c59e-c6dc-4571-8bfc-8ce6e1d9f59b",
	"9176fe79-a8e0-4260-bcdd-e65e1905d8e0",
	"00000000-0000-0000-0000-000000000000",
	'');
INSERT INTO SM_SEME
	VALUES ("43da7b12-f90c-4a80-bd1f-24dfe9d0c93b",
	"10a8c59e-c6dc-4571-8bfc-8ce6e1d9f59b",
	"9176fe79-a8e0-4260-bcdd-e65e1905d8e0",
	"00000000-0000-0000-0000-000000000000");
INSERT INTO SM_EIGN
	VALUES ("43da7b12-f90c-4a80-bd1f-24dfe9d0c93b",
	"e4561275-8bc9-4388-bc04-20e677d02903",
	"9176fe79-a8e0-4260-bcdd-e65e1905d8e0",
	"00000000-0000-0000-0000-000000000000",
	'');
INSERT INTO SM_SEME
	VALUES ("43da7b12-f90c-4a80-bd1f-24dfe9d0c93b",
	"e4561275-8bc9-4388-bc04-20e677d02903",
	"9176fe79-a8e0-4260-bcdd-e65e1905d8e0",
	"00000000-0000-0000-0000-000000000000");
INSERT INTO SM_SEME
	VALUES ("43da7b12-f90c-4a80-bd1f-24dfe9d0c93b",
	"a74c1b2e-6eed-4504-9ac9-df941b342b47",
	"9176fe79-a8e0-4260-bcdd-e65e1905d8e0",
	"00000000-0000-0000-0000-000000000000");
INSERT INTO SM_EIGN
	VALUES ("43da7b12-f90c-4a80-bd1f-24dfe9d0c93b",
	"b6b69bca-fa1c-40c8-9dc8-8f391c5c2b53",
	"9176fe79-a8e0-4260-bcdd-e65e1905d8e0",
	"00000000-0000-0000-0000-000000000000",
	'');
INSERT INTO SM_SEME
	VALUES ("43da7b12-f90c-4a80-bd1f-24dfe9d0c93b",
	"b6b69bca-fa1c-40c8-9dc8-8f391c5c2b53",
	"9176fe79-a8e0-4260-bcdd-e65e1905d8e0",
	"00000000-0000-0000-0000-000000000000");
INSERT INTO SM_CH
	VALUES ("43da7b12-f90c-4a80-bd1f-24dfe9d0c93b",
	"fa6f70c1-b2fb-451a-a5a8-07e653012464",
	"9176fe79-a8e0-4260-bcdd-e65e1905d8e0",
	"00000000-0000-0000-0000-000000000000",
	'');
INSERT INTO SM_SEME
	VALUES ("43da7b12-f90c-4a80-bd1f-24dfe9d0c93b",
	"fa6f70c1-b2fb-451a-a5a8-07e653012464",
	"9176fe79-a8e0-4260-bcdd-e65e1905d8e0",
	"00000000-0000-0000-0000-000000000000");
INSERT INTO SM_MOAH
	VALUES ("a4e19947-abb0-4325-bc3d-6366e630b507",
	"9176fe79-a8e0-4260-bcdd-e65e1905d8e0",
	"43da7b12-f90c-4a80-bd1f-24dfe9d0c93b");
INSERT INTO SM_AH
	VALUES ("a4e19947-abb0-4325-bc3d-6366e630b507",
	"9176fe79-a8e0-4260-bcdd-e65e1905d8e0");
INSERT INTO SM_ACT
	VALUES ("a4e19947-abb0-4325-bc3d-6366e630b507",
	"9176fe79-a8e0-4260-bcdd-e65e1905d8e0",
	1,
	'if (self.remaining_cooking_time != 0)
   select one door related by self->MO_D[R4];
   if (door.is_secure == true)
      generate MO_O7:''oven_safe''() to self;
   end if;
end if;',
	'');
INSERT INTO ACT_SAB
	VALUES ("f5b3d57b-dce7-4bb5-b80e-642756f0ff16",
	"9176fe79-a8e0-4260-bcdd-e65e1905d8e0",
	"a4e19947-abb0-4325-bc3d-6366e630b507");
INSERT INTO ACT_ACT
	VALUES ("f5b3d57b-dce7-4bb5-b80e-642756f0ff16",
	'state',
	0,
	"76efa6ec-6343-4739-9022-d111be9423a2",
	"00000000-0000-0000-0000-000000000000",
	0,
	'Oven::Ensuring Safe to Cook',
	"00000000-0000-0000-0000-000000000000");
INSERT INTO ACT_BLK
	VALUES ("76efa6ec-6343-4739-9022-d111be9423a2",
	0,
	0,
	0,
	'',
	'',
	'',
	1,
	1,
	0,
	0,
	0,
	0,
	0,
	0,
	0,
	0,
	0,
	0,
	0,
	"f5b3d57b-dce7-4bb5-b80e-642756f0ff16",
	"00000000-0000-0000-0000-000000000000");
INSERT INTO ACT_SMT
	VALUES ("47733188-2a68-4581-9fa7-80ef0bba5d6b",
	"76efa6ec-6343-4739-9022-d111be9423a2",
	"00000000-0000-0000-0000-000000000000",
	1,
	1,
	'Oven::Ensuring Safe to Cook line: 1');
INSERT INTO ACT_IF
	VALUES ("47733188-2a68-4581-9fa7-80ef0bba5d6b",
	"21792eb7-5245-4b8f-a788-e7dd731d23a8",
	"bbce1809-04dc-4196-b4a1-be024045b787",
	"00000000-0000-0000-0000-000000000000",
	"00000000-0000-0000-0000-000000000000");
INSERT INTO V_VAL
	VALUES ("6608ea5d-a286-4ae9-922c-01696e8b08f3",
	0,
	0,
	1,
	5,
	8,
	0,
	0,
	0,
	0,
	"ba5eda7a-def5-0000-0000-000000000008",
	"76efa6ec-6343-4739-9022-d111be9423a2");
INSERT INTO V_IRF
	VALUES ("6608ea5d-a286-4ae9-922c-01696e8b08f3",
	"263df658-0b7a-4537-be97-3dbda634782d");
INSERT INTO V_VAL
	VALUES ("184f8f7f-4e5a-42a8-a200-47831a4ac24c",
	0,
	0,
	1,
	10,
	31,
	0,
	0,
	0,
	0,
	"ba5eda7a-def5-0000-0000-000000000002",
	"76efa6ec-6343-4739-9022-d111be9423a2");
INSERT INTO V_AVL
	VALUES ("184f8f7f-4e5a-42a8-a200-47831a4ac24c",
	"6608ea5d-a286-4ae9-922c-01696e8b08f3",
	"d41fedf9-3f2c-4216-96e0-94838ac603b1",
	"6329ab2f-f318-4a52-a311-ada41ee0251c");
INSERT INTO V_VAL
	VALUES ("bbce1809-04dc-4196-b4a1-be024045b787",
	0,
	0,
	-1,
	-1,
	-1,
	0,
	0,
	0,
	0,
	"ba5eda7a-def5-0000-0000-000000000001",
	"76efa6ec-6343-4739-9022-d111be9423a2");
INSERT INTO V_BIN
	VALUES ("bbce1809-04dc-4196-b4a1-be024045b787",
	"652e14fc-6729-4097-ae64-0db101d99343",
	"184f8f7f-4e5a-42a8-a200-47831a4ac24c",
	'!=');
INSERT INTO V_VAL
	VALUES ("652e14fc-6729-4097-ae64-0db101d99343",
	0,
	0,
	1,
	36,
	36,
	0,
	0,
	0,
	0,
	"ba5eda7a-def5-0000-0000-000000000002",
	"76efa6ec-6343-4739-9022-d111be9423a2");
INSERT INTO V_LIN
	VALUES ("652e14fc-6729-4097-ae64-0db101d99343",
	'0');
INSERT INTO V_VAR
	VALUES ("263df658-0b7a-4537-be97-3dbda634782d",
	"76efa6ec-6343-4739-9022-d111be9423a2",
	'self',
	1,
	"ba5eda7a-def5-0000-0000-000000000008");
INSERT INTO V_INT
	VALUES ("263df658-0b7a-4537-be97-3dbda634782d",
	0,
	"d41fedf9-3f2c-4216-96e0-94838ac603b1");
INSERT INTO V_LOC
	VALUES ("9c0b60a1-6a7b-4117-a43f-a7a3e147185f",
	1,
	5,
	8,
	"263df658-0b7a-4537-be97-3dbda634782d");
INSERT INTO V_LOC
	VALUES ("eb3456ea-9662-4e08-bad0-4d11cbf3d1c3",
	4,
	39,
	42,
	"263df658-0b7a-4537-be97-3dbda634782d");
INSERT INTO ACT_BLK
	VALUES ("21792eb7-5245-4b8f-a788-e7dd731d23a8",
	1,
	0,
	0,
	'',
	'',
	'',
	3,
	4,
	2,
	37,
	0,
	0,
	2,
	42,
	0,
	0,
	0,
	0,
	0,
	"f5b3d57b-dce7-4bb5-b80e-642756f0ff16",
	"00000000-0000-0000-0000-000000000000");
INSERT INTO ACT_SMT
	VALUES ("1308519b-1a77-438b-84e5-7ccbb56438e8",
	"21792eb7-5245-4b8f-a788-e7dd731d23a8",
	"6282aab3-adb0-4928-b21b-917d0d3f2940",
	2,
	4,
	'Oven::Ensuring Safe to Cook line: 2');
INSERT INTO ACT_SEL
	VALUES ("1308519b-1a77-438b-84e5-7ccbb56438e8",
	"0b9de516-9800-4268-994a-e0cc8caf2e4c",
	1,
	'one',
	"bbf312d0-c1ad-4be7-b53c-c090dc64d011");
INSERT INTO ACT_SR
	VALUES ("1308519b-1a77-438b-84e5-7ccbb56438e8");
INSERT INTO ACT_LNK
	VALUES ("5043f4db-d64c-41f5-9348-f4ac1960be57",
	'',
	"1308519b-1a77-438b-84e5-7ccbb56438e8",
	"75b012e7-ca9d-4756-8eef-6d959e96bf5f",
	"00000000-0000-0000-0000-000000000000",
	2,
	"cd4fdb55-c935-485c-af63-77515b5963d5",
	2,
	37,
	2,
	42,
	0,
	0);
INSERT INTO ACT_SMT
	VALUES ("6282aab3-adb0-4928-b21b-917d0d3f2940",
	"21792eb7-5245-4b8f-a788-e7dd731d23a8",
	"00000000-0000-0000-0000-000000000000",
	3,
	4,
	'Oven::Ensuring Safe to Cook line: 3');
INSERT INTO ACT_IF
	VALUES ("6282aab3-adb0-4928-b21b-917d0d3f2940",
	"6304e189-6624-4f13-8670-01c2e76d9397",
	"e3bdb4c6-71ba-4254-a981-37539a340550",
	"00000000-0000-0000-0000-000000000000",
	"00000000-0000-0000-0000-000000000000");
INSERT INTO V_VAL
	VALUES ("bbf312d0-c1ad-4be7-b53c-c090dc64d011",
	0,
	0,
	2,
	31,
	34,
	0,
	0,
	0,
	0,
	"ba5eda7a-def5-0000-0000-000000000008",
	"21792eb7-5245-4b8f-a788-e7dd731d23a8");
INSERT INTO V_IRF
	VALUES ("bbf312d0-c1ad-4be7-b53c-c090dc64d011",
	"263df658-0b7a-4537-be97-3dbda634782d");
INSERT INTO V_VAL
	VALUES ("a04d3a9a-2c87-4ac7-8408-2e72a72048ed",
	0,
	0,
	3,
	8,
	11,
	0,
	0,
	0,
	0,
	"ba5eda7a-def5-0000-0000-000000000008",
	"21792eb7-5245-4b8f-a788-e7dd731d23a8");
INSERT INTO V_IRF
	VALUES ("a04d3a9a-2c87-4ac7-8408-2e72a72048ed",
	"0b9de516-9800-4268-994a-e0cc8caf2e4c");
INSERT INTO V_VAL
	VALUES ("7bf6c7cb-2850-4693-bb66-55d2e6f3626f",
	0,
	0,
	3,
	13,
	21,
	0,
	0,
	0,
	0,
	"ba5eda7a-def5-0000-0000-000000000001",
	"21792eb7-5245-4b8f-a788-e7dd731d23a8");
INSERT INTO V_AVL
	VALUES ("7bf6c7cb-2850-4693-bb66-55d2e6f3626f",
	"a04d3a9a-2c87-4ac7-8408-2e72a72048ed",
	"cd4fdb55-c935-485c-af63-77515b5963d5",
	"e1d4139a-8e90-4b64-ab6b-29ab1d003b0a");
INSERT INTO V_VAL
	VALUES ("e3bdb4c6-71ba-4254-a981-37539a340550",
	0,
	0,
	-1,
	-1,
	-1,
	0,
	0,
	0,
	0,
	"ba5eda7a-def5-0000-0000-000000000001",
	"21792eb7-5245-4b8f-a788-e7dd731d23a8");
INSERT INTO V_BIN
	VALUES ("e3bdb4c6-71ba-4254-a981-37539a340550",
	"0fff9270-acaa-4c90-9c61-7b4c3fad2263",
	"7bf6c7cb-2850-4693-bb66-55d2e6f3626f",
	'==');
INSERT INTO V_VAL
	VALUES ("0fff9270-acaa-4c90-9c61-7b4c3fad2263",
	0,
	0,
	-1,
	-1,
	-1,
	0,
	0,
	0,
	0,
	"ba5eda7a-def5-0000-0000-000000000001",
	"21792eb7-5245-4b8f-a788-e7dd731d23a8");
INSERT INTO V_LBO
	VALUES ("0fff9270-acaa-4c90-9c61-7b4c3fad2263",
	'TRUE');
INSERT INTO V_VAR
	VALUES ("0b9de516-9800-4268-994a-e0cc8caf2e4c",
	"21792eb7-5245-4b8f-a788-e7dd731d23a8",
	'door',
	1,
	"ba5eda7a-def5-0000-0000-000000000008");
INSERT INTO V_INT
	VALUES ("0b9de516-9800-4268-994a-e0cc8caf2e4c",
	0,
	"cd4fdb55-c935-485c-af63-77515b5963d5");
INSERT INTO V_LOC
	VALUES ("aac4a3ee-4b66-4632-82e0-a24c6f7e4863",
	2,
	15,
	18,
	"0b9de516-9800-4268-994a-e0cc8caf2e4c");
INSERT INTO V_LOC
	VALUES ("c7d86e6d-4d29-434f-b249-5ef3df7a407e",
	3,
	8,
	11,
	"0b9de516-9800-4268-994a-e0cc8caf2e4c");
INSERT INTO ACT_BLK
	VALUES ("6304e189-6624-4f13-8670-01c2e76d9397",
	0,
	0,
	0,
	'V_VAR.Var_ID',
	'',
	'',
	4,
	7,
	0,
	0,
	0,
	0,
	0,
	0,
	0,
	0,
	0,
	0,
	0,
	"f5b3d57b-dce7-4bb5-b80e-642756f0ff16",
	"00000000-0000-0000-0000-000000000000");
INSERT INTO ACT_SMT
	VALUES ("142b70ae-d21c-4496-af88-d53f1b3d94b2",
	"6304e189-6624-4f13-8670-01c2e76d9397",
	"00000000-0000-0000-0000-000000000000",
	4,
	7,
	'Oven::Ensuring Safe to Cook line: 4');
INSERT INTO E_ESS
	VALUES ("142b70ae-d21c-4496-af88-d53f1b3d94b2",
	1,
	0,
	4,
	16,
	4,
	22,
	0,
	0,
	0,
	0,
	0,
	0);
INSERT INTO E_GES
	VALUES ("142b70ae-d21c-4496-af88-d53f1b3d94b2");
INSERT INTO E_GSME
	VALUES ("142b70ae-d21c-4496-af88-d53f1b3d94b2",
	"a74c1b2e-6eed-4504-9ac9-df941b342b47");
INSERT INTO E_GEN
	VALUES ("142b70ae-d21c-4496-af88-d53f1b3d94b2",
	"263df658-0b7a-4537-be97-3dbda634782d");
INSERT INTO SM_STATE
	VALUES ("32e00896-5e7b-409e-9bbb-9faab915a642",
	"9176fe79-a8e0-4260-bcdd-e65e1905d8e0",
	"00000000-0000-0000-0000-000000000000",
	'Cooking',
	3,
	0);
INSERT INTO SM_EIGN
	VALUES ("32e00896-5e7b-409e-9bbb-9faab915a642",
	"70f2a025-fd3a-4d69-ad64-a8834fe8c198",
	"9176fe79-a8e0-4260-bcdd-e65e1905d8e0",
	"00000000-0000-0000-0000-000000000000",
	'');
INSERT INTO SM_SEME
	VALUES ("32e00896-5e7b-409e-9bbb-9faab915a642",
	"70f2a025-fd3a-4d69-ad64-a8834fe8c198",
	"9176fe79-a8e0-4260-bcdd-e65e1905d8e0",
	"00000000-0000-0000-0000-000000000000");
INSERT INTO SM_EIGN
	VALUES ("32e00896-5e7b-409e-9bbb-9faab915a642",
	"de042e27-ffe4-44b4-a05f-a2287cc296c7",
	"9176fe79-a8e0-4260-bcdd-e65e1905d8e0",
	"00000000-0000-0000-0000-000000000000",
	'');
INSERT INTO SM_SEME
	VALUES ("32e00896-5e7b-409e-9bbb-9faab915a642",
	"de042e27-ffe4-44b4-a05f-a2287cc296c7",
	"9176fe79-a8e0-4260-bcdd-e65e1905d8e0",
	"00000000-0000-0000-0000-000000000000");
INSERT INTO SM_SEME
	VALUES ("32e00896-5e7b-409e-9bbb-9faab915a642",
	"42f7522c-8f8c-4f12-ab60-9c6b8c96cbaf",
	"9176fe79-a8e0-4260-bcdd-e65e1905d8e0",
	"00000000-0000-0000-0000-000000000000");
INSERT INTO SM_EIGN
	VALUES ("32e00896-5e7b-409e-9bbb-9faab915a642",
	"19f273d3-e81e-48b0-b886-308d886efc18",
	"9176fe79-a8e0-4260-bcdd-e65e1905d8e0",
	"00000000-0000-0000-0000-000000000000",
	'');
INSERT INTO SM_SEME
	VALUES ("32e00896-5e7b-409e-9bbb-9faab915a642",
	"19f273d3-e81e-48b0-b886-308d886efc18",
	"9176fe79-a8e0-4260-bcdd-e65e1905d8e0",
	"00000000-0000-0000-0000-000000000000");
INSERT INTO SM_SEME
	VALUES ("32e00896-5e7b-409e-9bbb-9faab915a642",
	"10a8c59e-c6dc-4571-8bfc-8ce6e1d9f59b",
	"9176fe79-a8e0-4260-bcdd-e65e1905d8e0",
	"00000000-0000-0000-0000-000000000000");
INSERT INTO SM_EIGN
	VALUES ("32e00896-5e7b-409e-9bbb-9faab915a642",
	"e4561275-8bc9-4388-bc04-20e677d02903",
	"9176fe79-a8e0-4260-bcdd-e65e1905d8e0",
	"00000000-0000-0000-0000-000000000000",
	'');
INSERT INTO SM_SEME
	VALUES ("32e00896-5e7b-409e-9bbb-9faab915a642",
	"e4561275-8bc9-4388-bc04-20e677d02903",
	"9176fe79-a8e0-4260-bcdd-e65e1905d8e0",
	"00000000-0000-0000-0000-000000000000");
INSERT INTO SM_EIGN
	VALUES ("32e00896-5e7b-409e-9bbb-9faab915a642",
	"a74c1b2e-6eed-4504-9ac9-df941b342b47",
	"9176fe79-a8e0-4260-bcdd-e65e1905d8e0",
	"00000000-0000-0000-0000-000000000000",
	'');
INSERT INTO SM_SEME
	VALUES ("32e00896-5e7b-409e-9bbb-9faab915a642",
	"a74c1b2e-6eed-4504-9ac9-df941b342b47",
	"9176fe79-a8e0-4260-bcdd-e65e1905d8e0",
	"00000000-0000-0000-0000-000000000000");
INSERT INTO SM_EIGN
	VALUES ("32e00896-5e7b-409e-9bbb-9faab915a642",
	"b6b69bca-fa1c-40c8-9dc8-8f391c5c2b53",
	"9176fe79-a8e0-4260-bcdd-e65e1905d8e0",
	"00000000-0000-0000-0000-000000000000",
	'');
INSERT INTO SM_SEME
	VALUES ("32e00896-5e7b-409e-9bbb-9faab915a642",
	"b6b69bca-fa1c-40c8-9dc8-8f391c5c2b53",
	"9176fe79-a8e0-4260-bcdd-e65e1905d8e0",
	"00000000-0000-0000-0000-000000000000");
INSERT INTO SM_CH
	VALUES ("32e00896-5e7b-409e-9bbb-9faab915a642",
	"fa6f70c1-b2fb-451a-a5a8-07e653012464",
	"9176fe79-a8e0-4260-bcdd-e65e1905d8e0",
	"00000000-0000-0000-0000-000000000000",
	'');
INSERT INTO SM_SEME
	VALUES ("32e00896-5e7b-409e-9bbb-9faab915a642",
	"fa6f70c1-b2fb-451a-a5a8-07e653012464",
	"9176fe79-a8e0-4260-bcdd-e65e1905d8e0",
	"00000000-0000-0000-0000-000000000000");
INSERT INTO SM_MOAH
	VALUES ("89a6fdd7-4a6e-4b2d-af38-aeb301bf58f0",
	"9176fe79-a8e0-4260-bcdd-e65e1905d8e0",
	"32e00896-5e7b-409e-9bbb-9faab915a642");
INSERT INTO SM_AH
	VALUES ("89a6fdd7-4a6e-4b2d-af38-aeb301bf58f0",
	"9176fe79-a8e0-4260-bcdd-e65e1905d8e0");
INSERT INTO SM_ACT
	VALUES ("89a6fdd7-4a6e-4b2d-af38-aeb301bf58f0",
	"9176fe79-a8e0-4260-bcdd-e65e1905d8e0",
	1,
	'create event instance cooking_over of MO_O5:''cooking_period_over''() to self;
self.oven_timer = TIM::timer_start(microseconds:self.remaining_cooking_time, event_inst:cooking_over);

select one light related by self->MO_IL[R2];
generate MO_IL1:''switch_on'' to light;

select one turntable related by self->MO_TRN[R5];
generate MO_TRN1:''spin'' to turntable;

select one tube related by self->MO_MT[R1];
generate MO_MT3:''power_on'' to tube;',
	'');
INSERT INTO ACT_SAB
	VALUES ("ddf7ece9-fabb-4f2d-9d4a-49ad70711145",
	"9176fe79-a8e0-4260-bcdd-e65e1905d8e0",
	"89a6fdd7-4a6e-4b2d-af38-aeb301bf58f0");
INSERT INTO ACT_ACT
	VALUES ("ddf7ece9-fabb-4f2d-9d4a-49ad70711145",
	'state',
	0,
	"d340357f-a1ef-4868-b37f-5f42e3a75198",
	"00000000-0000-0000-0000-000000000000",
	0,
	'Oven::Cooking',
	"00000000-0000-0000-0000-000000000000");
INSERT INTO ACT_BLK
	VALUES ("d340357f-a1ef-4868-b37f-5f42e3a75198",
	1,
	0,
	0,
	'V_VAR.Var_ID',
	'',
	'',
	11,
	1,
	10,
	34,
	0,
	0,
	10,
	40,
	0,
	0,
	0,
	0,
	0,
	"ddf7ece9-fabb-4f2d-9d4a-49ad70711145",
	"00000000-0000-0000-0000-000000000000");
INSERT INTO ACT_SMT
	VALUES ("5772eb1a-77b2-464c-a7d7-341a21e0554b",
	"d340357f-a1ef-4868-b37f-5f42e3a75198",
	"5b2ed4ca-5754-4a69-8ea8-8a4d112e7d00",
	1,
	1,
	'Oven::Cooking line: 1');
INSERT INTO E_ESS
	VALUES ("5772eb1a-77b2-464c-a7d7-341a21e0554b",
	1,
	0,
	1,
	39,
	1,
	45,
	0,
	0,
	0,
	0,
	0,
	0);
INSERT INTO E_CES
	VALUES ("5772eb1a-77b2-464c-a7d7-341a21e0554b",
	1,
	"1e59e591-d8c0-435e-adf7-5c68d6f8adf6");
INSERT INTO E_CSME
	VALUES ("5772eb1a-77b2-464c-a7d7-341a21e0554b",
	"10a8c59e-c6dc-4571-8bfc-8ce6e1d9f59b");
INSERT INTO E_CEI
	VALUES ("5772eb1a-77b2-464c-a7d7-341a21e0554b",
	"7ae79a42-d740-4fde-ad89-5a709b977780");
INSERT INTO ACT_SMT
	VALUES ("5b2ed4ca-5754-4a69-8ea8-8a4d112e7d00",
	"d340357f-a1ef-4868-b37f-5f42e3a75198",
	"14114a0b-5cb8-4944-a754-228dfaf88bf7",
	2,
	1,
	'Oven::Cooking line: 2');
INSERT INTO ACT_AI
	VALUES ("5b2ed4ca-5754-4a69-8ea8-8a4d112e7d00",
	"68399348-ff51-4ebc-a9c0-1b16ee3dc798",
	"6e1e800c-e2b4-4736-82a4-e07a254a76df",
	0,
	0);
INSERT INTO ACT_SMT
	VALUES ("14114a0b-5cb8-4944-a754-228dfaf88bf7",
	"d340357f-a1ef-4868-b37f-5f42e3a75198",
	"8dd4cf18-b53f-4bfe-9e03-0173c5dc2d3c",
	4,
	1,
	'Oven::Cooking line: 4');
INSERT INTO ACT_SEL
	VALUES ("14114a0b-5cb8-4944-a754-228dfaf88bf7",
	"d4893cd3-0514-42c8-89cd-fa3bc72e3f9c",
	1,
	'one',
	"5baa4e0a-8d0b-4e89-aca4-815bbb4044dc");
INSERT INTO ACT_SR
	VALUES ("14114a0b-5cb8-4944-a754-228dfaf88bf7");
INSERT INTO ACT_LNK
	VALUES ("71913095-1f93-4e96-9dea-f0ecac14cd4a",
	'',
	"14114a0b-5cb8-4944-a754-228dfaf88bf7",
	"5ba54947-4cd4-423c-8463-0952e27b38bc",
	"00000000-0000-0000-0000-000000000000",
	2,
	"74c2f04f-6ead-48bc-9388-7dce6c130237",
	4,
	35,
	4,
	41,
	0,
	0);
INSERT INTO ACT_SMT
	VALUES ("8dd4cf18-b53f-4bfe-9e03-0173c5dc2d3c",
	"d340357f-a1ef-4868-b37f-5f42e3a75198",
	"f6dbacb7-7e88-49f8-acb4-b33964fa389e",
	5,
	1,
	'Oven::Cooking line: 5');
INSERT INTO E_ESS
	VALUES ("8dd4cf18-b53f-4bfe-9e03-0173c5dc2d3c",
	1,
	0,
	5,
	10,
	5,
	17,
	4,
	35,
	0,
	0,
	0,
	0);
INSERT INTO E_GES
	VALUES ("8dd4cf18-b53f-4bfe-9e03-0173c5dc2d3c");
INSERT INTO E_GSME
	VALUES ("8dd4cf18-b53f-4bfe-9e03-0173c5dc2d3c",
	"95df3d10-996a-492d-9448-10361081756a");
INSERT INTO E_GEN
	VALUES ("8dd4cf18-b53f-4bfe-9e03-0173c5dc2d3c",
	"d4893cd3-0514-42c8-89cd-fa3bc72e3f9c");
INSERT INTO ACT_SMT
	VALUES ("f6dbacb7-7e88-49f8-acb4-b33964fa389e",
	"d340357f-a1ef-4868-b37f-5f42e3a75198",
	"ad147da6-0f92-4363-af29-2d5aa9129bf7",
	7,
	1,
	'Oven::Cooking line: 7');
INSERT INTO ACT_SEL
	VALUES ("f6dbacb7-7e88-49f8-acb4-b33964fa389e",
	"466b833c-79c2-4a24-9f4f-bddf564a6e33",
	1,
	'one',
	"f563706b-0b9e-4bae-93af-0959bb14e241");
INSERT INTO ACT_SR
	VALUES ("f6dbacb7-7e88-49f8-acb4-b33964fa389e");
INSERT INTO ACT_LNK
	VALUES ("99727b57-cf92-4b92-91ca-c14e5ff361b5",
	'',
	"f6dbacb7-7e88-49f8-acb4-b33964fa389e",
	"d48f5681-a6cf-4d98-a809-43274fd08150",
	"00000000-0000-0000-0000-000000000000",
	2,
	"48a311fd-78e5-4647-865c-32abb40b09fe",
	7,
	39,
	7,
	46,
	0,
	0);
INSERT INTO ACT_SMT
	VALUES ("ad147da6-0f92-4363-af29-2d5aa9129bf7",
	"d340357f-a1ef-4868-b37f-5f42e3a75198",
	"c6f345dd-a78e-4456-b165-84e9dc4cd35e",
	8,
	1,
	'Oven::Cooking line: 8');
INSERT INTO E_ESS
	VALUES ("ad147da6-0f92-4363-af29-2d5aa9129bf7",
	1,
	0,
	8,
	10,
	8,
	18,
	7,
	39,
	0,
	0,
	0,
	0);
INSERT INTO E_GES
	VALUES ("ad147da6-0f92-4363-af29-2d5aa9129bf7");
INSERT INTO E_GSME
	VALUES ("ad147da6-0f92-4363-af29-2d5aa9129bf7",
	"21865a1a-42f9-4f94-96db-a92a111b06a0");
INSERT INTO E_GEN
	VALUES ("ad147da6-0f92-4363-af29-2d5aa9129bf7",
	"466b833c-79c2-4a24-9f4f-bddf564a6e33");
INSERT INTO ACT_SMT
	VALUES ("c6f345dd-a78e-4456-b165-84e9dc4cd35e",
	"d340357f-a1ef-4868-b37f-5f42e3a75198",
	"56f7dcea-05de-4ee0-a2f3-cb5e832fbdc8",
	10,
	1,
	'Oven::Cooking line: 10');
INSERT INTO ACT_SEL
	VALUES ("c6f345dd-a78e-4456-b165-84e9dc4cd35e",
	"7be934cc-e16f-4fd7-9d90-75566ab92360",
	1,
	'one',
	"6e154055-dbe5-4875-b3f8-082d03ce2746");
INSERT INTO ACT_SR
	VALUES ("c6f345dd-a78e-4456-b165-84e9dc4cd35e");
INSERT INTO ACT_LNK
	VALUES ("3f3ced92-6ec2-4cbb-bc43-a584968c6f32",
	'',
	"c6f345dd-a78e-4456-b165-84e9dc4cd35e",
	"60140c5d-1a6e-4624-9e4a-837476af2eb1",
	"00000000-0000-0000-0000-000000000000",
	2,
	"21726274-a60c-4843-a337-c30d3e6fd999",
	10,
	34,
	10,
	40,
	0,
	0);
INSERT INTO ACT_SMT
	VALUES ("56f7dcea-05de-4ee0-a2f3-cb5e832fbdc8",
	"d340357f-a1ef-4868-b37f-5f42e3a75198",
	"00000000-0000-0000-0000-000000000000",
	11,
	1,
	'Oven::Cooking line: 11');
INSERT INTO E_ESS
	VALUES ("56f7dcea-05de-4ee0-a2f3-cb5e832fbdc8",
	1,
	0,
	11,
	10,
	11,
	17,
	10,
	34,
	0,
	0,
	0,
	0);
INSERT INTO E_GES
	VALUES ("56f7dcea-05de-4ee0-a2f3-cb5e832fbdc8");
INSERT INTO E_GSME
	VALUES ("56f7dcea-05de-4ee0-a2f3-cb5e832fbdc8",
	"4d948de7-78f1-4f95-a68a-b013bf5ae28c");
INSERT INTO E_GEN
	VALUES ("56f7dcea-05de-4ee0-a2f3-cb5e832fbdc8",
	"7be934cc-e16f-4fd7-9d90-75566ab92360");
INSERT INTO V_VAL
	VALUES ("a847fd84-8b18-4461-85d2-c94860012add",
	1,
	0,
	2,
	1,
	4,
	0,
	0,
	0,
	0,
	"ba5eda7a-def5-0000-0000-000000000008",
	"d340357f-a1ef-4868-b37f-5f42e3a75198");
INSERT INTO V_IRF
	VALUES ("a847fd84-8b18-4461-85d2-c94860012add",
	"7ae79a42-d740-4fde-ad89-5a709b977780");
INSERT INTO V_VAL
	VALUES ("6e1e800c-e2b4-4736-82a4-e07a254a76df",
	1,
	0,
	2,
	6,
	15,
	0,
	0,
	0,
	0,
	"ba5eda7a-def5-0000-0000-00000000000f",
	"d340357f-a1ef-4868-b37f-5f42e3a75198");
INSERT INTO V_AVL
	VALUES ("6e1e800c-e2b4-4736-82a4-e07a254a76df",
	"a847fd84-8b18-4461-85d2-c94860012add",
	"d41fedf9-3f2c-4216-96e0-94838ac603b1",
	"7c52fc7e-1792-4573-9d24-a34da8772727");
INSERT INTO V_VAL
	VALUES ("68399348-ff51-4ebc-a9c0-1b16ee3dc798",
	0,
	0,
	2,
	24,
	-1,
	2,
	36,
	2,
	78,
	"ba5eda7a-def5-0000-0000-00000000000f",
	"d340357f-a1ef-4868-b37f-5f42e3a75198");
INSERT INTO V_BRV
	VALUES ("68399348-ff51-4ebc-a9c0-1b16ee3dc798",
	"03a46075-6e6b-44a0-9203-72f9ef1b94a2",
	1,
	2,
	19);
INSERT INTO V_VAL
	VALUES ("35a34958-bcc6-427b-a677-466e116dc8e0",
	0,
	0,
	2,
	49,
	52,
	0,
	0,
	0,
	0,
	"ba5eda7a-def5-0000-0000-000000000008",
	"d340357f-a1ef-4868-b37f-5f42e3a75198");
INSERT INTO V_IRF
	VALUES ("35a34958-bcc6-427b-a677-466e116dc8e0",
	"7ae79a42-d740-4fde-ad89-5a709b977780");
INSERT INTO V_VAL
	VALUES ("697014c2-38b8-4d47-852b-444a462b7ae3",
	0,
	0,
	2,
	54,
	75,
	0,
	0,
	0,
	0,
	"ba5eda7a-def5-0000-0000-000000000002",
	"d340357f-a1ef-4868-b37f-5f42e3a75198");
INSERT INTO V_AVL
	VALUES ("697014c2-38b8-4d47-852b-444a462b7ae3",
	"35a34958-bcc6-427b-a677-466e116dc8e0",
	"d41fedf9-3f2c-4216-96e0-94838ac603b1",
	"6329ab2f-f318-4a52-a311-ada41ee0251c");
INSERT INTO V_PAR
	VALUES ("697014c2-38b8-4d47-852b-444a462b7ae3",
	"00000000-0000-0000-0000-000000000000",
	"68399348-ff51-4ebc-a9c0-1b16ee3dc798",
	'microseconds',
	"bc5b15d4-21a1-4e4a-abba-53da3b1f4c26",
	2,
	36);
INSERT INTO V_VAL
	VALUES ("bc5b15d4-21a1-4e4a-abba-53da3b1f4c26",
	0,
	0,
	2,
	89,
	100,
	0,
	0,
	0,
	0,
	"ba5eda7a-def5-0000-0000-00000000000a",
	"d340357f-a1ef-4868-b37f-5f42e3a75198");
INSERT INTO V_TVL
	VALUES ("bc5b15d4-21a1-4e4a-abba-53da3b1f4c26",
	"1e59e591-d8c0-435e-adf7-5c68d6f8adf6");
INSERT INTO V_PAR
	VALUES ("bc5b15d4-21a1-4e4a-abba-53da3b1f4c26",
	"00000000-0000-0000-0000-000000000000",
	"68399348-ff51-4ebc-a9c0-1b16ee3dc798",
	'event_inst',
	"00000000-0000-0000-0000-000000000000",
	2,
	78);
INSERT INTO V_VAL
	VALUES ("5baa4e0a-8d0b-4e89-aca4-815bbb4044dc",
	0,
	0,
	4,
	29,
	32,
	0,
	0,
	0,
	0,
	"ba5eda7a-def5-0000-0000-000000000008",
	"d340357f-a1ef-4868-b37f-5f42e3a75198");
INSERT INTO V_IRF
	VALUES ("5baa4e0a-8d0b-4e89-aca4-815bbb4044dc",
	"7ae79a42-d740-4fde-ad89-5a709b977780");
INSERT INTO V_VAL
	VALUES ("f563706b-0b9e-4bae-93af-0959bb14e241",
	0,
	0,
	7,
	33,
	36,
	0,
	0,
	0,
	0,
	"ba5eda7a-def5-0000-0000-000000000008",
	"d340357f-a1ef-4868-b37f-5f42e3a75198");
INSERT INTO V_IRF
	VALUES ("f563706b-0b9e-4bae-93af-0959bb14e241",
	"7ae79a42-d740-4fde-ad89-5a709b977780");
INSERT INTO V_VAL
	VALUES ("6e154055-dbe5-4875-b3f8-082d03ce2746",
	0,
	0,
	10,
	28,
	31,
	0,
	0,
	0,
	0,
	"ba5eda7a-def5-0000-0000-000000000008",
	"d340357f-a1ef-4868-b37f-5f42e3a75198");
INSERT INTO V_IRF
	VALUES ("6e154055-dbe5-4875-b3f8-082d03ce2746",
	"7ae79a42-d740-4fde-ad89-5a709b977780");
INSERT INTO V_VAR
	VALUES ("1e59e591-d8c0-435e-adf7-5c68d6f8adf6",
	"d340357f-a1ef-4868-b37f-5f42e3a75198",
	'cooking_over',
	1,
	"ba5eda7a-def5-0000-0000-00000000000a");
INSERT INTO V_TRN
	VALUES ("1e59e591-d8c0-435e-adf7-5c68d6f8adf6",
	"00000000-0000-0000-0000-000000000000",
	'');
INSERT INTO V_LOC
	VALUES ("cc2d9953-62ab-47a6-ab01-ac34ab9f8e2a",
	1,
	23,
	34,
	"1e59e591-d8c0-435e-adf7-5c68d6f8adf6");
INSERT INTO V_LOC
	VALUES ("24fe8a1d-a424-4fc5-9b9e-b18abdc3b2eb",
	2,
	89,
	100,
	"1e59e591-d8c0-435e-adf7-5c68d6f8adf6");
INSERT INTO V_VAR
	VALUES ("7ae79a42-d740-4fde-ad89-5a709b977780",
	"d340357f-a1ef-4868-b37f-5f42e3a75198",
	'self',
	1,
	"ba5eda7a-def5-0000-0000-000000000008");
INSERT INTO V_INT
	VALUES ("7ae79a42-d740-4fde-ad89-5a709b977780",
	0,
	"d41fedf9-3f2c-4216-96e0-94838ac603b1");
INSERT INTO V_LOC
	VALUES ("09e4d35b-c622-44f3-aa98-e6dc45c62740",
	1,
	72,
	75,
	"7ae79a42-d740-4fde-ad89-5a709b977780");
INSERT INTO V_LOC
	VALUES ("7667203e-544c-4bf2-a0c9-9d7e1f6e545c",
	2,
	1,
	4,
	"7ae79a42-d740-4fde-ad89-5a709b977780");
INSERT INTO V_LOC
	VALUES ("32d12e44-c3ec-4858-9860-2648ea079c53",
	2,
	49,
	52,
	"7ae79a42-d740-4fde-ad89-5a709b977780");
INSERT INTO V_VAR
	VALUES ("d4893cd3-0514-42c8-89cd-fa3bc72e3f9c",
	"d340357f-a1ef-4868-b37f-5f42e3a75198",
	'light',
	1,
	"ba5eda7a-def5-0000-0000-000000000008");
INSERT INTO V_INT
	VALUES ("d4893cd3-0514-42c8-89cd-fa3bc72e3f9c",
	0,
	"74c2f04f-6ead-48bc-9388-7dce6c130237");
INSERT INTO V_LOC
	VALUES ("0821648c-eab8-4808-9491-2b52e63cf13d",
	4,
	12,
	16,
	"d4893cd3-0514-42c8-89cd-fa3bc72e3f9c");
INSERT INTO V_LOC
	VALUES ("6eac5f8a-8b6b-4f8f-bf3f-9711eed4117d",
	5,
	32,
	36,
	"d4893cd3-0514-42c8-89cd-fa3bc72e3f9c");
INSERT INTO V_VAR
	VALUES ("466b833c-79c2-4a24-9f4f-bddf564a6e33",
	"d340357f-a1ef-4868-b37f-5f42e3a75198",
	'turntable',
	1,
	"ba5eda7a-def5-0000-0000-000000000008");
INSERT INTO V_INT
	VALUES ("466b833c-79c2-4a24-9f4f-bddf564a6e33",
	0,
	"48a311fd-78e5-4647-865c-32abb40b09fe");
INSERT INTO V_LOC
	VALUES ("287ba7b7-1fa0-44b0-8000-681c1f452b34",
	7,
	12,
	20,
	"466b833c-79c2-4a24-9f4f-bddf564a6e33");
INSERT INTO V_LOC
	VALUES ("d5f957df-3f34-4f50-bb20-de709213c525",
	8,
	28,
	36,
	"466b833c-79c2-4a24-9f4f-bddf564a6e33");
INSERT INTO V_VAR
	VALUES ("7be934cc-e16f-4fd7-9d90-75566ab92360",
	"d340357f-a1ef-4868-b37f-5f42e3a75198",
	'tube',
	1,
	"ba5eda7a-def5-0000-0000-000000000008");
INSERT INTO V_INT
	VALUES ("7be934cc-e16f-4fd7-9d90-75566ab92360",
	0,
	"21726274-a60c-4843-a337-c30d3e6fd999");
INSERT INTO V_LOC
	VALUES ("a7b56e1e-5a1e-4be5-950d-3e482aceb897",
	10,
	12,
	15,
	"7be934cc-e16f-4fd7-9d90-75566ab92360");
INSERT INTO V_LOC
	VALUES ("7ca784e1-9989-4b8e-b515-136c9e0e1b57",
	11,
	31,
	34,
	"7be934cc-e16f-4fd7-9d90-75566ab92360");
INSERT INTO SM_STATE
	VALUES ("def96709-9d4c-4561-b83b-38a614fc5794",
	"9176fe79-a8e0-4260-bcdd-e65e1905d8e0",
	"00000000-0000-0000-0000-000000000000",
	'Cooking Suspended',
	4,
	0);
INSERT INTO SM_EIGN
	VALUES ("def96709-9d4c-4561-b83b-38a614fc5794",
	"70f2a025-fd3a-4d69-ad64-a8834fe8c198",
	"9176fe79-a8e0-4260-bcdd-e65e1905d8e0",
	"00000000-0000-0000-0000-000000000000",
	'');
INSERT INTO SM_SEME
	VALUES ("def96709-9d4c-4561-b83b-38a614fc5794",
	"70f2a025-fd3a-4d69-ad64-a8834fe8c198",
	"9176fe79-a8e0-4260-bcdd-e65e1905d8e0",
	"00000000-0000-0000-0000-000000000000");
INSERT INTO SM_SEME
	VALUES ("def96709-9d4c-4561-b83b-38a614fc5794",
	"de042e27-ffe4-44b4-a05f-a2287cc296c7",
	"9176fe79-a8e0-4260-bcdd-e65e1905d8e0",
	"00000000-0000-0000-0000-000000000000");
INSERT INTO SM_SEME
	VALUES ("def96709-9d4c-4561-b83b-38a614fc5794",
	"42f7522c-8f8c-4f12-ab60-9c6b8c96cbaf",
	"9176fe79-a8e0-4260-bcdd-e65e1905d8e0",
	"00000000-0000-0000-0000-000000000000");
INSERT INTO SM_EIGN
	VALUES ("def96709-9d4c-4561-b83b-38a614fc5794",
	"19f273d3-e81e-48b0-b886-308d886efc18",
	"9176fe79-a8e0-4260-bcdd-e65e1905d8e0",
	"00000000-0000-0000-0000-000000000000",
	'');
INSERT INTO SM_SEME
	VALUES ("def96709-9d4c-4561-b83b-38a614fc5794",
	"19f273d3-e81e-48b0-b886-308d886efc18",
	"9176fe79-a8e0-4260-bcdd-e65e1905d8e0",
	"00000000-0000-0000-0000-000000000000");
INSERT INTO SM_EIGN
	VALUES ("def96709-9d4c-4561-b83b-38a614fc5794",
	"10a8c59e-c6dc-4571-8bfc-8ce6e1d9f59b",
	"9176fe79-a8e0-4260-bcdd-e65e1905d8e0",
	"00000000-0000-0000-0000-000000000000",
	'');
INSERT INTO SM_SEME
	VALUES ("def96709-9d4c-4561-b83b-38a614fc5794",
	"10a8c59e-c6dc-4571-8bfc-8ce6e1d9f59b",
	"9176fe79-a8e0-4260-bcdd-e65e1905d8e0",
	"00000000-0000-0000-0000-000000000000");
INSERT INTO SM_EIGN
	VALUES ("def96709-9d4c-4561-b83b-38a614fc5794",
	"e4561275-8bc9-4388-bc04-20e677d02903",
	"9176fe79-a8e0-4260-bcdd-e65e1905d8e0",
	"00000000-0000-0000-0000-000000000000",
	'');
INSERT INTO SM_SEME
	VALUES ("def96709-9d4c-4561-b83b-38a614fc5794",
	"e4561275-8bc9-4388-bc04-20e677d02903",
	"9176fe79-a8e0-4260-bcdd-e65e1905d8e0",
	"00000000-0000-0000-0000-000000000000");
INSERT INTO SM_EIGN
	VALUES ("def96709-9d4c-4561-b83b-38a614fc5794",
	"a74c1b2e-6eed-4504-9ac9-df941b342b47",
	"9176fe79-a8e0-4260-bcdd-e65e1905d8e0",
	"00000000-0000-0000-0000-000000000000",
	'');
INSERT INTO SM_SEME
	VALUES ("def96709-9d4c-4561-b83b-38a614fc5794",
	"a74c1b2e-6eed-4504-9ac9-df941b342b47",
	"9176fe79-a8e0-4260-bcdd-e65e1905d8e0",
	"00000000-0000-0000-0000-000000000000");
INSERT INTO SM_EIGN
	VALUES ("def96709-9d4c-4561-b83b-38a614fc5794",
	"b6b69bca-fa1c-40c8-9dc8-8f391c5c2b53",
	"9176fe79-a8e0-4260-bcdd-e65e1905d8e0",
	"00000000-0000-0000-0000-000000000000",
	'');
INSERT INTO SM_SEME
	VALUES ("def96709-9d4c-4561-b83b-38a614fc5794",
	"b6b69bca-fa1c-40c8-9dc8-8f391c5c2b53",
	"9176fe79-a8e0-4260-bcdd-e65e1905d8e0",
	"00000000-0000-0000-0000-000000000000");
INSERT INTO SM_CH
	VALUES ("def96709-9d4c-4561-b83b-38a614fc5794",
	"fa6f70c1-b2fb-451a-a5a8-07e653012464",
	"9176fe79-a8e0-4260-bcdd-e65e1905d8e0",
	"00000000-0000-0000-0000-000000000000",
	'');
INSERT INTO SM_SEME
	VALUES ("def96709-9d4c-4561-b83b-38a614fc5794",
	"fa6f70c1-b2fb-451a-a5a8-07e653012464",
	"9176fe79-a8e0-4260-bcdd-e65e1905d8e0",
	"00000000-0000-0000-0000-000000000000");
INSERT INTO SM_MOAH
	VALUES ("dba73c4d-752e-4760-abdd-83a9dd2c5faf",
	"9176fe79-a8e0-4260-bcdd-e65e1905d8e0",
	"def96709-9d4c-4561-b83b-38a614fc5794");
INSERT INTO SM_AH
	VALUES ("dba73c4d-752e-4760-abdd-83a9dd2c5faf",
	"9176fe79-a8e0-4260-bcdd-e65e1905d8e0");
INSERT INTO SM_ACT
	VALUES ("dba73c4d-752e-4760-abdd-83a9dd2c5faf",
	"9176fe79-a8e0-4260-bcdd-e65e1905d8e0",
	1,
	'assign self.remaining_cooking_time = TIM::timer_remaining_time(timer_inst_ref:self.oven_timer);
cancelled = TIM::timer_cancel(timer_inst_ref:self.oven_timer);

select one light related by self->MO_IL[R2];
generate MO_IL2:''switch_off'' to light;

select one turntable related by self->MO_TRN[R5];
generate MO_TRN2:''stop'' to turntable;

select one tube related by self->MO_MT[R1];
generate MO_MT4:''power_off'' to tube;
',
	'');
INSERT INTO ACT_SAB
	VALUES ("7214bdc1-5817-44a9-b459-416bf6dc2d8d",
	"9176fe79-a8e0-4260-bcdd-e65e1905d8e0",
	"dba73c4d-752e-4760-abdd-83a9dd2c5faf");
INSERT INTO ACT_ACT
	VALUES ("7214bdc1-5817-44a9-b459-416bf6dc2d8d",
	'state',
	0,
	"0e7a2591-d906-4dd7-9921-353c45e0a66e",
	"00000000-0000-0000-0000-000000000000",
	0,
	'Oven::Cooking Suspended',
	"00000000-0000-0000-0000-000000000000");
INSERT INTO ACT_BLK
	VALUES ("0e7a2591-d906-4dd7-9921-353c45e0a66e",
	1,
	0,
	0,
	'V_VAR.Var_ID',
	'',
	'',
	11,
	1,
	10,
	34,
	0,
	0,
	10,
	40,
	0,
	0,
	0,
	0,
	0,
	"7214bdc1-5817-44a9-b459-416bf6dc2d8d",
	"00000000-0000-0000-0000-000000000000");
INSERT INTO ACT_SMT
	VALUES ("a25b82ec-60b1-4361-a8ff-c7da300d1fcc",
	"0e7a2591-d906-4dd7-9921-353c45e0a66e",
	"117444ef-3fc0-46f7-bd28-3ae46455de31",
	1,
	1,
	'Oven::Cooking Suspended line: 1');
INSERT INTO ACT_AI
	VALUES ("a25b82ec-60b1-4361-a8ff-c7da300d1fcc",
	"53c7165d-3e00-49f1-a85d-7fa68ca6b4db",
	"aab4ab8d-be4b-48b0-9cbf-5757a81fb622",
	0,
	0);
INSERT INTO ACT_SMT
	VALUES ("117444ef-3fc0-46f7-bd28-3ae46455de31",
	"0e7a2591-d906-4dd7-9921-353c45e0a66e",
	"31e958af-262a-437a-810d-d75fdc5f7e67",
	2,
	1,
	'Oven::Cooking Suspended line: 2');
INSERT INTO ACT_AI
	VALUES ("117444ef-3fc0-46f7-bd28-3ae46455de31",
	"ea7f7bc7-d93d-4058-89e5-7e024f93f73e",
	"5d9b089c-dc05-4cad-be0e-1d60683d066d",
	0,
	0);
INSERT INTO ACT_SMT
	VALUES ("31e958af-262a-437a-810d-d75fdc5f7e67",
	"0e7a2591-d906-4dd7-9921-353c45e0a66e",
	"5988446b-07e4-4454-b9cb-5da06a1a397c",
	4,
	1,
	'Oven::Cooking Suspended line: 4');
INSERT INTO ACT_SEL
	VALUES ("31e958af-262a-437a-810d-d75fdc5f7e67",
	"4a945056-42b2-49bd-ac8c-82ea186259a6",
	1,
	'one',
	"11a2fcc2-5a86-4b34-ba6f-723b3cbbe402");
INSERT INTO ACT_SR
	VALUES ("31e958af-262a-437a-810d-d75fdc5f7e67");
INSERT INTO ACT_LNK
	VALUES ("9a29f3cc-ef58-4ae0-83b9-3e9b8da98cb3",
	'',
	"31e958af-262a-437a-810d-d75fdc5f7e67",
	"5ba54947-4cd4-423c-8463-0952e27b38bc",
	"00000000-0000-0000-0000-000000000000",
	2,
	"74c2f04f-6ead-48bc-9388-7dce6c130237",
	4,
	35,
	4,
	41,
	0,
	0);
INSERT INTO ACT_SMT
	VALUES ("5988446b-07e4-4454-b9cb-5da06a1a397c",
	"0e7a2591-d906-4dd7-9921-353c45e0a66e",
	"00b79205-d3c6-492b-817c-090e2ed59ad7",
	5,
	1,
	'Oven::Cooking Suspended line: 5');
INSERT INTO E_ESS
	VALUES ("5988446b-07e4-4454-b9cb-5da06a1a397c",
	1,
	0,
	5,
	10,
	5,
	17,
	4,
	35,
	0,
	0,
	0,
	0);
INSERT INTO E_GES
	VALUES ("5988446b-07e4-4454-b9cb-5da06a1a397c");
INSERT INTO E_GSME
	VALUES ("5988446b-07e4-4454-b9cb-5da06a1a397c",
	"fc94c49c-6d8f-48f2-a36e-85329dd8932c");
INSERT INTO E_GEN
	VALUES ("5988446b-07e4-4454-b9cb-5da06a1a397c",
	"4a945056-42b2-49bd-ac8c-82ea186259a6");
INSERT INTO ACT_SMT
	VALUES ("00b79205-d3c6-492b-817c-090e2ed59ad7",
	"0e7a2591-d906-4dd7-9921-353c45e0a66e",
	"b8be9402-74d7-4897-a0c4-b2d6a0d15316",
	7,
	1,
	'Oven::Cooking Suspended line: 7');
INSERT INTO ACT_SEL
	VALUES ("00b79205-d3c6-492b-817c-090e2ed59ad7",
	"611f21fe-43b8-46e4-b8d2-0b7500988b70",
	1,
	'one',
	"786e78d0-ccd1-43a2-a8ed-b860c3ae46fa");
INSERT INTO ACT_SR
	VALUES ("00b79205-d3c6-492b-817c-090e2ed59ad7");
INSERT INTO ACT_LNK
	VALUES ("433e6466-bd4b-48af-8508-50c4cfe92044",
	'',
	"00b79205-d3c6-492b-817c-090e2ed59ad7",
	"d48f5681-a6cf-4d98-a809-43274fd08150",
	"00000000-0000-0000-0000-000000000000",
	2,
	"48a311fd-78e5-4647-865c-32abb40b09fe",
	7,
	39,
	7,
	46,
	0,
	0);
INSERT INTO ACT_SMT
	VALUES ("b8be9402-74d7-4897-a0c4-b2d6a0d15316",
	"0e7a2591-d906-4dd7-9921-353c45e0a66e",
	"2d8ba45b-a0ba-4db6-8d7e-309ca723acdf",
	8,
	1,
	'Oven::Cooking Suspended line: 8');
INSERT INTO E_ESS
	VALUES ("b8be9402-74d7-4897-a0c4-b2d6a0d15316",
	1,
	0,
	8,
	10,
	8,
	18,
	7,
	39,
	0,
	0,
	0,
	0);
INSERT INTO E_GES
	VALUES ("b8be9402-74d7-4897-a0c4-b2d6a0d15316");
INSERT INTO E_GSME
	VALUES ("b8be9402-74d7-4897-a0c4-b2d6a0d15316",
	"e7846544-4ae1-4175-aff3-f63e78d96f03");
INSERT INTO E_GEN
	VALUES ("b8be9402-74d7-4897-a0c4-b2d6a0d15316",
	"611f21fe-43b8-46e4-b8d2-0b7500988b70");
INSERT INTO ACT_SMT
	VALUES ("2d8ba45b-a0ba-4db6-8d7e-309ca723acdf",
	"0e7a2591-d906-4dd7-9921-353c45e0a66e",
	"1a1a9b2f-22b8-4a7d-806b-8647270334e5",
	10,
	1,
	'Oven::Cooking Suspended line: 10');
INSERT INTO ACT_SEL
	VALUES ("2d8ba45b-a0ba-4db6-8d7e-309ca723acdf",
	"12736aa4-38b4-4092-9d05-17112f7a96b2",
	1,
	'one',
	"69f5c943-6e72-4409-b7a4-0bdc9bd3fbc8");
INSERT INTO ACT_SR
	VALUES ("2d8ba45b-a0ba-4db6-8d7e-309ca723acdf");
INSERT INTO ACT_LNK
	VALUES ("cae604f9-324b-4441-9578-0ecb2da47445",
	'',
	"2d8ba45b-a0ba-4db6-8d7e-309ca723acdf",
	"60140c5d-1a6e-4624-9e4a-837476af2eb1",
	"00000000-0000-0000-0000-000000000000",
	2,
	"21726274-a60c-4843-a337-c30d3e6fd999",
	10,
	34,
	10,
	40,
	0,
	0);
INSERT INTO ACT_SMT
	VALUES ("1a1a9b2f-22b8-4a7d-806b-8647270334e5",
	"0e7a2591-d906-4dd7-9921-353c45e0a66e",
	"00000000-0000-0000-0000-000000000000",
	11,
	1,
	'Oven::Cooking Suspended line: 11');
INSERT INTO E_ESS
	VALUES ("1a1a9b2f-22b8-4a7d-806b-8647270334e5",
	1,
	0,
	11,
	10,
	11,
	17,
	10,
	34,
	0,
	0,
	0,
	0);
INSERT INTO E_GES
	VALUES ("1a1a9b2f-22b8-4a7d-806b-8647270334e5");
INSERT INTO E_GSME
	VALUES ("1a1a9b2f-22b8-4a7d-806b-8647270334e5",
	"0aa3db88-2647-4347-8628-2bd8db1b405b");
INSERT INTO E_GEN
	VALUES ("1a1a9b2f-22b8-4a7d-806b-8647270334e5",
	"12736aa4-38b4-4092-9d05-17112f7a96b2");
INSERT INTO V_VAL
	VALUES ("222a2f8f-4cdd-4205-a2d4-bd10cf9d56b0",
	1,
	0,
	1,
	8,
	11,
	0,
	0,
	0,
	0,
	"ba5eda7a-def5-0000-0000-000000000008",
	"0e7a2591-d906-4dd7-9921-353c45e0a66e");
INSERT INTO V_IRF
	VALUES ("222a2f8f-4cdd-4205-a2d4-bd10cf9d56b0",
	"775d205b-12b2-4c0b-9e0b-e6b0d415ca87");
INSERT INTO V_VAL
	VALUES ("aab4ab8d-be4b-48b0-9cbf-5757a81fb622",
	1,
	0,
	1,
	13,
	34,
	0,
	0,
	0,
	0,
	"ba5eda7a-def5-0000-0000-000000000002",
	"0e7a2591-d906-4dd7-9921-353c45e0a66e");
INSERT INTO V_AVL
	VALUES ("aab4ab8d-be4b-48b0-9cbf-5757a81fb622",
	"222a2f8f-4cdd-4205-a2d4-bd10cf9d56b0",
	"d41fedf9-3f2c-4216-96e0-94838ac603b1",
	"6329ab2f-f318-4a52-a311-ada41ee0251c");
INSERT INTO V_VAL
	VALUES ("53c7165d-3e00-49f1-a85d-7fa68ca6b4db",
	0,
	0,
	1,
	43,
	-1,
	1,
	64,
	0,
	0,
	"ba5eda7a-def5-0000-0000-000000000002",
	"0e7a2591-d906-4dd7-9921-353c45e0a66e");
INSERT INTO V_BRV
	VALUES ("53c7165d-3e00-49f1-a85d-7fa68ca6b4db",
	"5a8748d8-e784-410d-8128-4ea7ff1e7c60",
	1,
	1,
	38);
INSERT INTO V_VAL
	VALUES ("f58fda31-a011-4c59-8304-294107995e22",
	0,
	0,
	1,
	79,
	82,
	0,
	0,
	0,
	0,
	"ba5eda7a-def5-0000-0000-000000000008",
	"0e7a2591-d906-4dd7-9921-353c45e0a66e");
INSERT INTO V_IRF
	VALUES ("f58fda31-a011-4c59-8304-294107995e22",
	"775d205b-12b2-4c0b-9e0b-e6b0d415ca87");
INSERT INTO V_VAL
	VALUES ("e093b2ef-0416-4a82-9594-f378c45291ef",
	0,
	0,
	1,
	84,
	93,
	0,
	0,
	0,
	0,
	"ba5eda7a-def5-0000-0000-00000000000f",
	"0e7a2591-d906-4dd7-9921-353c45e0a66e");
INSERT INTO V_AVL
	VALUES ("e093b2ef-0416-4a82-9594-f378c45291ef",
	"f58fda31-a011-4c59-8304-294107995e22",
	"d41fedf9-3f2c-4216-96e0-94838ac603b1",
	"7c52fc7e-1792-4573-9d24-a34da8772727");
INSERT INTO V_PAR
	VALUES ("e093b2ef-0416-4a82-9594-f378c45291ef",
	"00000000-0000-0000-0000-000000000000",
	"53c7165d-3e00-49f1-a85d-7fa68ca6b4db",
	'timer_inst_ref',
	"00000000-0000-0000-0000-000000000000",
	1,
	64);
INSERT INTO V_VAL
	VALUES ("5d9b089c-dc05-4cad-be0e-1d60683d066d",
	1,
	1,
	2,
	1,
	9,
	0,
	0,
	0,
	0,
	"ba5eda7a-def5-0000-0000-000000000001",
	"0e7a2591-d906-4dd7-9921-353c45e0a66e");
INSERT INTO V_TVL
	VALUES ("5d9b089c-dc05-4cad-be0e-1d60683d066d",
	"a79db7d4-7180-4b29-89d8-527884752bc1");
INSERT INTO V_VAL
	VALUES ("ea7f7bc7-d93d-4058-89e5-7e024f93f73e",
	0,
	0,
	2,
	18,
	-1,
	2,
	31,
	0,
	0,
	"ba5eda7a-def5-0000-0000-000000000001",
	"0e7a2591-d906-4dd7-9921-353c45e0a66e");
INSERT INTO V_BRV
	VALUES ("ea7f7bc7-d93d-4058-89e5-7e024f93f73e",
	"6d44871c-9d26-479a-bf61-067a23a8ce19",
	1,
	2,
	13);
INSERT INTO V_VAL
	VALUES ("9ee352bd-82bb-4c43-8e09-968d080c6a8f",
	0,
	0,
	2,
	46,
	49,
	0,
	0,
	0,
	0,
	"ba5eda7a-def5-0000-0000-000000000008",
	"0e7a2591-d906-4dd7-9921-353c45e0a66e");
INSERT INTO V_IRF
	VALUES ("9ee352bd-82bb-4c43-8e09-968d080c6a8f",
	"775d205b-12b2-4c0b-9e0b-e6b0d415ca87");
INSERT INTO V_VAL
	VALUES ("b8d98fb3-88bb-4da9-84ce-87566813c371",
	0,
	0,
	2,
	51,
	60,
	0,
	0,
	0,
	0,
	"ba5eda7a-def5-0000-0000-00000000000f",
	"0e7a2591-d906-4dd7-9921-353c45e0a66e");
INSERT INTO V_AVL
	VALUES ("b8d98fb3-88bb-4da9-84ce-87566813c371",
	"9ee352bd-82bb-4c43-8e09-968d080c6a8f",
	"d41fedf9-3f2c-4216-96e0-94838ac603b1",
	"7c52fc7e-1792-4573-9d24-a34da8772727");
INSERT INTO V_PAR
	VALUES ("b8d98fb3-88bb-4da9-84ce-87566813c371",
	"00000000-0000-0000-0000-000000000000",
	"ea7f7bc7-d93d-4058-89e5-7e024f93f73e",
	'timer_inst_ref',
	"00000000-0000-0000-0000-000000000000",
	2,
	31);
INSERT INTO V_VAL
	VALUES ("11a2fcc2-5a86-4b34-ba6f-723b3cbbe402",
	0,
	0,
	4,
	29,
	32,
	0,
	0,
	0,
	0,
	"ba5eda7a-def5-0000-0000-000000000008",
	"0e7a2591-d906-4dd7-9921-353c45e0a66e");
INSERT INTO V_IRF
	VALUES ("11a2fcc2-5a86-4b34-ba6f-723b3cbbe402",
	"775d205b-12b2-4c0b-9e0b-e6b0d415ca87");
INSERT INTO V_VAL
	VALUES ("786e78d0-ccd1-43a2-a8ed-b860c3ae46fa",
	0,
	0,
	7,
	33,
	36,
	0,
	0,
	0,
	0,
	"ba5eda7a-def5-0000-0000-000000000008",
	"0e7a2591-d906-4dd7-9921-353c45e0a66e");
INSERT INTO V_IRF
	VALUES ("786e78d0-ccd1-43a2-a8ed-b860c3ae46fa",
	"775d205b-12b2-4c0b-9e0b-e6b0d415ca87");
INSERT INTO V_VAL
	VALUES ("69f5c943-6e72-4409-b7a4-0bdc9bd3fbc8",
	0,
	0,
	10,
	28,
	31,
	0,
	0,
	0,
	0,
	"ba5eda7a-def5-0000-0000-000000000008",
	"0e7a2591-d906-4dd7-9921-353c45e0a66e");
INSERT INTO V_IRF
	VALUES ("69f5c943-6e72-4409-b7a4-0bdc9bd3fbc8",
	"775d205b-12b2-4c0b-9e0b-e6b0d415ca87");
INSERT INTO V_VAR
	VALUES ("775d205b-12b2-4c0b-9e0b-e6b0d415ca87",
	"0e7a2591-d906-4dd7-9921-353c45e0a66e",
	'self',
	1,
	"ba5eda7a-def5-0000-0000-000000000008");
INSERT INTO V_INT
	VALUES ("775d205b-12b2-4c0b-9e0b-e6b0d415ca87",
	0,
	"d41fedf9-3f2c-4216-96e0-94838ac603b1");
INSERT INTO V_LOC
	VALUES ("7bafedb2-30e2-481b-ae4f-88481b6a65f8",
	1,
	8,
	11,
	"775d205b-12b2-4c0b-9e0b-e6b0d415ca87");
INSERT INTO V_LOC
	VALUES ("857732ea-2ecb-45be-9723-15f46dac65d0",
	1,
	79,
	82,
	"775d205b-12b2-4c0b-9e0b-e6b0d415ca87");
INSERT INTO V_LOC
	VALUES ("158ff245-e43d-485c-b01e-47818160e7a2",
	2,
	46,
	49,
	"775d205b-12b2-4c0b-9e0b-e6b0d415ca87");
INSERT INTO V_VAR
	VALUES ("a79db7d4-7180-4b29-89d8-527884752bc1",
	"0e7a2591-d906-4dd7-9921-353c45e0a66e",
	'cancelled',
	1,
	"ba5eda7a-def5-0000-0000-000000000001");
INSERT INTO V_TRN
	VALUES ("a79db7d4-7180-4b29-89d8-527884752bc1",
	"00000000-0000-0000-0000-000000000000",
	'');
INSERT INTO V_LOC
	VALUES ("93568de4-48ed-486b-ac6c-f42caba83b6d",
	2,
	1,
	9,
	"a79db7d4-7180-4b29-89d8-527884752bc1");
INSERT INTO V_VAR
	VALUES ("4a945056-42b2-49bd-ac8c-82ea186259a6",
	"0e7a2591-d906-4dd7-9921-353c45e0a66e",
	'light',
	1,
	"ba5eda7a-def5-0000-0000-000000000008");
INSERT INTO V_INT
	VALUES ("4a945056-42b2-49bd-ac8c-82ea186259a6",
	0,
	"74c2f04f-6ead-48bc-9388-7dce6c130237");
INSERT INTO V_LOC
	VALUES ("f894bf99-412e-4242-8370-589ccbd5233f",
	4,
	12,
	16,
	"4a945056-42b2-49bd-ac8c-82ea186259a6");
INSERT INTO V_LOC
	VALUES ("6ff6b034-82e4-46ab-905c-ac6ec5dd3adc",
	5,
	33,
	37,
	"4a945056-42b2-49bd-ac8c-82ea186259a6");
INSERT INTO V_VAR
	VALUES ("611f21fe-43b8-46e4-b8d2-0b7500988b70",
	"0e7a2591-d906-4dd7-9921-353c45e0a66e",
	'turntable',
	1,
	"ba5eda7a-def5-0000-0000-000000000008");
INSERT INTO V_INT
	VALUES ("611f21fe-43b8-46e4-b8d2-0b7500988b70",
	0,
	"48a311fd-78e5-4647-865c-32abb40b09fe");
INSERT INTO V_LOC
	VALUES ("71db3249-bae6-4318-8371-9cc34757c7b9",
	7,
	12,
	20,
	"611f21fe-43b8-46e4-b8d2-0b7500988b70");
INSERT INTO V_LOC
	VALUES ("a59daae8-22d5-405b-a006-1605e7a8e36f",
	8,
	28,
	36,
	"611f21fe-43b8-46e4-b8d2-0b7500988b70");
INSERT INTO V_VAR
	VALUES ("12736aa4-38b4-4092-9d05-17112f7a96b2",
	"0e7a2591-d906-4dd7-9921-353c45e0a66e",
	'tube',
	1,
	"ba5eda7a-def5-0000-0000-000000000008");
INSERT INTO V_INT
	VALUES ("12736aa4-38b4-4092-9d05-17112f7a96b2",
	0,
	"21726274-a60c-4843-a337-c30d3e6fd999");
INSERT INTO V_LOC
	VALUES ("3a7e98bc-9309-45fa-8805-e7241b63662c",
	10,
	12,
	15,
	"12736aa4-38b4-4092-9d05-17112f7a96b2");
INSERT INTO V_LOC
	VALUES ("82115a61-a435-4c60-a45d-4a34fcac25ad",
	11,
	32,
	35,
	"12736aa4-38b4-4092-9d05-17112f7a96b2");
INSERT INTO SM_STATE
	VALUES ("cdfe213e-d145-4ddb-a8e0-e10bd1ee9825",
	"9176fe79-a8e0-4260-bcdd-e65e1905d8e0",
	"00000000-0000-0000-0000-000000000000",
	'Signalling Cooking Period Over',
	5,
	0);
INSERT INTO SM_EIGN
	VALUES ("cdfe213e-d145-4ddb-a8e0-e10bd1ee9825",
	"70f2a025-fd3a-4d69-ad64-a8834fe8c198",
	"9176fe79-a8e0-4260-bcdd-e65e1905d8e0",
	"00000000-0000-0000-0000-000000000000",
	'');
INSERT INTO SM_SEME
	VALUES ("cdfe213e-d145-4ddb-a8e0-e10bd1ee9825",
	"70f2a025-fd3a-4d69-ad64-a8834fe8c198",
	"9176fe79-a8e0-4260-bcdd-e65e1905d8e0",
	"00000000-0000-0000-0000-000000000000");
INSERT INTO SM_EIGN
	VALUES ("cdfe213e-d145-4ddb-a8e0-e10bd1ee9825",
	"de042e27-ffe4-44b4-a05f-a2287cc296c7",
	"9176fe79-a8e0-4260-bcdd-e65e1905d8e0",
	"00000000-0000-0000-0000-000000000000",
	'');
INSERT INTO SM_SEME
	VALUES ("cdfe213e-d145-4ddb-a8e0-e10bd1ee9825",
	"de042e27-ffe4-44b4-a05f-a2287cc296c7",
	"9176fe79-a8e0-4260-bcdd-e65e1905d8e0",
	"00000000-0000-0000-0000-000000000000");
INSERT INTO SM_SEME
	VALUES ("cdfe213e-d145-4ddb-a8e0-e10bd1ee9825",
	"42f7522c-8f8c-4f12-ab60-9c6b8c96cbaf",
	"9176fe79-a8e0-4260-bcdd-e65e1905d8e0",
	"00000000-0000-0000-0000-000000000000");
INSERT INTO SM_EIGN
	VALUES ("cdfe213e-d145-4ddb-a8e0-e10bd1ee9825",
	"19f273d3-e81e-48b0-b886-308d886efc18",
	"9176fe79-a8e0-4260-bcdd-e65e1905d8e0",
	"00000000-0000-0000-0000-000000000000",
	'');
INSERT INTO SM_SEME
	VALUES ("cdfe213e-d145-4ddb-a8e0-e10bd1ee9825",
	"19f273d3-e81e-48b0-b886-308d886efc18",
	"9176fe79-a8e0-4260-bcdd-e65e1905d8e0",
	"00000000-0000-0000-0000-000000000000");
INSERT INTO SM_EIGN
	VALUES ("cdfe213e-d145-4ddb-a8e0-e10bd1ee9825",
	"10a8c59e-c6dc-4571-8bfc-8ce6e1d9f59b",
	"9176fe79-a8e0-4260-bcdd-e65e1905d8e0",
	"00000000-0000-0000-0000-000000000000",
	'');
INSERT INTO SM_SEME
	VALUES ("cdfe213e-d145-4ddb-a8e0-e10bd1ee9825",
	"10a8c59e-c6dc-4571-8bfc-8ce6e1d9f59b",
	"9176fe79-a8e0-4260-bcdd-e65e1905d8e0",
	"00000000-0000-0000-0000-000000000000");
INSERT INTO SM_SEME
	VALUES ("cdfe213e-d145-4ddb-a8e0-e10bd1ee9825",
	"e4561275-8bc9-4388-bc04-20e677d02903",
	"9176fe79-a8e0-4260-bcdd-e65e1905d8e0",
	"00000000-0000-0000-0000-000000000000");
INSERT INTO SM_EIGN
	VALUES ("cdfe213e-d145-4ddb-a8e0-e10bd1ee9825",
	"a74c1b2e-6eed-4504-9ac9-df941b342b47",
	"9176fe79-a8e0-4260-bcdd-e65e1905d8e0",
	"00000000-0000-0000-0000-000000000000",
	'');
INSERT INTO SM_SEME
	VALUES ("cdfe213e-d145-4ddb-a8e0-e10bd1ee9825",
	"a74c1b2e-6eed-4504-9ac9-df941b342b47",
	"9176fe79-a8e0-4260-bcdd-e65e1905d8e0",
	"00000000-0000-0000-0000-000000000000");
INSERT INTO SM_EIGN
	VALUES ("cdfe213e-d145-4ddb-a8e0-e10bd1ee9825",
	"b6b69bca-fa1c-40c8-9dc8-8f391c5c2b53",
	"9176fe79-a8e0-4260-bcdd-e65e1905d8e0",
	"00000000-0000-0000-0000-000000000000",
	'');
INSERT INTO SM_SEME
	VALUES ("cdfe213e-d145-4ddb-a8e0-e10bd1ee9825",
	"b6b69bca-fa1c-40c8-9dc8-8f391c5c2b53",
	"9176fe79-a8e0-4260-bcdd-e65e1905d8e0",
	"00000000-0000-0000-0000-000000000000");
INSERT INTO SM_CH
	VALUES ("cdfe213e-d145-4ddb-a8e0-e10bd1ee9825",
	"fa6f70c1-b2fb-451a-a5a8-07e653012464",
	"9176fe79-a8e0-4260-bcdd-e65e1905d8e0",
	"00000000-0000-0000-0000-000000000000",
	'');
INSERT INTO SM_SEME
	VALUES ("cdfe213e-d145-4ddb-a8e0-e10bd1ee9825",
	"fa6f70c1-b2fb-451a-a5a8-07e653012464",
	"9176fe79-a8e0-4260-bcdd-e65e1905d8e0",
	"00000000-0000-0000-0000-000000000000");
INSERT INTO SM_MOAH
	VALUES ("e8d14f52-37f7-4251-9052-8a90442a099d",
	"9176fe79-a8e0-4260-bcdd-e65e1905d8e0",
	"cdfe213e-d145-4ddb-a8e0-e10bd1ee9825");
INSERT INTO SM_AH
	VALUES ("e8d14f52-37f7-4251-9052-8a90442a099d",
	"9176fe79-a8e0-4260-bcdd-e65e1905d8e0");
INSERT INTO SM_ACT
	VALUES ("e8d14f52-37f7-4251-9052-8a90442a099d",
	"9176fe79-a8e0-4260-bcdd-e65e1905d8e0",
	1,
	'select one beeper related by self->MO_B[R3];
generate MO_B1:''start_beeping'' to beeper;

select one light related by self->MO_IL[R2];
generate MO_IL2:''switch_off'' to light;

select one turntable related by self->MO_TRN[R5];
generate MO_TRN2:''stop'' to turntable;

select one tube related by self->MO_MT[R1];
generate MO_MT4:''power_off'' to tube;


',
	'');
INSERT INTO ACT_SAB
	VALUES ("b13f1477-4473-4627-b158-161f470e6b19",
	"9176fe79-a8e0-4260-bcdd-e65e1905d8e0",
	"e8d14f52-37f7-4251-9052-8a90442a099d");
INSERT INTO ACT_ACT
	VALUES ("b13f1477-4473-4627-b158-161f470e6b19",
	'state',
	0,
	"f7f8be9a-858d-41f9-ab60-8dae9f014f5c",
	"00000000-0000-0000-0000-000000000000",
	0,
	'Oven::Signalling Cooking Period Over',
	"00000000-0000-0000-0000-000000000000");
INSERT INTO ACT_BLK
	VALUES ("f7f8be9a-858d-41f9-ab60-8dae9f014f5c",
	1,
	0,
	0,
	'V_VAR.Var_ID',
	'',
	'',
	11,
	1,
	10,
	34,
	0,
	0,
	10,
	40,
	0,
	0,
	0,
	0,
	0,
	"b13f1477-4473-4627-b158-161f470e6b19",
	"00000000-0000-0000-0000-000000000000");
INSERT INTO ACT_SMT
	VALUES ("8663e538-8314-498d-9da3-200e77dd832c",
	"f7f8be9a-858d-41f9-ab60-8dae9f014f5c",
	"b8b9d761-8fca-414e-8266-f7f6afa0e015",
	1,
	1,
	'Oven::Signalling Cooking Period Over line: 1');
INSERT INTO ACT_SEL
	VALUES ("8663e538-8314-498d-9da3-200e77dd832c",
	"f5a3ab2e-c19e-4ba8-b967-ed987cf9e2d3",
	1,
	'one',
	"bfe6ab32-277b-4480-bcce-e9d09c67ffe1");
INSERT INTO ACT_SR
	VALUES ("8663e538-8314-498d-9da3-200e77dd832c");
INSERT INTO ACT_LNK
	VALUES ("b699fbb4-fe37-4747-b3b2-42e247b948de",
	'',
	"8663e538-8314-498d-9da3-200e77dd832c",
	"33512c33-37fa-451c-aa48-6d09c7b2846c",
	"00000000-0000-0000-0000-000000000000",
	2,
	"4badd275-8325-4e31-9a84-02ee6714c85a",
	1,
	36,
	1,
	41,
	0,
	0);
INSERT INTO ACT_SMT
	VALUES ("b8b9d761-8fca-414e-8266-f7f6afa0e015",
	"f7f8be9a-858d-41f9-ab60-8dae9f014f5c",
	"e6d6a9f7-c3a2-4650-b96f-d770116a544d",
	2,
	1,
	'Oven::Signalling Cooking Period Over line: 2');
INSERT INTO E_ESS
	VALUES ("b8b9d761-8fca-414e-8266-f7f6afa0e015",
	1,
	0,
	2,
	10,
	2,
	16,
	1,
	36,
	0,
	0,
	0,
	0);
INSERT INTO E_GES
	VALUES ("b8b9d761-8fca-414e-8266-f7f6afa0e015");
INSERT INTO E_GSME
	VALUES ("b8b9d761-8fca-414e-8266-f7f6afa0e015",
	"6e126090-24d2-4721-9a82-33eaefb8e664");
INSERT INTO E_GEN
	VALUES ("b8b9d761-8fca-414e-8266-f7f6afa0e015",
	"f5a3ab2e-c19e-4ba8-b967-ed987cf9e2d3");
INSERT INTO ACT_SMT
	VALUES ("e6d6a9f7-c3a2-4650-b96f-d770116a544d",
	"f7f8be9a-858d-41f9-ab60-8dae9f014f5c",
	"32e9b3d7-25e4-45d2-9a90-3d193c19d33f",
	4,
	1,
	'Oven::Signalling Cooking Period Over line: 4');
INSERT INTO ACT_SEL
	VALUES ("e6d6a9f7-c3a2-4650-b96f-d770116a544d",
	"3eac852e-e3e9-4c02-8828-61e8d432e014",
	1,
	'one',
	"8f014e83-4ea4-45cf-a8f0-b0d9430d2af5");
INSERT INTO ACT_SR
	VALUES ("e6d6a9f7-c3a2-4650-b96f-d770116a544d");
INSERT INTO ACT_LNK
	VALUES ("64adac8d-8d72-442d-8994-ec2f8a09a285",
	'',
	"e6d6a9f7-c3a2-4650-b96f-d770116a544d",
	"5ba54947-4cd4-423c-8463-0952e27b38bc",
	"00000000-0000-0000-0000-000000000000",
	2,
	"74c2f04f-6ead-48bc-9388-7dce6c130237",
	4,
	35,
	4,
	41,
	0,
	0);
INSERT INTO ACT_SMT
	VALUES ("32e9b3d7-25e4-45d2-9a90-3d193c19d33f",
	"f7f8be9a-858d-41f9-ab60-8dae9f014f5c",
	"30a168e5-83a8-4c86-acc3-8ec2ae2a371b",
	5,
	1,
	'Oven::Signalling Cooking Period Over line: 5');
INSERT INTO E_ESS
	VALUES ("32e9b3d7-25e4-45d2-9a90-3d193c19d33f",
	1,
	0,
	5,
	10,
	5,
	17,
	4,
	35,
	0,
	0,
	0,
	0);
INSERT INTO E_GES
	VALUES ("32e9b3d7-25e4-45d2-9a90-3d193c19d33f");
INSERT INTO E_GSME
	VALUES ("32e9b3d7-25e4-45d2-9a90-3d193c19d33f",
	"fc94c49c-6d8f-48f2-a36e-85329dd8932c");
INSERT INTO E_GEN
	VALUES ("32e9b3d7-25e4-45d2-9a90-3d193c19d33f",
	"3eac852e-e3e9-4c02-8828-61e8d432e014");
INSERT INTO ACT_SMT
	VALUES ("30a168e5-83a8-4c86-acc3-8ec2ae2a371b",
	"f7f8be9a-858d-41f9-ab60-8dae9f014f5c",
	"d32f0f7c-f444-49d5-9134-06610a3f02b6",
	7,
	1,
	'Oven::Signalling Cooking Period Over line: 7');
INSERT INTO ACT_SEL
	VALUES ("30a168e5-83a8-4c86-acc3-8ec2ae2a371b",
	"606a1b04-17d1-47eb-af09-473b6c132760",
	1,
	'one',
	"28520e2a-cfb9-4e4d-9a2b-e82674854645");
INSERT INTO ACT_SR
	VALUES ("30a168e5-83a8-4c86-acc3-8ec2ae2a371b");
INSERT INTO ACT_LNK
	VALUES ("26275daa-01d3-41dd-bd29-21ec68822f1d",
	'',
	"30a168e5-83a8-4c86-acc3-8ec2ae2a371b",
	"d48f5681-a6cf-4d98-a809-43274fd08150",
	"00000000-0000-0000-0000-000000000000",
	2,
	"48a311fd-78e5-4647-865c-32abb40b09fe",
	7,
	39,
	7,
	46,
	0,
	0);
INSERT INTO ACT_SMT
	VALUES ("d32f0f7c-f444-49d5-9134-06610a3f02b6",
	"f7f8be9a-858d-41f9-ab60-8dae9f014f5c",
	"17f6eb12-672e-45ec-a4d2-ebcd3d390848",
	8,
	1,
	'Oven::Signalling Cooking Period Over line: 8');
INSERT INTO E_ESS
	VALUES ("d32f0f7c-f444-49d5-9134-06610a3f02b6",
	1,
	0,
	8,
	10,
	8,
	18,
	7,
	39,
	0,
	0,
	0,
	0);
INSERT INTO E_GES
	VALUES ("d32f0f7c-f444-49d5-9134-06610a3f02b6");
INSERT INTO E_GSME
	VALUES ("d32f0f7c-f444-49d5-9134-06610a3f02b6",
	"e7846544-4ae1-4175-aff3-f63e78d96f03");
INSERT INTO E_GEN
	VALUES ("d32f0f7c-f444-49d5-9134-06610a3f02b6",
	"606a1b04-17d1-47eb-af09-473b6c132760");
INSERT INTO ACT_SMT
	VALUES ("17f6eb12-672e-45ec-a4d2-ebcd3d390848",
	"f7f8be9a-858d-41f9-ab60-8dae9f014f5c",
	"bd0bb1ac-90d7-46ab-b0d8-71357ad7e8c7",
	10,
	1,
	'Oven::Signalling Cooking Period Over line: 10');
INSERT INTO ACT_SEL
	VALUES ("17f6eb12-672e-45ec-a4d2-ebcd3d390848",
	"781b461e-c235-4779-abd7-d4e03b936e96",
	1,
	'one',
	"b61d437a-aefe-47d9-9ea5-114fe2f45726");
INSERT INTO ACT_SR
	VALUES ("17f6eb12-672e-45ec-a4d2-ebcd3d390848");
INSERT INTO ACT_LNK
	VALUES ("926b2f4a-d546-4730-a52b-4ec8e055f865",
	'',
	"17f6eb12-672e-45ec-a4d2-ebcd3d390848",
	"60140c5d-1a6e-4624-9e4a-837476af2eb1",
	"00000000-0000-0000-0000-000000000000",
	2,
	"21726274-a60c-4843-a337-c30d3e6fd999",
	10,
	34,
	10,
	40,
	0,
	0);
INSERT INTO ACT_SMT
	VALUES ("bd0bb1ac-90d7-46ab-b0d8-71357ad7e8c7",
	"f7f8be9a-858d-41f9-ab60-8dae9f014f5c",
	"00000000-0000-0000-0000-000000000000",
	11,
	1,
	'Oven::Signalling Cooking Period Over line: 11');
INSERT INTO E_ESS
	VALUES ("bd0bb1ac-90d7-46ab-b0d8-71357ad7e8c7",
	1,
	0,
	11,
	10,
	11,
	17,
	10,
	34,
	0,
	0,
	0,
	0);
INSERT INTO E_GES
	VALUES ("bd0bb1ac-90d7-46ab-b0d8-71357ad7e8c7");
INSERT INTO E_GSME
	VALUES ("bd0bb1ac-90d7-46ab-b0d8-71357ad7e8c7",
	"0aa3db88-2647-4347-8628-2bd8db1b405b");
INSERT INTO E_GEN
	VALUES ("bd0bb1ac-90d7-46ab-b0d8-71357ad7e8c7",
	"781b461e-c235-4779-abd7-d4e03b936e96");
INSERT INTO V_VAL
	VALUES ("bfe6ab32-277b-4480-bcce-e9d09c67ffe1",
	0,
	0,
	1,
	30,
	33,
	0,
	0,
	0,
	0,
	"ba5eda7a-def5-0000-0000-000000000008",
	"f7f8be9a-858d-41f9-ab60-8dae9f014f5c");
INSERT INTO V_IRF
	VALUES ("bfe6ab32-277b-4480-bcce-e9d09c67ffe1",
	"b8e6768c-d945-4b02-9fd9-d25d8a6eceb8");
INSERT INTO V_VAL
	VALUES ("8f014e83-4ea4-45cf-a8f0-b0d9430d2af5",
	0,
	0,
	4,
	29,
	32,
	0,
	0,
	0,
	0,
	"ba5eda7a-def5-0000-0000-000000000008",
	"f7f8be9a-858d-41f9-ab60-8dae9f014f5c");
INSERT INTO V_IRF
	VALUES ("8f014e83-4ea4-45cf-a8f0-b0d9430d2af5",
	"b8e6768c-d945-4b02-9fd9-d25d8a6eceb8");
INSERT INTO V_VAL
	VALUES ("28520e2a-cfb9-4e4d-9a2b-e82674854645",
	0,
	0,
	7,
	33,
	36,
	0,
	0,
	0,
	0,
	"ba5eda7a-def5-0000-0000-000000000008",
	"f7f8be9a-858d-41f9-ab60-8dae9f014f5c");
INSERT INTO V_IRF
	VALUES ("28520e2a-cfb9-4e4d-9a2b-e82674854645",
	"b8e6768c-d945-4b02-9fd9-d25d8a6eceb8");
INSERT INTO V_VAL
	VALUES ("b61d437a-aefe-47d9-9ea5-114fe2f45726",
	0,
	0,
	10,
	28,
	31,
	0,
	0,
	0,
	0,
	"ba5eda7a-def5-0000-0000-000000000008",
	"f7f8be9a-858d-41f9-ab60-8dae9f014f5c");
INSERT INTO V_IRF
	VALUES ("b61d437a-aefe-47d9-9ea5-114fe2f45726",
	"b8e6768c-d945-4b02-9fd9-d25d8a6eceb8");
INSERT INTO V_VAR
	VALUES ("f5a3ab2e-c19e-4ba8-b967-ed987cf9e2d3",
	"f7f8be9a-858d-41f9-ab60-8dae9f014f5c",
	'beeper',
	1,
	"ba5eda7a-def5-0000-0000-000000000008");
INSERT INTO V_INT
	VALUES ("f5a3ab2e-c19e-4ba8-b967-ed987cf9e2d3",
	0,
	"4badd275-8325-4e31-9a84-02ee6714c85a");
INSERT INTO V_LOC
	VALUES ("1737ec92-c072-46f1-8391-e561b053a1a2",
	1,
	12,
	17,
	"f5a3ab2e-c19e-4ba8-b967-ed987cf9e2d3");
INSERT INTO V_LOC
	VALUES ("9be0bd07-ca8d-4538-bd49-a90163b45e57",
	2,
	35,
	40,
	"f5a3ab2e-c19e-4ba8-b967-ed987cf9e2d3");
INSERT INTO V_VAR
	VALUES ("b8e6768c-d945-4b02-9fd9-d25d8a6eceb8",
	"f7f8be9a-858d-41f9-ab60-8dae9f014f5c",
	'self',
	1,
	"ba5eda7a-def5-0000-0000-000000000008");
INSERT INTO V_INT
	VALUES ("b8e6768c-d945-4b02-9fd9-d25d8a6eceb8",
	0,
	"d41fedf9-3f2c-4216-96e0-94838ac603b1");
INSERT INTO V_VAR
	VALUES ("3eac852e-e3e9-4c02-8828-61e8d432e014",
	"f7f8be9a-858d-41f9-ab60-8dae9f014f5c",
	'light',
	1,
	"ba5eda7a-def5-0000-0000-000000000008");
INSERT INTO V_INT
	VALUES ("3eac852e-e3e9-4c02-8828-61e8d432e014",
	0,
	"74c2f04f-6ead-48bc-9388-7dce6c130237");
INSERT INTO V_LOC
	VALUES ("cf14c4f1-32d5-4be1-8a4a-c433db981e2b",
	4,
	12,
	16,
	"3eac852e-e3e9-4c02-8828-61e8d432e014");
INSERT INTO V_LOC
	VALUES ("c3d6ea8f-4d15-436e-87f6-3d77aa0de36f",
	5,
	33,
	37,
	"3eac852e-e3e9-4c02-8828-61e8d432e014");
INSERT INTO V_VAR
	VALUES ("606a1b04-17d1-47eb-af09-473b6c132760",
	"f7f8be9a-858d-41f9-ab60-8dae9f014f5c",
	'turntable',
	1,
	"ba5eda7a-def5-0000-0000-000000000008");
INSERT INTO V_INT
	VALUES ("606a1b04-17d1-47eb-af09-473b6c132760",
	0,
	"48a311fd-78e5-4647-865c-32abb40b09fe");
INSERT INTO V_LOC
	VALUES ("2c3e59e0-56e0-4464-b799-e3512cf968cc",
	7,
	12,
	20,
	"606a1b04-17d1-47eb-af09-473b6c132760");
INSERT INTO V_LOC
	VALUES ("5b7ec167-2d2e-46b3-bee8-6d22139ee9ea",
	8,
	28,
	36,
	"606a1b04-17d1-47eb-af09-473b6c132760");
INSERT INTO V_VAR
	VALUES ("781b461e-c235-4779-abd7-d4e03b936e96",
	"f7f8be9a-858d-41f9-ab60-8dae9f014f5c",
	'tube',
	1,
	"ba5eda7a-def5-0000-0000-000000000008");
INSERT INTO V_INT
	VALUES ("781b461e-c235-4779-abd7-d4e03b936e96",
	0,
	"21726274-a60c-4843-a337-c30d3e6fd999");
INSERT INTO V_LOC
	VALUES ("f090e6d8-0f54-420a-a91d-2d70f8182215",
	10,
	12,
	15,
	"781b461e-c235-4779-abd7-d4e03b936e96");
INSERT INTO V_LOC
	VALUES ("471d2d92-9a4b-462e-aa49-40fff6583f56",
	11,
	32,
	35,
	"781b461e-c235-4779-abd7-d4e03b936e96");
INSERT INTO SM_STATE
	VALUES ("4f010341-b03d-4945-98b5-a73e5a27b2cc",
	"9176fe79-a8e0-4260-bcdd-e65e1905d8e0",
	"00000000-0000-0000-0000-000000000000",
	'Assigning Cooking Period',
	6,
	0);
INSERT INTO SM_EIGN
	VALUES ("4f010341-b03d-4945-98b5-a73e5a27b2cc",
	"70f2a025-fd3a-4d69-ad64-a8834fe8c198",
	"9176fe79-a8e0-4260-bcdd-e65e1905d8e0",
	"00000000-0000-0000-0000-000000000000",
	'');
INSERT INTO SM_SEME
	VALUES ("4f010341-b03d-4945-98b5-a73e5a27b2cc",
	"70f2a025-fd3a-4d69-ad64-a8834fe8c198",
	"9176fe79-a8e0-4260-bcdd-e65e1905d8e0",
	"00000000-0000-0000-0000-000000000000");
INSERT INTO SM_SEME
	VALUES ("4f010341-b03d-4945-98b5-a73e5a27b2cc",
	"de042e27-ffe4-44b4-a05f-a2287cc296c7",
	"9176fe79-a8e0-4260-bcdd-e65e1905d8e0",
	"00000000-0000-0000-0000-000000000000");
INSERT INTO SM_EIGN
	VALUES ("4f010341-b03d-4945-98b5-a73e5a27b2cc",
	"42f7522c-8f8c-4f12-ab60-9c6b8c96cbaf",
	"9176fe79-a8e0-4260-bcdd-e65e1905d8e0",
	"00000000-0000-0000-0000-000000000000",
	'');
INSERT INTO SM_SEME
	VALUES ("4f010341-b03d-4945-98b5-a73e5a27b2cc",
	"42f7522c-8f8c-4f12-ab60-9c6b8c96cbaf",
	"9176fe79-a8e0-4260-bcdd-e65e1905d8e0",
	"00000000-0000-0000-0000-000000000000");
INSERT INTO SM_EIGN
	VALUES ("4f010341-b03d-4945-98b5-a73e5a27b2cc",
	"19f273d3-e81e-48b0-b886-308d886efc18",
	"9176fe79-a8e0-4260-bcdd-e65e1905d8e0",
	"00000000-0000-0000-0000-000000000000",
	'');
INSERT INTO SM_SEME
	VALUES ("4f010341-b03d-4945-98b5-a73e5a27b2cc",
	"19f273d3-e81e-48b0-b886-308d886efc18",
	"9176fe79-a8e0-4260-bcdd-e65e1905d8e0",
	"00000000-0000-0000-0000-000000000000");
INSERT INTO SM_EIGN
	VALUES ("4f010341-b03d-4945-98b5-a73e5a27b2cc",
	"10a8c59e-c6dc-4571-8bfc-8ce6e1d9f59b",
	"9176fe79-a8e0-4260-bcdd-e65e1905d8e0",
	"00000000-0000-0000-0000-000000000000",
	'');
INSERT INTO SM_SEME
	VALUES ("4f010341-b03d-4945-98b5-a73e5a27b2cc",
	"10a8c59e-c6dc-4571-8bfc-8ce6e1d9f59b",
	"9176fe79-a8e0-4260-bcdd-e65e1905d8e0",
	"00000000-0000-0000-0000-000000000000");
INSERT INTO SM_EIGN
	VALUES ("4f010341-b03d-4945-98b5-a73e5a27b2cc",
	"e4561275-8bc9-4388-bc04-20e677d02903",
	"9176fe79-a8e0-4260-bcdd-e65e1905d8e0",
	"00000000-0000-0000-0000-000000000000",
	'');
INSERT INTO SM_SEME
	VALUES ("4f010341-b03d-4945-98b5-a73e5a27b2cc",
	"e4561275-8bc9-4388-bc04-20e677d02903",
	"9176fe79-a8e0-4260-bcdd-e65e1905d8e0",
	"00000000-0000-0000-0000-000000000000");
INSERT INTO SM_EIGN
	VALUES ("4f010341-b03d-4945-98b5-a73e5a27b2cc",
	"a74c1b2e-6eed-4504-9ac9-df941b342b47",
	"9176fe79-a8e0-4260-bcdd-e65e1905d8e0",
	"00000000-0000-0000-0000-000000000000",
	'');
INSERT INTO SM_SEME
	VALUES ("4f010341-b03d-4945-98b5-a73e5a27b2cc",
	"a74c1b2e-6eed-4504-9ac9-df941b342b47",
	"9176fe79-a8e0-4260-bcdd-e65e1905d8e0",
	"00000000-0000-0000-0000-000000000000");
INSERT INTO SM_EIGN
	VALUES ("4f010341-b03d-4945-98b5-a73e5a27b2cc",
	"b6b69bca-fa1c-40c8-9dc8-8f391c5c2b53",
	"9176fe79-a8e0-4260-bcdd-e65e1905d8e0",
	"00000000-0000-0000-0000-000000000000",
	'');
INSERT INTO SM_SEME
	VALUES ("4f010341-b03d-4945-98b5-a73e5a27b2cc",
	"b6b69bca-fa1c-40c8-9dc8-8f391c5c2b53",
	"9176fe79-a8e0-4260-bcdd-e65e1905d8e0",
	"00000000-0000-0000-0000-000000000000");
INSERT INTO SM_CH
	VALUES ("4f010341-b03d-4945-98b5-a73e5a27b2cc",
	"fa6f70c1-b2fb-451a-a5a8-07e653012464",
	"9176fe79-a8e0-4260-bcdd-e65e1905d8e0",
	"00000000-0000-0000-0000-000000000000",
	'');
INSERT INTO SM_SEME
	VALUES ("4f010341-b03d-4945-98b5-a73e5a27b2cc",
	"fa6f70c1-b2fb-451a-a5a8-07e653012464",
	"9176fe79-a8e0-4260-bcdd-e65e1905d8e0",
	"00000000-0000-0000-0000-000000000000");
INSERT INTO SM_MOAH
	VALUES ("a975629f-8e75-4a8d-94ea-f02dd2917913",
	"9176fe79-a8e0-4260-bcdd-e65e1905d8e0",
	"4f010341-b03d-4945-98b5-a73e5a27b2cc");
INSERT INTO SM_AH
	VALUES ("a975629f-8e75-4a8d-94ea-f02dd2917913",
	"9176fe79-a8e0-4260-bcdd-e65e1905d8e0");
INSERT INTO SM_ACT
	VALUES ("a975629f-8e75-4a8d-94ea-f02dd2917913",
	"9176fe79-a8e0-4260-bcdd-e65e1905d8e0",
	1,
	'assign self.remaining_cooking_time = rcvd_evt.period;


',
	'');
INSERT INTO ACT_SAB
	VALUES ("99c80b8b-8427-4b92-bea0-e22adcc35b0a",
	"9176fe79-a8e0-4260-bcdd-e65e1905d8e0",
	"a975629f-8e75-4a8d-94ea-f02dd2917913");
INSERT INTO ACT_ACT
	VALUES ("99c80b8b-8427-4b92-bea0-e22adcc35b0a",
	'state',
	0,
	"4f8f4802-bccb-4ea2-befc-a0d515229a5c",
	"00000000-0000-0000-0000-000000000000",
	0,
	'Oven::Assigning Cooking Period',
	"00000000-0000-0000-0000-000000000000");
INSERT INTO ACT_BLK
	VALUES ("4f8f4802-bccb-4ea2-befc-a0d515229a5c",
	0,
	0,
	0,
	'',
	'',
	'',
	1,
	1,
	0,
	0,
	0,
	0,
	0,
	0,
	0,
	0,
	0,
	0,
	0,
	"99c80b8b-8427-4b92-bea0-e22adcc35b0a",
	"00000000-0000-0000-0000-000000000000");
INSERT INTO ACT_SMT
	VALUES ("8ad604c7-9fe5-4c4a-984e-134374ae55b7",
	"4f8f4802-bccb-4ea2-befc-a0d515229a5c",
	"00000000-0000-0000-0000-000000000000",
	1,
	1,
	'Oven::Assigning Cooking Period line: 1');
INSERT INTO ACT_AI
	VALUES ("8ad604c7-9fe5-4c4a-984e-134374ae55b7",
	"57abb032-a328-4088-9126-8ad061015d3f",
	"72827a8a-69de-4e04-8a98-7b68a77ab456",
	0,
	0);
INSERT INTO V_VAL
	VALUES ("24799ba0-acf0-4777-a77f-4629fe844e6b",
	1,
	0,
	1,
	8,
	11,
	0,
	0,
	0,
	0,
	"ba5eda7a-def5-0000-0000-000000000008",
	"4f8f4802-bccb-4ea2-befc-a0d515229a5c");
INSERT INTO V_IRF
	VALUES ("24799ba0-acf0-4777-a77f-4629fe844e6b",
	"8f1a017b-2301-4857-b059-edb59c59dd4f");
INSERT INTO V_VAL
	VALUES ("72827a8a-69de-4e04-8a98-7b68a77ab456",
	1,
	0,
	1,
	13,
	34,
	0,
	0,
	0,
	0,
	"ba5eda7a-def5-0000-0000-000000000002",
	"4f8f4802-bccb-4ea2-befc-a0d515229a5c");
INSERT INTO V_AVL
	VALUES ("72827a8a-69de-4e04-8a98-7b68a77ab456",
	"24799ba0-acf0-4777-a77f-4629fe844e6b",
	"d41fedf9-3f2c-4216-96e0-94838ac603b1",
	"6329ab2f-f318-4a52-a311-ada41ee0251c");
INSERT INTO V_VAL
	VALUES ("57abb032-a328-4088-9126-8ad061015d3f",
	0,
	0,
	1,
	47,
	52,
	0,
	0,
	0,
	0,
	"ba5eda7a-def5-0000-0000-000000000002",
	"4f8f4802-bccb-4ea2-befc-a0d515229a5c");
INSERT INTO V_EDV
	VALUES ("57abb032-a328-4088-9126-8ad061015d3f");
INSERT INTO V_EPR
	VALUES ("57abb032-a328-4088-9126-8ad061015d3f",
	"9176fe79-a8e0-4260-bcdd-e65e1905d8e0",
	"31e7f46d-272b-41e3-b1b6-5dbaf0609c87",
	"00000000-0000-0000-0000-000000000000");
INSERT INTO V_VAR
	VALUES ("8f1a017b-2301-4857-b059-edb59c59dd4f",
	"4f8f4802-bccb-4ea2-befc-a0d515229a5c",
	'self',
	1,
	"ba5eda7a-def5-0000-0000-000000000008");
INSERT INTO V_INT
	VALUES ("8f1a017b-2301-4857-b059-edb59c59dd4f",
	0,
	"d41fedf9-3f2c-4216-96e0-94838ac603b1");
INSERT INTO V_LOC
	VALUES ("faac790d-c82e-4332-84ce-cc1c158c9438",
	1,
	8,
	11,
	"8f1a017b-2301-4857-b059-edb59c59dd4f");
INSERT INTO SM_NSTXN
	VALUES ("a5ffe331-3685-4fe5-86bd-ca60d76f9b3c",
	"9176fe79-a8e0-4260-bcdd-e65e1905d8e0",
	"32e00896-5e7b-409e-9bbb-9faab915a642",
	"10a8c59e-c6dc-4571-8bfc-8ce6e1d9f59b",
	"00000000-0000-0000-0000-000000000000");
INSERT INTO SM_TAH
	VALUES ("614f7b74-4e74-4675-88f9-6e1b9902d741",
	"9176fe79-a8e0-4260-bcdd-e65e1905d8e0",
	"a5ffe331-3685-4fe5-86bd-ca60d76f9b3c");
INSERT INTO SM_AH
	VALUES ("614f7b74-4e74-4675-88f9-6e1b9902d741",
	"9176fe79-a8e0-4260-bcdd-e65e1905d8e0");
INSERT INTO SM_ACT
	VALUES ("614f7b74-4e74-4675-88f9-6e1b9902d741",
	"9176fe79-a8e0-4260-bcdd-e65e1905d8e0",
	1,
	'',
	'');
INSERT INTO ACT_TAB
	VALUES ("2ead70f0-bbc4-42a9-885a-ccf8b434f372",
	"9176fe79-a8e0-4260-bcdd-e65e1905d8e0",
	"614f7b74-4e74-4675-88f9-6e1b9902d741");
INSERT INTO ACT_ACT
	VALUES ("2ead70f0-bbc4-42a9-885a-ccf8b434f372",
	'transition',
	0,
	"212bd127-ea7f-4da0-9609-9a657cd54bad",
	"00000000-0000-0000-0000-000000000000",
	0,
	'MO_O5: cooking_period_over',
	"00000000-0000-0000-0000-000000000000");
INSERT INTO ACT_BLK
	VALUES ("212bd127-ea7f-4da0-9609-9a657cd54bad",
	0,
	0,
	0,
	'',
	'',
	'',
	0,
	0,
	0,
	0,
	0,
	0,
	0,
	0,
	0,
	0,
	0,
	0,
	0,
	"2ead70f0-bbc4-42a9-885a-ccf8b434f372",
	"00000000-0000-0000-0000-000000000000");
INSERT INTO SM_TXN
	VALUES ("a5ffe331-3685-4fe5-86bd-ca60d76f9b3c",
	"9176fe79-a8e0-4260-bcdd-e65e1905d8e0",
	"cdfe213e-d145-4ddb-a8e0-e10bd1ee9825",
	"00000000-0000-0000-0000-000000000000");
INSERT INTO SM_NSTXN
	VALUES ("ad598cf3-5e83-4a54-91fc-075adf21a3ef",
	"9176fe79-a8e0-4260-bcdd-e65e1905d8e0",
	"32e00896-5e7b-409e-9bbb-9faab915a642",
	"42f7522c-8f8c-4f12-ab60-9c6b8c96cbaf",
	"00000000-0000-0000-0000-000000000000");
INSERT INTO SM_TAH
	VALUES ("5d270e1d-1c8a-4c0c-8d57-e4f9d61bf937",
	"9176fe79-a8e0-4260-bcdd-e65e1905d8e0",
	"ad598cf3-5e83-4a54-91fc-075adf21a3ef");
INSERT INTO SM_AH
	VALUES ("5d270e1d-1c8a-4c0c-8d57-e4f9d61bf937",
	"9176fe79-a8e0-4260-bcdd-e65e1905d8e0");
INSERT INTO SM_ACT
	VALUES ("5d270e1d-1c8a-4c0c-8d57-e4f9d61bf937",
	"9176fe79-a8e0-4260-bcdd-e65e1905d8e0",
	1,
	'',
	'');
INSERT INTO ACT_TAB
	VALUES ("4fc149dc-4740-4922-b8fc-45f94ca3b47b",
	"9176fe79-a8e0-4260-bcdd-e65e1905d8e0",
	"5d270e1d-1c8a-4c0c-8d57-e4f9d61bf937");
INSERT INTO ACT_ACT
	VALUES ("4fc149dc-4740-4922-b8fc-45f94ca3b47b",
	'transition',
	0,
	"03d3567d-c2b5-4108-93a8-7eb193e16768",
	"00000000-0000-0000-0000-000000000000",
	0,
	'MO_O4: cancel_cooking',
	"00000000-0000-0000-0000-000000000000");
INSERT INTO ACT_BLK
	VALUES ("03d3567d-c2b5-4108-93a8-7eb193e16768",
	0,
	0,
	0,
	'',
	'',
	'',
	0,
	0,
	0,
	0,
	0,
	0,
	0,
	0,
	0,
	0,
	0,
	0,
	0,
	"4fc149dc-4740-4922-b8fc-45f94ca3b47b",
	"00000000-0000-0000-0000-000000000000");
INSERT INTO SM_TXN
	VALUES ("ad598cf3-5e83-4a54-91fc-075adf21a3ef",
	"9176fe79-a8e0-4260-bcdd-e65e1905d8e0",
	"def96709-9d4c-4561-b83b-38a614fc5794",
	"00000000-0000-0000-0000-000000000000");
INSERT INTO SM_NSTXN
	VALUES ("1006d7dc-43c6-4198-9185-be57e721acb4",
	"9176fe79-a8e0-4260-bcdd-e65e1905d8e0",
	"def96709-9d4c-4561-b83b-38a614fc5794",
	"42f7522c-8f8c-4f12-ab60-9c6b8c96cbaf",
	"00000000-0000-0000-0000-000000000000");
INSERT INTO SM_TAH
	VALUES ("ff4aa3b9-ce8e-4b09-a34c-4234b2528d9f",
	"9176fe79-a8e0-4260-bcdd-e65e1905d8e0",
	"1006d7dc-43c6-4198-9185-be57e721acb4");
INSERT INTO SM_AH
	VALUES ("ff4aa3b9-ce8e-4b09-a34c-4234b2528d9f",
	"9176fe79-a8e0-4260-bcdd-e65e1905d8e0");
INSERT INTO SM_ACT
	VALUES ("ff4aa3b9-ce8e-4b09-a34c-4234b2528d9f",
	"9176fe79-a8e0-4260-bcdd-e65e1905d8e0",
	1,
	'',
	'');
INSERT INTO ACT_TAB
	VALUES ("218fda05-9718-4cee-89ad-3b97c6bd393d",
	"9176fe79-a8e0-4260-bcdd-e65e1905d8e0",
	"ff4aa3b9-ce8e-4b09-a34c-4234b2528d9f");
INSERT INTO ACT_ACT
	VALUES ("218fda05-9718-4cee-89ad-3b97c6bd393d",
	'transition',
	0,
	"b01aaffe-080d-4456-b2a2-19bdc2c1dd8a",
	"00000000-0000-0000-0000-000000000000",
	0,
	'MO_O4: cancel_cooking',
	"00000000-0000-0000-0000-000000000000");
INSERT INTO ACT_BLK
	VALUES ("b01aaffe-080d-4456-b2a2-19bdc2c1dd8a",
	0,
	0,
	0,
	'',
	'',
	'',
	0,
	0,
	0,
	0,
	0,
	0,
	0,
	0,
	0,
	0,
	0,
	0,
	0,
	"218fda05-9718-4cee-89ad-3b97c6bd393d",
	"00000000-0000-0000-0000-000000000000");
INSERT INTO SM_TXN
	VALUES ("1006d7dc-43c6-4198-9185-be57e721acb4",
	"9176fe79-a8e0-4260-bcdd-e65e1905d8e0",
	"b5a8f72a-43c5-4c17-bcd1-84d9996e7957",
	"00000000-0000-0000-0000-000000000000");
INSERT INTO SM_NSTXN
	VALUES ("e2c3c4f7-4010-41bf-9cec-38aa86e48f82",
	"9176fe79-a8e0-4260-bcdd-e65e1905d8e0",
	"cdfe213e-d145-4ddb-a8e0-e10bd1ee9825",
	"e4561275-8bc9-4388-bc04-20e677d02903",
	"00000000-0000-0000-0000-000000000000");
INSERT INTO SM_TAH
	VALUES ("058f441f-6a4a-4ffa-b5f8-c96b58f8e948",
	"9176fe79-a8e0-4260-bcdd-e65e1905d8e0",
	"e2c3c4f7-4010-41bf-9cec-38aa86e48f82");
INSERT INTO SM_AH
	VALUES ("058f441f-6a4a-4ffa-b5f8-c96b58f8e948",
	"9176fe79-a8e0-4260-bcdd-e65e1905d8e0");
INSERT INTO SM_ACT
	VALUES ("058f441f-6a4a-4ffa-b5f8-c96b58f8e948",
	"9176fe79-a8e0-4260-bcdd-e65e1905d8e0",
	1,
	'',
	'');
INSERT INTO ACT_TAB
	VALUES ("a1acdc6a-9890-4882-baa6-24e3722cc373",
	"9176fe79-a8e0-4260-bcdd-e65e1905d8e0",
	"058f441f-6a4a-4ffa-b5f8-c96b58f8e948");
INSERT INTO ACT_ACT
	VALUES ("a1acdc6a-9890-4882-baa6-24e3722cc373",
	'transition',
	0,
	"b6726d29-053c-4709-aba3-4046ab9de554",
	"00000000-0000-0000-0000-000000000000",
	0,
	'MO_O6: beeping_over',
	"00000000-0000-0000-0000-000000000000");
INSERT INTO ACT_BLK
	VALUES ("b6726d29-053c-4709-aba3-4046ab9de554",
	0,
	0,
	0,
	'',
	'',
	'',
	0,
	0,
	0,
	0,
	0,
	0,
	0,
	0,
	0,
	0,
	0,
	0,
	0,
	"a1acdc6a-9890-4882-baa6-24e3722cc373",
	"00000000-0000-0000-0000-000000000000");
INSERT INTO SM_TXN
	VALUES ("e2c3c4f7-4010-41bf-9cec-38aa86e48f82",
	"9176fe79-a8e0-4260-bcdd-e65e1905d8e0",
	"b5a8f72a-43c5-4c17-bcd1-84d9996e7957",
	"00000000-0000-0000-0000-000000000000");
INSERT INTO SM_NSTXN
	VALUES ("efebc77e-66a0-4e59-babb-a5868be75f46",
	"9176fe79-a8e0-4260-bcdd-e65e1905d8e0",
	"43da7b12-f90c-4a80-bd1f-24dfe9d0c93b",
	"42f7522c-8f8c-4f12-ab60-9c6b8c96cbaf",
	"00000000-0000-0000-0000-000000000000");
INSERT INTO SM_TAH
	VALUES ("f79238d7-31af-46d5-bc7b-ebaf94400f4e",
	"9176fe79-a8e0-4260-bcdd-e65e1905d8e0",
	"efebc77e-66a0-4e59-babb-a5868be75f46");
INSERT INTO SM_AH
	VALUES ("f79238d7-31af-46d5-bc7b-ebaf94400f4e",
	"9176fe79-a8e0-4260-bcdd-e65e1905d8e0");
INSERT INTO SM_ACT
	VALUES ("f79238d7-31af-46d5-bc7b-ebaf94400f4e",
	"9176fe79-a8e0-4260-bcdd-e65e1905d8e0",
	1,
	'',
	'');
INSERT INTO ACT_TAB
	VALUES ("50d9297a-8390-4dda-bcb9-842312f055ef",
	"9176fe79-a8e0-4260-bcdd-e65e1905d8e0",
	"f79238d7-31af-46d5-bc7b-ebaf94400f4e");
INSERT INTO ACT_ACT
	VALUES ("50d9297a-8390-4dda-bcb9-842312f055ef",
	'transition',
	0,
	"ad586f54-7cac-42ca-b0fe-4c36ff32089e",
	"00000000-0000-0000-0000-000000000000",
	0,
	'MO_O4: cancel_cooking',
	"00000000-0000-0000-0000-000000000000");
INSERT INTO ACT_BLK
	VALUES ("ad586f54-7cac-42ca-b0fe-4c36ff32089e",
	0,
	0,
	0,
	'',
	'',
	'',
	0,
	0,
	0,
	0,
	0,
	0,
	0,
	0,
	0,
	0,
	0,
	0,
	0,
	"50d9297a-8390-4dda-bcb9-842312f055ef",
	"00000000-0000-0000-0000-000000000000");
INSERT INTO SM_TXN
	VALUES ("efebc77e-66a0-4e59-babb-a5868be75f46",
	"9176fe79-a8e0-4260-bcdd-e65e1905d8e0",
	"b5a8f72a-43c5-4c17-bcd1-84d9996e7957",
	"00000000-0000-0000-0000-000000000000");
INSERT INTO SM_NSTXN
	VALUES ("18433959-e05e-4955-b3ff-895bcd0dbc61",
	"9176fe79-a8e0-4260-bcdd-e65e1905d8e0",
	"43da7b12-f90c-4a80-bd1f-24dfe9d0c93b",
	"a74c1b2e-6eed-4504-9ac9-df941b342b47",
	"00000000-0000-0000-0000-000000000000");
INSERT INTO SM_TAH
	VALUES ("9167d6e2-47e5-4e37-a765-4261b927be22",
	"9176fe79-a8e0-4260-bcdd-e65e1905d8e0",
	"18433959-e05e-4955-b3ff-895bcd0dbc61");
INSERT INTO SM_AH
	VALUES ("9167d6e2-47e5-4e37-a765-4261b927be22",
	"9176fe79-a8e0-4260-bcdd-e65e1905d8e0");
INSERT INTO SM_ACT
	VALUES ("9167d6e2-47e5-4e37-a765-4261b927be22",
	"9176fe79-a8e0-4260-bcdd-e65e1905d8e0",
	1,
	'',
	'');
INSERT INTO ACT_TAB
	VALUES ("93d7809e-7ab9-4261-8987-c1fc77b4b0a7",
	"9176fe79-a8e0-4260-bcdd-e65e1905d8e0",
	"9167d6e2-47e5-4e37-a765-4261b927be22");
INSERT INTO ACT_ACT
	VALUES ("93d7809e-7ab9-4261-8987-c1fc77b4b0a7",
	'transition',
	0,
	"7f111699-55d9-41f8-9447-b9d15d38cf2f",
	"00000000-0000-0000-0000-000000000000",
	0,
	'MO_O7: oven_safe',
	"00000000-0000-0000-0000-000000000000");
INSERT INTO ACT_BLK
	VALUES ("7f111699-55d9-41f8-9447-b9d15d38cf2f",
	0,
	0,
	0,
	'',
	'',
	'',
	0,
	0,
	0,
	0,
	0,
	0,
	0,
	0,
	0,
	0,
	0,
	0,
	0,
	"93d7809e-7ab9-4261-8987-c1fc77b4b0a7",
	"00000000-0000-0000-0000-000000000000");
INSERT INTO SM_TXN
	VALUES ("18433959-e05e-4955-b3ff-895bcd0dbc61",
	"9176fe79-a8e0-4260-bcdd-e65e1905d8e0",
	"32e00896-5e7b-409e-9bbb-9faab915a642",
	"00000000-0000-0000-0000-000000000000");
INSERT INTO SM_NSTXN
	VALUES ("27acdb99-54ea-4741-b7ef-ac0ac767f63c",
	"9176fe79-a8e0-4260-bcdd-e65e1905d8e0",
	"def96709-9d4c-4561-b83b-38a614fc5794",
	"de042e27-ffe4-44b4-a05f-a2287cc296c7",
	"00000000-0000-0000-0000-000000000000");
INSERT INTO SM_TAH
	VALUES ("c0e645da-4937-4b11-8503-f77884cd79e0",
	"9176fe79-a8e0-4260-bcdd-e65e1905d8e0",
	"27acdb99-54ea-4741-b7ef-ac0ac767f63c");
INSERT INTO SM_AH
	VALUES ("c0e645da-4937-4b11-8503-f77884cd79e0",
	"9176fe79-a8e0-4260-bcdd-e65e1905d8e0");
INSERT INTO SM_ACT
	VALUES ("c0e645da-4937-4b11-8503-f77884cd79e0",
	"9176fe79-a8e0-4260-bcdd-e65e1905d8e0",
	1,
	'',
	'');
INSERT INTO ACT_TAB
	VALUES ("32561167-ed54-4a9a-ba65-c88ef12ac0d8",
	"9176fe79-a8e0-4260-bcdd-e65e1905d8e0",
	"c0e645da-4937-4b11-8503-f77884cd79e0");
INSERT INTO ACT_ACT
	VALUES ("32561167-ed54-4a9a-ba65-c88ef12ac0d8",
	'transition',
	0,
	"8e3290d3-5af7-40a5-91bb-688972ead71b",
	"00000000-0000-0000-0000-000000000000",
	0,
	'MO_O3: start_cooking',
	"00000000-0000-0000-0000-000000000000");
INSERT INTO ACT_BLK
	VALUES ("8e3290d3-5af7-40a5-91bb-688972ead71b",
	0,
	0,
	0,
	'',
	'',
	'',
	0,
	0,
	0,
	0,
	0,
	0,
	0,
	0,
	0,
	0,
	0,
	0,
	0,
	"32561167-ed54-4a9a-ba65-c88ef12ac0d8",
	"00000000-0000-0000-0000-000000000000");
INSERT INTO SM_TXN
	VALUES ("27acdb99-54ea-4741-b7ef-ac0ac767f63c",
	"9176fe79-a8e0-4260-bcdd-e65e1905d8e0",
	"43da7b12-f90c-4a80-bd1f-24dfe9d0c93b",
	"00000000-0000-0000-0000-000000000000");
INSERT INTO SM_NSTXN
	VALUES ("c6ae1a88-0ad9-4a39-b09a-f0cc21303ff0",
	"9176fe79-a8e0-4260-bcdd-e65e1905d8e0",
	"cdfe213e-d145-4ddb-a8e0-e10bd1ee9825",
	"42f7522c-8f8c-4f12-ab60-9c6b8c96cbaf",
	"00000000-0000-0000-0000-000000000000");
INSERT INTO SM_TAH
	VALUES ("dbbef4be-d726-49ec-a0e6-19160770a0e6",
	"9176fe79-a8e0-4260-bcdd-e65e1905d8e0",
	"c6ae1a88-0ad9-4a39-b09a-f0cc21303ff0");
INSERT INTO SM_AH
	VALUES ("dbbef4be-d726-49ec-a0e6-19160770a0e6",
	"9176fe79-a8e0-4260-bcdd-e65e1905d8e0");
INSERT INTO SM_ACT
	VALUES ("dbbef4be-d726-49ec-a0e6-19160770a0e6",
	"9176fe79-a8e0-4260-bcdd-e65e1905d8e0",
	1,
	'',
	'');
INSERT INTO ACT_TAB
	VALUES ("b8d8a5c5-71f6-4f8b-a79a-2416123c26e6",
	"9176fe79-a8e0-4260-bcdd-e65e1905d8e0",
	"dbbef4be-d726-49ec-a0e6-19160770a0e6");
INSERT INTO ACT_ACT
	VALUES ("b8d8a5c5-71f6-4f8b-a79a-2416123c26e6",
	'transition',
	0,
	"45bdc3d5-7a7b-45d5-9e7e-e92b5ca89d05",
	"00000000-0000-0000-0000-000000000000",
	0,
	'MO_O4: cancel_cooking',
	"00000000-0000-0000-0000-000000000000");
INSERT INTO ACT_BLK
	VALUES ("45bdc3d5-7a7b-45d5-9e7e-e92b5ca89d05",
	0,
	0,
	0,
	'',
	'',
	'',
	0,
	0,
	0,
	0,
	0,
	0,
	0,
	0,
	0,
	0,
	0,
	0,
	0,
	"b8d8a5c5-71f6-4f8b-a79a-2416123c26e6",
	"00000000-0000-0000-0000-000000000000");
INSERT INTO SM_TXN
	VALUES ("c6ae1a88-0ad9-4a39-b09a-f0cc21303ff0",
	"9176fe79-a8e0-4260-bcdd-e65e1905d8e0",
	"b5a8f72a-43c5-4c17-bcd1-84d9996e7957",
	"00000000-0000-0000-0000-000000000000");
INSERT INTO SM_NSTXN
	VALUES ("93adf45d-5d6a-4e51-a688-3735a2bcf87c",
	"9176fe79-a8e0-4260-bcdd-e65e1905d8e0",
	"b5a8f72a-43c5-4c17-bcd1-84d9996e7957",
	"b6b69bca-fa1c-40c8-9dc8-8f391c5c2b53",
	"00000000-0000-0000-0000-000000000000");
INSERT INTO SM_TAH
	VALUES ("27403d2e-8456-423d-af71-36f84e218aa0",
	"9176fe79-a8e0-4260-bcdd-e65e1905d8e0",
	"93adf45d-5d6a-4e51-a688-3735a2bcf87c");
INSERT INTO SM_AH
	VALUES ("27403d2e-8456-423d-af71-36f84e218aa0",
	"9176fe79-a8e0-4260-bcdd-e65e1905d8e0");
INSERT INTO SM_ACT
	VALUES ("27403d2e-8456-423d-af71-36f84e218aa0",
	"9176fe79-a8e0-4260-bcdd-e65e1905d8e0",
	1,
	'',
	'');
INSERT INTO ACT_TAB
	VALUES ("317a3b84-a127-4e68-8403-20db9e3c653e",
	"9176fe79-a8e0-4260-bcdd-e65e1905d8e0",
	"27403d2e-8456-423d-af71-36f84e218aa0");
INSERT INTO ACT_ACT
	VALUES ("317a3b84-a127-4e68-8403-20db9e3c653e",
	'transition',
	0,
	"dc2f2485-c1d9-47e0-8588-a800a53f78e7",
	"00000000-0000-0000-0000-000000000000",
	0,
	'MO_O8: cooking_period',
	"00000000-0000-0000-0000-000000000000");
INSERT INTO ACT_BLK
	VALUES ("dc2f2485-c1d9-47e0-8588-a800a53f78e7",
	0,
	0,
	0,
	'',
	'',
	'',
	0,
	0,
	0,
	0,
	0,
	0,
	0,
	0,
	0,
	0,
	0,
	0,
	0,
	"317a3b84-a127-4e68-8403-20db9e3c653e",
	"00000000-0000-0000-0000-000000000000");
INSERT INTO SM_TXN
	VALUES ("93adf45d-5d6a-4e51-a688-3735a2bcf87c",
	"9176fe79-a8e0-4260-bcdd-e65e1905d8e0",
	"4f010341-b03d-4945-98b5-a73e5a27b2cc",
	"00000000-0000-0000-0000-000000000000");
INSERT INTO SM_NSTXN
	VALUES ("93b27a85-dcb2-4fa0-8452-8f02dd3719b6",
	"9176fe79-a8e0-4260-bcdd-e65e1905d8e0",
	"4f010341-b03d-4945-98b5-a73e5a27b2cc",
	"de042e27-ffe4-44b4-a05f-a2287cc296c7",
	"00000000-0000-0000-0000-000000000000");
INSERT INTO SM_TAH
	VALUES ("c9abb48a-a38b-47a7-b578-1baaf33b3a85",
	"9176fe79-a8e0-4260-bcdd-e65e1905d8e0",
	"93b27a85-dcb2-4fa0-8452-8f02dd3719b6");
INSERT INTO SM_AH
	VALUES ("c9abb48a-a38b-47a7-b578-1baaf33b3a85",
	"9176fe79-a8e0-4260-bcdd-e65e1905d8e0");
INSERT INTO SM_ACT
	VALUES ("c9abb48a-a38b-47a7-b578-1baaf33b3a85",
	"9176fe79-a8e0-4260-bcdd-e65e1905d8e0",
	1,
	'',
	'');
INSERT INTO ACT_TAB
	VALUES ("d805dc75-ff09-492d-8fdf-f7f0dbcaf023",
	"9176fe79-a8e0-4260-bcdd-e65e1905d8e0",
	"c9abb48a-a38b-47a7-b578-1baaf33b3a85");
INSERT INTO ACT_ACT
	VALUES ("d805dc75-ff09-492d-8fdf-f7f0dbcaf023",
	'transition',
	0,
	"8dd98d29-0b52-4bed-b45e-74f7f90e711b",
	"00000000-0000-0000-0000-000000000000",
	0,
	'MO_O3: start_cooking',
	"00000000-0000-0000-0000-000000000000");
INSERT INTO ACT_BLK
	VALUES ("8dd98d29-0b52-4bed-b45e-74f7f90e711b",
	0,
	0,
	0,
	'',
	'',
	'',
	0,
	0,
	0,
	0,
	0,
	0,
	0,
	0,
	0,
	0,
	0,
	0,
	0,
	"d805dc75-ff09-492d-8fdf-f7f0dbcaf023",
	"00000000-0000-0000-0000-000000000000");
INSERT INTO SM_TXN
	VALUES ("93b27a85-dcb2-4fa0-8452-8f02dd3719b6",
	"9176fe79-a8e0-4260-bcdd-e65e1905d8e0",
	"43da7b12-f90c-4a80-bd1f-24dfe9d0c93b",
	"00000000-0000-0000-0000-000000000000");
INSERT INTO SM_NSTXN
	VALUES ("95214d16-a7c0-4b7b-a1d7-d2976c30be96",
	"9176fe79-a8e0-4260-bcdd-e65e1905d8e0",
	"43da7b12-f90c-4a80-bd1f-24dfe9d0c93b",
	"de042e27-ffe4-44b4-a05f-a2287cc296c7",
	"00000000-0000-0000-0000-000000000000");
INSERT INTO SM_TAH
	VALUES ("ce0f0d54-4b2b-4fdb-96d2-511e3eb8efc4",
	"9176fe79-a8e0-4260-bcdd-e65e1905d8e0",
	"95214d16-a7c0-4b7b-a1d7-d2976c30be96");
INSERT INTO SM_AH
	VALUES ("ce0f0d54-4b2b-4fdb-96d2-511e3eb8efc4",
	"9176fe79-a8e0-4260-bcdd-e65e1905d8e0");
INSERT INTO SM_ACT
	VALUES ("ce0f0d54-4b2b-4fdb-96d2-511e3eb8efc4",
	"9176fe79-a8e0-4260-bcdd-e65e1905d8e0",
	1,
	'',
	'');
INSERT INTO ACT_TAB
	VALUES ("16a65dea-c960-4403-aa11-dec13c1e7628",
	"9176fe79-a8e0-4260-bcdd-e65e1905d8e0",
	"ce0f0d54-4b2b-4fdb-96d2-511e3eb8efc4");
INSERT INTO ACT_ACT
	VALUES ("16a65dea-c960-4403-aa11-dec13c1e7628",
	'transition',
	0,
	"3c9ee146-3da5-49c1-92b1-d94f5b1733af",
	"00000000-0000-0000-0000-000000000000",
	0,
	'MO_O3: start_cooking',
	"00000000-0000-0000-0000-000000000000");
INSERT INTO ACT_BLK
	VALUES ("3c9ee146-3da5-49c1-92b1-d94f5b1733af",
	0,
	0,
	0,
	'',
	'',
	'',
	0,
	0,
	0,
	0,
	0,
	0,
	0,
	0,
	0,
	0,
	0,
	0,
	0,
	"16a65dea-c960-4403-aa11-dec13c1e7628",
	"00000000-0000-0000-0000-000000000000");
INSERT INTO SM_TXN
	VALUES ("95214d16-a7c0-4b7b-a1d7-d2976c30be96",
	"9176fe79-a8e0-4260-bcdd-e65e1905d8e0",
	"43da7b12-f90c-4a80-bd1f-24dfe9d0c93b",
	"00000000-0000-0000-0000-000000000000");
INSERT INTO PE_PE
	VALUES ("48a311fd-78e5-4647-865c-32abb40b09fe",
	1,
	"235fff0c-3d20-4fa1-8536-1c30278a65d1",
	"00000000-0000-0000-0000-000000000000",
	4);
INSERT INTO O_OBJ
	VALUES ("48a311fd-78e5-4647-865c-32abb40b09fe",
	'Turntable',
	6,
	'MO_TRN',
	'A flat circular platter positioned in the middle of the oven floor, where food is placed for cooking. The platter takes the form of a turntable, rotating at a constant speed during cooking to uniformly distribute microwave radiation through the food. ',
	"00000000-0000-0000-0000-000000000000");
INSERT INTO O_NBATTR
	VALUES ("9c573361-0bc4-4860-aacc-90b0d5caf8fd",
	"48a311fd-78e5-4647-865c-32abb40b09fe");
INSERT INTO O_BATTR
	VALUES ("9c573361-0bc4-4860-aacc-90b0d5caf8fd",
	"48a311fd-78e5-4647-865c-32abb40b09fe");
INSERT INTO O_ATTR
	VALUES ("9c573361-0bc4-4860-aacc-90b0d5caf8fd",
	"48a311fd-78e5-4647-865c-32abb40b09fe",
	"00000000-0000-0000-0000-000000000000",
	'TurntableID',
	'',
	'',
	'TurntableID',
	0,
	"ba5eda7a-def5-0000-0000-000000000005",
	'',
	'');
INSERT INTO O_NBATTR
	VALUES ("dd5acc32-77f6-4396-8c2c-9aa78b6cc68d",
	"48a311fd-78e5-4647-865c-32abb40b09fe");
INSERT INTO O_BATTR
	VALUES ("dd5acc32-77f6-4396-8c2c-9aa78b6cc68d",
	"48a311fd-78e5-4647-865c-32abb40b09fe");
INSERT INTO O_ATTR
	VALUES ("dd5acc32-77f6-4396-8c2c-9aa78b6cc68d",
	"48a311fd-78e5-4647-865c-32abb40b09fe",
	"9c573361-0bc4-4860-aacc-90b0d5caf8fd",
	'current_state',
	'',
	'',
	'current_state',
	0,
	"ba5eda7a-def5-0000-0000-000000000006",
	'',
	'');
INSERT INTO O_ID
	VALUES (0,
	"48a311fd-78e5-4647-865c-32abb40b09fe");
INSERT INTO O_OIDA
	VALUES ("9c573361-0bc4-4860-aacc-90b0d5caf8fd",
	"48a311fd-78e5-4647-865c-32abb40b09fe",
	0,
	'TurntableID');
INSERT INTO O_ID
	VALUES (1,
	"48a311fd-78e5-4647-865c-32abb40b09fe");
INSERT INTO O_ID
	VALUES (2,
	"48a311fd-78e5-4647-865c-32abb40b09fe");
INSERT INTO SM_ISM
	VALUES ("a1cc6f31-2204-498a-9746-3638bec10abc",
	"48a311fd-78e5-4647-865c-32abb40b09fe");
INSERT INTO SM_SM
	VALUES ("a1cc6f31-2204-498a-9746-3638bec10abc",
	'',
	8);
INSERT INTO SM_MOORE
	VALUES ("a1cc6f31-2204-498a-9746-3638bec10abc");
INSERT INTO SM_LEVT
	VALUES ("21865a1a-42f9-4f94-96db-a92a111b06a0",
	"a1cc6f31-2204-498a-9746-3638bec10abc",
	"00000000-0000-0000-0000-000000000000");
INSERT INTO SM_SEVT
	VALUES ("21865a1a-42f9-4f94-96db-a92a111b06a0",
	"a1cc6f31-2204-498a-9746-3638bec10abc",
	"00000000-0000-0000-0000-000000000000");
INSERT INTO SM_EVT
	VALUES ("21865a1a-42f9-4f94-96db-a92a111b06a0",
	"a1cc6f31-2204-498a-9746-3638bec10abc",
	"00000000-0000-0000-0000-000000000000",
	1,
	'spin',
	0,
	'',
	'MO_TRN1',
	'');
INSERT INTO SM_LEVT
	VALUES ("e7846544-4ae1-4175-aff3-f63e78d96f03",
	"a1cc6f31-2204-498a-9746-3638bec10abc",
	"00000000-0000-0000-0000-000000000000");
INSERT INTO SM_SEVT
	VALUES ("e7846544-4ae1-4175-aff3-f63e78d96f03",
	"a1cc6f31-2204-498a-9746-3638bec10abc",
	"00000000-0000-0000-0000-000000000000");
INSERT INTO SM_EVT
	VALUES ("e7846544-4ae1-4175-aff3-f63e78d96f03",
	"a1cc6f31-2204-498a-9746-3638bec10abc",
	"00000000-0000-0000-0000-000000000000",
	2,
	'stop',
	0,
	'',
	'MO_TRN2',
	'');
INSERT INTO SM_STATE
	VALUES ("6836b82f-4592-4f80-a98a-f0ab75455dd2",
	"a1cc6f31-2204-498a-9746-3638bec10abc",
	"00000000-0000-0000-0000-000000000000",
	'Stationary',
	1,
	0);
INSERT INTO SM_SEME
	VALUES ("6836b82f-4592-4f80-a98a-f0ab75455dd2",
	"21865a1a-42f9-4f94-96db-a92a111b06a0",
	"a1cc6f31-2204-498a-9746-3638bec10abc",
	"00000000-0000-0000-0000-000000000000");
INSERT INTO SM_EIGN
	VALUES ("6836b82f-4592-4f80-a98a-f0ab75455dd2",
	"e7846544-4ae1-4175-aff3-f63e78d96f03",
	"a1cc6f31-2204-498a-9746-3638bec10abc",
	"00000000-0000-0000-0000-000000000000",
	'');
INSERT INTO SM_SEME
	VALUES ("6836b82f-4592-4f80-a98a-f0ab75455dd2",
	"e7846544-4ae1-4175-aff3-f63e78d96f03",
	"a1cc6f31-2204-498a-9746-3638bec10abc",
	"00000000-0000-0000-0000-000000000000");
INSERT INTO SM_MOAH
	VALUES ("b6f1fff6-a18b-4af5-8f93-71940df63dbd",
	"a1cc6f31-2204-498a-9746-3638bec10abc",
	"6836b82f-4592-4f80-a98a-f0ab75455dd2");
INSERT INTO SM_AH
	VALUES ("b6f1fff6-a18b-4af5-8f93-71940df63dbd",
	"a1cc6f31-2204-498a-9746-3638bec10abc");
INSERT INTO SM_ACT
	VALUES ("b6f1fff6-a18b-4af5-8f93-71940df63dbd",
	"a1cc6f31-2204-498a-9746-3638bec10abc",
	1,
	'// Turntable stationary',
	'');
INSERT INTO ACT_SAB
	VALUES ("41bb3aae-19ed-47ba-bb45-f908da96363e",
	"a1cc6f31-2204-498a-9746-3638bec10abc",
	"b6f1fff6-a18b-4af5-8f93-71940df63dbd");
INSERT INTO ACT_ACT
	VALUES ("41bb3aae-19ed-47ba-bb45-f908da96363e",
	'state',
	0,
	"e6bfc6da-922e-416b-ad9e-d7b1d52a21eb",
	"00000000-0000-0000-0000-000000000000",
	0,
	'Turntable::Stationary',
	"00000000-0000-0000-0000-000000000000");
INSERT INTO ACT_BLK
	VALUES ("e6bfc6da-922e-416b-ad9e-d7b1d52a21eb",
	0,
	0,
	0,
	'',
	'',
	'',
	0,
	0,
	0,
	0,
	0,
	0,
	0,
	0,
	0,
	0,
	0,
	0,
	0,
	"41bb3aae-19ed-47ba-bb45-f908da96363e",
	"00000000-0000-0000-0000-000000000000");
INSERT INTO SM_STATE
	VALUES ("bc8db157-af47-4d44-9b39-c6e3fdceb645",
	"a1cc6f31-2204-498a-9746-3638bec10abc",
	"00000000-0000-0000-0000-000000000000",
	'Rotating',
	2,
	0);
INSERT INTO SM_EIGN
	VALUES ("bc8db157-af47-4d44-9b39-c6e3fdceb645",
	"21865a1a-42f9-4f94-96db-a92a111b06a0",
	"a1cc6f31-2204-498a-9746-3638bec10abc",
	"00000000-0000-0000-0000-000000000000",
	'');
INSERT INTO SM_SEME
	VALUES ("bc8db157-af47-4d44-9b39-c6e3fdceb645",
	"21865a1a-42f9-4f94-96db-a92a111b06a0",
	"a1cc6f31-2204-498a-9746-3638bec10abc",
	"00000000-0000-0000-0000-000000000000");
INSERT INTO SM_SEME
	VALUES ("bc8db157-af47-4d44-9b39-c6e3fdceb645",
	"e7846544-4ae1-4175-aff3-f63e78d96f03",
	"a1cc6f31-2204-498a-9746-3638bec10abc",
	"00000000-0000-0000-0000-000000000000");
INSERT INTO SM_MOAH
	VALUES ("6d41eacb-43c9-40e3-b104-d64d5078ee97",
	"a1cc6f31-2204-498a-9746-3638bec10abc",
	"bc8db157-af47-4d44-9b39-c6e3fdceb645");
INSERT INTO SM_AH
	VALUES ("6d41eacb-43c9-40e3-b104-d64d5078ee97",
	"a1cc6f31-2204-498a-9746-3638bec10abc");
INSERT INTO SM_ACT
	VALUES ("6d41eacb-43c9-40e3-b104-d64d5078ee97",
	"a1cc6f31-2204-498a-9746-3638bec10abc",
	1,
	'// Turntable spinning',
	'');
INSERT INTO ACT_SAB
	VALUES ("1ef52d6d-e921-40d0-9807-406186896dbc",
	"a1cc6f31-2204-498a-9746-3638bec10abc",
	"6d41eacb-43c9-40e3-b104-d64d5078ee97");
INSERT INTO ACT_ACT
	VALUES ("1ef52d6d-e921-40d0-9807-406186896dbc",
	'state',
	0,
	"6839ebd2-a8e5-443e-95a3-eab42bfe05a2",
	"00000000-0000-0000-0000-000000000000",
	0,
	'Turntable::Rotating',
	"00000000-0000-0000-0000-000000000000");
INSERT INTO ACT_BLK
	VALUES ("6839ebd2-a8e5-443e-95a3-eab42bfe05a2",
	0,
	0,
	0,
	'',
	'',
	'',
	0,
	0,
	0,
	0,
	0,
	0,
	0,
	0,
	0,
	0,
	0,
	0,
	0,
	"1ef52d6d-e921-40d0-9807-406186896dbc",
	"00000000-0000-0000-0000-000000000000");
INSERT INTO SM_NSTXN
	VALUES ("b3bd3710-2407-407c-970f-5f0b66ac8142",
	"a1cc6f31-2204-498a-9746-3638bec10abc",
	"6836b82f-4592-4f80-a98a-f0ab75455dd2",
	"21865a1a-42f9-4f94-96db-a92a111b06a0",
	"00000000-0000-0000-0000-000000000000");
INSERT INTO SM_TAH
	VALUES ("f1fecf93-ea64-4889-9498-d00f1af6ecf6",
	"a1cc6f31-2204-498a-9746-3638bec10abc",
	"b3bd3710-2407-407c-970f-5f0b66ac8142");
INSERT INTO SM_AH
	VALUES ("f1fecf93-ea64-4889-9498-d00f1af6ecf6",
	"a1cc6f31-2204-498a-9746-3638bec10abc");
INSERT INTO SM_ACT
	VALUES ("f1fecf93-ea64-4889-9498-d00f1af6ecf6",
	"a1cc6f31-2204-498a-9746-3638bec10abc",
	1,
	'',
	'');
INSERT INTO ACT_TAB
	VALUES ("37008339-756c-4813-9668-df17a885764b",
	"a1cc6f31-2204-498a-9746-3638bec10abc",
	"f1fecf93-ea64-4889-9498-d00f1af6ecf6");
INSERT INTO ACT_ACT
	VALUES ("37008339-756c-4813-9668-df17a885764b",
	'transition',
	0,
	"c4fa45b5-32ff-4a3e-9d99-549368192acb",
	"00000000-0000-0000-0000-000000000000",
	0,
	'MO_TRN1: spin',
	"00000000-0000-0000-0000-000000000000");
INSERT INTO ACT_BLK
	VALUES ("c4fa45b5-32ff-4a3e-9d99-549368192acb",
	0,
	0,
	0,
	'',
	'',
	'',
	0,
	0,
	0,
	0,
	0,
	0,
	0,
	0,
	0,
	0,
	0,
	0,
	0,
	"37008339-756c-4813-9668-df17a885764b",
	"00000000-0000-0000-0000-000000000000");
INSERT INTO SM_TXN
	VALUES ("b3bd3710-2407-407c-970f-5f0b66ac8142",
	"a1cc6f31-2204-498a-9746-3638bec10abc",
	"bc8db157-af47-4d44-9b39-c6e3fdceb645",
	"00000000-0000-0000-0000-000000000000");
INSERT INTO SM_NSTXN
	VALUES ("b421ad43-ff25-4b1a-8d81-55d17074ba07",
	"a1cc6f31-2204-498a-9746-3638bec10abc",
	"bc8db157-af47-4d44-9b39-c6e3fdceb645",
	"e7846544-4ae1-4175-aff3-f63e78d96f03",
	"00000000-0000-0000-0000-000000000000");
INSERT INTO SM_TAH
	VALUES ("a661edbd-a9be-421d-8464-cde975b7b549",
	"a1cc6f31-2204-498a-9746-3638bec10abc",
	"b421ad43-ff25-4b1a-8d81-55d17074ba07");
INSERT INTO SM_AH
	VALUES ("a661edbd-a9be-421d-8464-cde975b7b549",
	"a1cc6f31-2204-498a-9746-3638bec10abc");
INSERT INTO SM_ACT
	VALUES ("a661edbd-a9be-421d-8464-cde975b7b549",
	"a1cc6f31-2204-498a-9746-3638bec10abc",
	1,
	'',
	'');
INSERT INTO ACT_TAB
	VALUES ("15198cc8-61e4-4264-ac2b-59ff93ebe407",
	"a1cc6f31-2204-498a-9746-3638bec10abc",
	"a661edbd-a9be-421d-8464-cde975b7b549");
INSERT INTO ACT_ACT
	VALUES ("15198cc8-61e4-4264-ac2b-59ff93ebe407",
	'transition',
	0,
	"a159e1d0-0df9-490c-8c57-535f88c4a5e9",
	"00000000-0000-0000-0000-000000000000",
	0,
	'MO_TRN2: stop',
	"00000000-0000-0000-0000-000000000000");
INSERT INTO ACT_BLK
	VALUES ("a159e1d0-0df9-490c-8c57-535f88c4a5e9",
	0,
	0,
	0,
	'',
	'',
	'',
	0,
	0,
	0,
	0,
	0,
	0,
	0,
	0,
	0,
	0,
	0,
	0,
	0,
	"15198cc8-61e4-4264-ac2b-59ff93ebe407",
	"00000000-0000-0000-0000-000000000000");
INSERT INTO SM_TXN
	VALUES ("b421ad43-ff25-4b1a-8d81-55d17074ba07",
	"a1cc6f31-2204-498a-9746-3638bec10abc",
	"6836b82f-4592-4f80-a98a-f0ab75455dd2",
	"00000000-0000-0000-0000-000000000000");
INSERT INTO PE_PE
	VALUES ("9501113e-eacc-4485-aa09-454d1cf20b3f",
	1,
	"00000000-0000-0000-0000-000000000000",
	"544a75b3-22ce-4c30-8788-bec6c1772abf",
	7);
INSERT INTO EP_PKG
	VALUES ("9501113e-eacc-4485-aa09-454d1cf20b3f",
	"00000000-0000-0000-0000-000000000000",
	"9cd2cdcf-1f2b-42ce-bc35-718a90a05cab",
	'Test Subsystem',
	'',
	100);
INSERT INTO PE_PE
	VALUES ("18f360d4-bf74-4159-9245-b26abc35a9bc",
	1,
	"9501113e-eacc-4485-aa09-454d1cf20b3f",
	"00000000-0000-0000-0000-000000000000",
	4);
INSERT INTO O_OBJ
	VALUES ("18f360d4-bf74-4159-9245-b26abc35a9bc",
	'Test Sequences',
	100,
	'MO_TS',
	'Two sample test scenarios encapsulated within a class. ',
	"00000000-0000-0000-0000-000000000000");
INSERT INTO O_NBATTR
	VALUES ("c992616a-7c5d-476d-baa5-08bbcfe832bb",
	"18f360d4-bf74-4159-9245-b26abc35a9bc");
INSERT INTO O_BATTR
	VALUES ("c992616a-7c5d-476d-baa5-08bbcfe832bb",
	"18f360d4-bf74-4159-9245-b26abc35a9bc");
INSERT INTO O_ATTR
	VALUES ("c992616a-7c5d-476d-baa5-08bbcfe832bb",
	"18f360d4-bf74-4159-9245-b26abc35a9bc",
	"00000000-0000-0000-0000-000000000000",
	'TestSeqID',
	'',
	'',
	'TestSeqID',
	0,
	"ba5eda7a-def5-0000-0000-000000000005",
	'',
	'');
INSERT INTO O_NBATTR
	VALUES ("8c076354-8fdf-4d1c-954e-ac8b5ba13f60",
	"18f360d4-bf74-4159-9245-b26abc35a9bc");
INSERT INTO O_BATTR
	VALUES ("8c076354-8fdf-4d1c-954e-ac8b5ba13f60",
	"18f360d4-bf74-4159-9245-b26abc35a9bc");
INSERT INTO O_ATTR
	VALUES ("8c076354-8fdf-4d1c-954e-ac8b5ba13f60",
	"18f360d4-bf74-4159-9245-b26abc35a9bc",
	"c992616a-7c5d-476d-baa5-08bbcfe832bb",
	'current_state',
	'',
	'',
	'current_state',
	0,
	"ba5eda7a-def5-0000-0000-000000000006",
	'',
	'');
INSERT INTO O_ID
	VALUES (0,
	"18f360d4-bf74-4159-9245-b26abc35a9bc");
INSERT INTO O_OIDA
	VALUES ("c992616a-7c5d-476d-baa5-08bbcfe832bb",
	"18f360d4-bf74-4159-9245-b26abc35a9bc",
	0,
	'TestSeqID');
INSERT INTO O_ID
	VALUES (1,
	"18f360d4-bf74-4159-9245-b26abc35a9bc");
INSERT INTO O_ID
	VALUES (2,
	"18f360d4-bf74-4159-9245-b26abc35a9bc");
INSERT INTO SM_ISM
	VALUES ("2be671b0-392e-45d3-bfc1-1d93db24f0d6",
	"18f360d4-bf74-4159-9245-b26abc35a9bc");
INSERT INTO SM_SM
	VALUES ("2be671b0-392e-45d3-bfc1-1d93db24f0d6",
	'',
	10);
INSERT INTO SM_MOORE
	VALUES ("2be671b0-392e-45d3-bfc1-1d93db24f0d6");
INSERT INTO SM_LEVT
	VALUES ("646a7174-f38f-4647-bf47-dd9094500482",
	"2be671b0-392e-45d3-bfc1-1d93db24f0d6",
	"00000000-0000-0000-0000-000000000000");
INSERT INTO SM_SEVT
	VALUES ("646a7174-f38f-4647-bf47-dd9094500482",
	"2be671b0-392e-45d3-bfc1-1d93db24f0d6",
	"00000000-0000-0000-0000-000000000000");
INSERT INTO SM_EVT
	VALUES ("646a7174-f38f-4647-bf47-dd9094500482",
	"2be671b0-392e-45d3-bfc1-1d93db24f0d6",
	"00000000-0000-0000-0000-000000000000",
	2,
	'perform_test_seq_1',
	0,
	'',
	'MO_TS2',
	'');
INSERT INTO SM_LEVT
	VALUES ("a45fd8fd-a8ad-46e0-9d2e-6270bf11aad6",
	"2be671b0-392e-45d3-bfc1-1d93db24f0d6",
	"00000000-0000-0000-0000-000000000000");
INSERT INTO SM_SEVT
	VALUES ("a45fd8fd-a8ad-46e0-9d2e-6270bf11aad6",
	"2be671b0-392e-45d3-bfc1-1d93db24f0d6",
	"00000000-0000-0000-0000-000000000000");
INSERT INTO SM_EVT
	VALUES ("a45fd8fd-a8ad-46e0-9d2e-6270bf11aad6",
	"2be671b0-392e-45d3-bfc1-1d93db24f0d6",
	"00000000-0000-0000-0000-000000000000",
	3,
	'perform_test_seq_2',
	0,
	'',
	'MO_TS3',
	'');
INSERT INTO SM_LEVT
	VALUES ("318f162c-5156-4bab-b4d5-2dbf5160f03c",
	"2be671b0-392e-45d3-bfc1-1d93db24f0d6",
	"00000000-0000-0000-0000-000000000000");
INSERT INTO SM_SEVT
	VALUES ("318f162c-5156-4bab-b4d5-2dbf5160f03c",
	"2be671b0-392e-45d3-bfc1-1d93db24f0d6",
	"00000000-0000-0000-0000-000000000000");
INSERT INTO SM_EVT
	VALUES ("318f162c-5156-4bab-b4d5-2dbf5160f03c",
	"2be671b0-392e-45d3-bfc1-1d93db24f0d6",
	"00000000-0000-0000-0000-000000000000",
	1,
	'initialize',
	0,
	'',
	'MO_TS1',
	'');
INSERT INTO SM_LEVT
	VALUES ("091956c4-8fc8-44a9-8835-4f0654de3eb7",
	"2be671b0-392e-45d3-bfc1-1d93db24f0d6",
	"00000000-0000-0000-0000-000000000000");
INSERT INTO SM_SEVT
	VALUES ("091956c4-8fc8-44a9-8835-4f0654de3eb7",
	"2be671b0-392e-45d3-bfc1-1d93db24f0d6",
	"00000000-0000-0000-0000-000000000000");
INSERT INTO SM_EVT
	VALUES ("091956c4-8fc8-44a9-8835-4f0654de3eb7",
	"2be671b0-392e-45d3-bfc1-1d93db24f0d6",
	"00000000-0000-0000-0000-000000000000",
	4,
	'test_seq_complete',
	0,
	'',
	'MO_TS4',
	'');
INSERT INTO SM_STATE
	VALUES ("9d8a9b67-e0b2-4b7c-85f2-fe45e3263c7b",
	"2be671b0-392e-45d3-bfc1-1d93db24f0d6",
	"00000000-0000-0000-0000-000000000000",
	'Awaiting Test Sequence Initiation',
	1,
	0);
INSERT INTO SM_SEME
	VALUES ("9d8a9b67-e0b2-4b7c-85f2-fe45e3263c7b",
	"646a7174-f38f-4647-bf47-dd9094500482",
	"2be671b0-392e-45d3-bfc1-1d93db24f0d6",
	"00000000-0000-0000-0000-000000000000");
INSERT INTO SM_SEME
	VALUES ("9d8a9b67-e0b2-4b7c-85f2-fe45e3263c7b",
	"a45fd8fd-a8ad-46e0-9d2e-6270bf11aad6",
	"2be671b0-392e-45d3-bfc1-1d93db24f0d6",
	"00000000-0000-0000-0000-000000000000");
INSERT INTO SM_SEME
	VALUES ("9d8a9b67-e0b2-4b7c-85f2-fe45e3263c7b",
	"318f162c-5156-4bab-b4d5-2dbf5160f03c",
	"2be671b0-392e-45d3-bfc1-1d93db24f0d6",
	"00000000-0000-0000-0000-000000000000");
INSERT INTO SM_EIGN
	VALUES ("9d8a9b67-e0b2-4b7c-85f2-fe45e3263c7b",
	"091956c4-8fc8-44a9-8835-4f0654de3eb7",
	"2be671b0-392e-45d3-bfc1-1d93db24f0d6",
	"00000000-0000-0000-0000-000000000000",
	'');
INSERT INTO SM_SEME
	VALUES ("9d8a9b67-e0b2-4b7c-85f2-fe45e3263c7b",
	"091956c4-8fc8-44a9-8835-4f0654de3eb7",
	"2be671b0-392e-45d3-bfc1-1d93db24f0d6",
	"00000000-0000-0000-0000-000000000000");
INSERT INTO SM_MOAH
	VALUES ("148cc8a9-ca54-4d19-9558-a73ae7a4cbf1",
	"2be671b0-392e-45d3-bfc1-1d93db24f0d6",
	"9d8a9b67-e0b2-4b7c-85f2-fe45e3263c7b");
INSERT INTO SM_AH
	VALUES ("148cc8a9-ca54-4d19-9558-a73ae7a4cbf1",
	"2be671b0-392e-45d3-bfc1-1d93db24f0d6");
INSERT INTO SM_ACT
	VALUES ("148cc8a9-ca54-4d19-9558-a73ae7a4cbf1",
	"2be671b0-392e-45d3-bfc1-1d93db24f0d6",
	1,
	'//Automatically initiate test sequence 1.
generate MO_TS2:''perform_test_seq_1'' to self;',
	'');
INSERT INTO ACT_SAB
	VALUES ("d2b2907e-1cfd-4cb3-a588-40acf0a75ec3",
	"2be671b0-392e-45d3-bfc1-1d93db24f0d6",
	"148cc8a9-ca54-4d19-9558-a73ae7a4cbf1");
INSERT INTO ACT_ACT
	VALUES ("d2b2907e-1cfd-4cb3-a588-40acf0a75ec3",
	'state',
	0,
	"938c7828-f68c-49fe-931c-5ef78b6e64b9",
	"00000000-0000-0000-0000-000000000000",
	0,
	'Test Sequences::Awaiting Test Sequence Initiation',
	"00000000-0000-0000-0000-000000000000");
INSERT INTO ACT_BLK
	VALUES ("938c7828-f68c-49fe-931c-5ef78b6e64b9",
	0,
	0,
	0,
	'V_VAR.Var_ID',
	'',
	'',
	2,
	1,
	0,
	0,
	0,
	0,
	0,
	0,
	0,
	0,
	0,
	0,
	0,
	"d2b2907e-1cfd-4cb3-a588-40acf0a75ec3",
	"00000000-0000-0000-0000-000000000000");
INSERT INTO ACT_SMT
	VALUES ("93bac839-1994-4c55-af58-963fba9a5e36",
	"938c7828-f68c-49fe-931c-5ef78b6e64b9",
	"00000000-0000-0000-0000-000000000000",
	2,
	1,
	'Test Sequences::Awaiting Test Sequence Initiation line: 2');
INSERT INTO E_ESS
	VALUES ("93bac839-1994-4c55-af58-963fba9a5e36",
	1,
	0,
	2,
	10,
	2,
	17,
	0,
	0,
	0,
	0,
	0,
	0);
INSERT INTO E_GES
	VALUES ("93bac839-1994-4c55-af58-963fba9a5e36");
INSERT INTO E_GSME
	VALUES ("93bac839-1994-4c55-af58-963fba9a5e36",
	"646a7174-f38f-4647-bf47-dd9094500482");
INSERT INTO E_GEN
	VALUES ("93bac839-1994-4c55-af58-963fba9a5e36",
	"d7ba1306-1a6a-4483-8df2-31783c2cc84f");
INSERT INTO V_VAR
	VALUES ("d7ba1306-1a6a-4483-8df2-31783c2cc84f",
	"938c7828-f68c-49fe-931c-5ef78b6e64b9",
	'self',
	1,
	"ba5eda7a-def5-0000-0000-000000000008");
INSERT INTO V_INT
	VALUES ("d7ba1306-1a6a-4483-8df2-31783c2cc84f",
	0,
	"18f360d4-bf74-4159-9245-b26abc35a9bc");
INSERT INTO V_LOC
	VALUES ("7c03fd5e-81a0-4d0e-9106-9724332a87c6",
	2,
	41,
	44,
	"d7ba1306-1a6a-4483-8df2-31783c2cc84f");
INSERT INTO SM_STATE
	VALUES ("385f84eb-94b0-4a4f-904d-d1e5902c2788",
	"2be671b0-392e-45d3-bfc1-1d93db24f0d6",
	"00000000-0000-0000-0000-000000000000",
	'Performing Test Sequence 1',
	2,
	0);
INSERT INTO SM_EIGN
	VALUES ("385f84eb-94b0-4a4f-904d-d1e5902c2788",
	"646a7174-f38f-4647-bf47-dd9094500482",
	"2be671b0-392e-45d3-bfc1-1d93db24f0d6",
	"00000000-0000-0000-0000-000000000000",
	'');
INSERT INTO SM_SEME
	VALUES ("385f84eb-94b0-4a4f-904d-d1e5902c2788",
	"646a7174-f38f-4647-bf47-dd9094500482",
	"2be671b0-392e-45d3-bfc1-1d93db24f0d6",
	"00000000-0000-0000-0000-000000000000");
INSERT INTO SM_EIGN
	VALUES ("385f84eb-94b0-4a4f-904d-d1e5902c2788",
	"a45fd8fd-a8ad-46e0-9d2e-6270bf11aad6",
	"2be671b0-392e-45d3-bfc1-1d93db24f0d6",
	"00000000-0000-0000-0000-000000000000",
	'');
INSERT INTO SM_SEME
	VALUES ("385f84eb-94b0-4a4f-904d-d1e5902c2788",
	"a45fd8fd-a8ad-46e0-9d2e-6270bf11aad6",
	"2be671b0-392e-45d3-bfc1-1d93db24f0d6",
	"00000000-0000-0000-0000-000000000000");
INSERT INTO SM_EIGN
	VALUES ("385f84eb-94b0-4a4f-904d-d1e5902c2788",
	"318f162c-5156-4bab-b4d5-2dbf5160f03c",
	"2be671b0-392e-45d3-bfc1-1d93db24f0d6",
	"00000000-0000-0000-0000-000000000000",
	'');
INSERT INTO SM_SEME
	VALUES ("385f84eb-94b0-4a4f-904d-d1e5902c2788",
	"318f162c-5156-4bab-b4d5-2dbf5160f03c",
	"2be671b0-392e-45d3-bfc1-1d93db24f0d6",
	"00000000-0000-0000-0000-000000000000");
INSERT INTO SM_SEME
	VALUES ("385f84eb-94b0-4a4f-904d-d1e5902c2788",
	"091956c4-8fc8-44a9-8835-4f0654de3eb7",
	"2be671b0-392e-45d3-bfc1-1d93db24f0d6",
	"00000000-0000-0000-0000-000000000000");
INSERT INTO SM_MOAH
	VALUES ("04eab2ba-c14d-41aa-8eef-808638107f0e",
	"2be671b0-392e-45d3-bfc1-1d93db24f0d6",
	"385f84eb-94b0-4a4f-904d-d1e5902c2788");
INSERT INTO SM_AH
	VALUES ("04eab2ba-c14d-41aa-8eef-808638107f0e",
	"2be671b0-392e-45d3-bfc1-1d93db24f0d6");
INSERT INTO SM_ACT
	VALUES ("04eab2ba-c14d-41aa-8eef-808638107f0e",
	"2be671b0-392e-45d3-bfc1-1d93db24f0d6",
	1,
	'// Step 1. At T+2000000us, open the oven door to insert dish
select any door from instances of MO_D;
if (not_empty door)
   create event instance release_door of MO_D1:''release'' to door;
   step1_timer=TIM::timer_start(microseconds:2000000,event_inst:release_door);
end if;

// Step 2. At T+3000000us, lower the output power setting to Med_High
select any tube from instances of MO_MT;
if (not_empty tube)
   create event instance lower_power of MO_MT2:''decrease_power'' to tube;
   step2_timer =TIM::timer_start(microseconds:3000000,event_inst:lower_power);
end if;

// Step 3. At T+4000000us, close oven door
select any door from instances of MO_D;
if (not_empty door)
   create event instance close_door of MO_D2:''close'' to door;
   step3_timer =TIM::timer_start(microseconds:4000000,event_inst:close_door);
end if;

// Step 4. At T+5000000us, assign cooking period of 10 seconds and start cooking
select any oven from instances of MO_O;
if (not_empty oven)
   create event instance cooking_time of MO_O8:''cooking_period''(period:10000000) to oven;
   step4a_timer =TIM::timer_start(microseconds:5000000,event_inst:cooking_time);
   create event instance start of MO_O3:''start_cooking'' to oven;
   step4b_timer =TIM::timer_start(microseconds:5000001,event_inst:start);
end if;

// Step 5. At T+15secs, open the oven door to remove cooked dish
select any door from instances of MO_D;
if (not_empty door)
   create event instance release_door of MO_D1:''release'' to door;
   step5_timer =TIM::timer_start(microseconds:15000000,event_inst:release_door);
end if;

// For codegen: Testing complete.  After 30 seconds, terminate the system
// otherwise, executable will not terminate.
create event instance finished of MO_TS4:''test_seq_complete'' to self;
terminate_timer=TIM::timer_start(microseconds:30000000,event_inst:finished);
',
	'');
INSERT INTO ACT_SAB
	VALUES ("1c2b69ac-bbba-4e30-9fb8-df931ae88254",
	"2be671b0-392e-45d3-bfc1-1d93db24f0d6",
	"04eab2ba-c14d-41aa-8eef-808638107f0e");
INSERT INTO ACT_ACT
	VALUES ("1c2b69ac-bbba-4e30-9fb8-df931ae88254",
	'state',
	0,
	"25871125-f05f-4753-a6fa-d8f3f4fdbaa8",
	"00000000-0000-0000-0000-000000000000",
	0,
	'Test Sequences::Performing Test Sequence 1',
	"00000000-0000-0000-0000-000000000000");
INSERT INTO ACT_BLK
	VALUES ("25871125-f05f-4753-a6fa-d8f3f4fdbaa8",
	1,
	0,
	0,
	'TIM',
	'',
	'',
	41,
	1,
	41,
	17,
	0,
	0,
	0,
	0,
	0,
	0,
	0,
	0,
	0,
	"1c2b69ac-bbba-4e30-9fb8-df931ae88254",
	"00000000-0000-0000-0000-000000000000");
INSERT INTO ACT_SMT
	VALUES ("726a6152-65c7-4b12-8d82-6127ddb3178d",
	"25871125-f05f-4753-a6fa-d8f3f4fdbaa8",
	"b497ff09-c899-43bc-a248-76b0f4781637",
	2,
	1,
	'Test Sequences::Performing Test Sequence 1 line: 2');
INSERT INTO ACT_FIO
	VALUES ("726a6152-65c7-4b12-8d82-6127ddb3178d",
	"56428052-1972-4861-8191-45ac715b9660",
	1,
	'any',
	"cd4fdb55-c935-485c-af63-77515b5963d5",
	2,
	35);
INSERT INTO ACT_SMT
	VALUES ("b497ff09-c899-43bc-a248-76b0f4781637",
	"25871125-f05f-4753-a6fa-d8f3f4fdbaa8",
	"3fb25b30-c051-4b59-97ac-ad242598de46",
	3,
	1,
	'Test Sequences::Performing Test Sequence 1 line: 3');
INSERT INTO ACT_IF
	VALUES ("b497ff09-c899-43bc-a248-76b0f4781637",
	"f024e975-ea9b-412b-ac5c-299c29c8d853",
	"17efd929-dfc3-4447-9c43-0ad3b7ea59b7",
	"00000000-0000-0000-0000-000000000000",
	"00000000-0000-0000-0000-000000000000");
INSERT INTO ACT_SMT
	VALUES ("3fb25b30-c051-4b59-97ac-ad242598de46",
	"25871125-f05f-4753-a6fa-d8f3f4fdbaa8",
	"b1fb0f92-ee2d-4cc5-8061-3c3d62668e76",
	9,
	1,
	'Test Sequences::Performing Test Sequence 1 line: 9');
INSERT INTO ACT_FIO
	VALUES ("3fb25b30-c051-4b59-97ac-ad242598de46",
	"d9e3c083-eddc-4465-ba0a-f1d5a391f6ac",
	1,
	'any',
	"21726274-a60c-4843-a337-c30d3e6fd999",
	9,
	35);
INSERT INTO ACT_SMT
	VALUES ("b1fb0f92-ee2d-4cc5-8061-3c3d62668e76",
	"25871125-f05f-4753-a6fa-d8f3f4fdbaa8",
	"a97d74dd-626d-456a-8b6b-460aed743016",
	10,
	1,
	'Test Sequences::Performing Test Sequence 1 line: 10');
INSERT INTO ACT_IF
	VALUES ("b1fb0f92-ee2d-4cc5-8061-3c3d62668e76",
	"ef70cb74-534c-4de5-9bf2-999f241a0e58",
	"47dcf49f-aadd-434d-9d09-d3959a8a0283",
	"00000000-0000-0000-0000-000000000000",
	"00000000-0000-0000-0000-000000000000");
INSERT INTO ACT_SMT
	VALUES ("a97d74dd-626d-456a-8b6b-460aed743016",
	"25871125-f05f-4753-a6fa-d8f3f4fdbaa8",
	"5d56ba13-d764-4ad9-9ce0-2f64e068237b",
	16,
	1,
	'Test Sequences::Performing Test Sequence 1 line: 16');
INSERT INTO ACT_FIO
	VALUES ("a97d74dd-626d-456a-8b6b-460aed743016",
	"56428052-1972-4861-8191-45ac715b9660",
	0,
	'any',
	"cd4fdb55-c935-485c-af63-77515b5963d5",
	16,
	35);
INSERT INTO ACT_SMT
	VALUES ("5d56ba13-d764-4ad9-9ce0-2f64e068237b",
	"25871125-f05f-4753-a6fa-d8f3f4fdbaa8",
	"bfc214a0-6b94-454c-8678-d7e8b76ded4e",
	17,
	1,
	'Test Sequences::Performing Test Sequence 1 line: 17');
INSERT INTO ACT_IF
	VALUES ("5d56ba13-d764-4ad9-9ce0-2f64e068237b",
	"7867a5e9-8c47-40e3-ad49-c4e17c502940",
	"279fd5d4-ba4c-4ac2-a076-621dfa229e2a",
	"00000000-0000-0000-0000-000000000000",
	"00000000-0000-0000-0000-000000000000");
INSERT INTO ACT_SMT
	VALUES ("bfc214a0-6b94-454c-8678-d7e8b76ded4e",
	"25871125-f05f-4753-a6fa-d8f3f4fdbaa8",
	"0d9932f9-e908-4dc3-9aec-d21a2fbbcec7",
	23,
	1,
	'Test Sequences::Performing Test Sequence 1 line: 23');
INSERT INTO ACT_FIO
	VALUES ("bfc214a0-6b94-454c-8678-d7e8b76ded4e",
	"ba27c590-aa67-4ae4-8a82-99609f8d074c",
	1,
	'any',
	"d41fedf9-3f2c-4216-96e0-94838ac603b1",
	23,
	35);
INSERT INTO ACT_SMT
	VALUES ("0d9932f9-e908-4dc3-9aec-d21a2fbbcec7",
	"25871125-f05f-4753-a6fa-d8f3f4fdbaa8",
	"c7dbdd1e-2ab5-4a01-a98d-4be5ae32e5b0",
	24,
	1,
	'Test Sequences::Performing Test Sequence 1 line: 24');
INSERT INTO ACT_IF
	VALUES ("0d9932f9-e908-4dc3-9aec-d21a2fbbcec7",
	"b4be9bc4-e726-40ee-b4ea-34b3a74226d5",
	"30a276d7-b0a5-48f1-86ce-2e0a532cc7bf",
	"00000000-0000-0000-0000-000000000000",
	"00000000-0000-0000-0000-000000000000");
INSERT INTO ACT_SMT
	VALUES ("c7dbdd1e-2ab5-4a01-a98d-4be5ae32e5b0",
	"25871125-f05f-4753-a6fa-d8f3f4fdbaa8",
	"a7d80c2f-7cb1-4813-a318-8111d2a1d749",
	32,
	1,
	'Test Sequences::Performing Test Sequence 1 line: 32');
INSERT INTO ACT_FIO
	VALUES ("c7dbdd1e-2ab5-4a01-a98d-4be5ae32e5b0",
	"56428052-1972-4861-8191-45ac715b9660",
	0,
	'any',
	"cd4fdb55-c935-485c-af63-77515b5963d5",
	32,
	35);
INSERT INTO ACT_SMT
	VALUES ("a7d80c2f-7cb1-4813-a318-8111d2a1d749",
	"25871125-f05f-4753-a6fa-d8f3f4fdbaa8",
	"0f1e4a48-5be8-412a-98a1-7647e2832eac",
	33,
	1,
	'Test Sequences::Performing Test Sequence 1 line: 33');
INSERT INTO ACT_IF
	VALUES ("a7d80c2f-7cb1-4813-a318-8111d2a1d749",
	"986781d0-8a81-4c9b-9dba-98f3e1c317c1",
	"4c5b0806-e269-4dd2-a74b-981081b42d4b",
	"00000000-0000-0000-0000-000000000000",
	"00000000-0000-0000-0000-000000000000");
INSERT INTO ACT_SMT
	VALUES ("0f1e4a48-5be8-412a-98a1-7647e2832eac",
	"25871125-f05f-4753-a6fa-d8f3f4fdbaa8",
	"60b92dcd-3f67-4fb3-acc3-fa2ced7dc055",
	40,
	1,
	'Test Sequences::Performing Test Sequence 1 line: 40');
INSERT INTO E_ESS
	VALUES ("0f1e4a48-5be8-412a-98a1-7647e2832eac",
	1,
	0,
	40,
	35,
	40,
	42,
	32,
	35,
	0,
	0,
	0,
	0);
INSERT INTO E_CES
	VALUES ("0f1e4a48-5be8-412a-98a1-7647e2832eac",
	1,
	"2bb4ca4f-9c15-426f-a883-853f4027349c");
INSERT INTO E_CSME
	VALUES ("0f1e4a48-5be8-412a-98a1-7647e2832eac",
	"091956c4-8fc8-44a9-8835-4f0654de3eb7");
INSERT INTO E_CEI
	VALUES ("0f1e4a48-5be8-412a-98a1-7647e2832eac",
	"7fc546b0-2a54-455b-9f84-4e75a631dfdf");
INSERT INTO ACT_SMT
	VALUES ("60b92dcd-3f67-4fb3-acc3-fa2ced7dc055",
	"25871125-f05f-4753-a6fa-d8f3f4fdbaa8",
	"00000000-0000-0000-0000-000000000000",
	41,
	1,
	'Test Sequences::Performing Test Sequence 1 line: 41');
INSERT INTO ACT_AI
	VALUES ("60b92dcd-3f67-4fb3-acc3-fa2ced7dc055",
	"70893621-194d-4f07-aec0-64169dc29342",
	"e6691303-6e6f-4192-9fe4-9a7df11e9db0",
	0,
	0);
INSERT INTO V_VAL
	VALUES ("401a12b3-a869-4c03-a390-dde1cbc882c7",
	0,
	0,
	3,
	15,
	18,
	0,
	0,
	0,
	0,
	"ba5eda7a-def5-0000-0000-000000000008",
	"25871125-f05f-4753-a6fa-d8f3f4fdbaa8");
INSERT INTO V_IRF
	VALUES ("401a12b3-a869-4c03-a390-dde1cbc882c7",
	"56428052-1972-4861-8191-45ac715b9660");
INSERT INTO V_VAL
	VALUES ("17efd929-dfc3-4447-9c43-0ad3b7ea59b7",
	0,
	0,
	-1,
	-1,
	-1,
	0,
	0,
	0,
	0,
	"ba5eda7a-def5-0000-0000-000000000001",
	"25871125-f05f-4753-a6fa-d8f3f4fdbaa8");
INSERT INTO V_UNY
	VALUES ("17efd929-dfc3-4447-9c43-0ad3b7ea59b7",
	"401a12b3-a869-4c03-a390-dde1cbc882c7",
	'not_empty');
INSERT INTO V_VAL
	VALUES ("767f1ed5-55c3-4f31-9321-482fca5129d0",
	0,
	0,
	10,
	15,
	18,
	0,
	0,
	0,
	0,
	"ba5eda7a-def5-0000-0000-000000000008",
	"25871125-f05f-4753-a6fa-d8f3f4fdbaa8");
INSERT INTO V_IRF
	VALUES ("767f1ed5-55c3-4f31-9321-482fca5129d0",
	"d9e3c083-eddc-4465-ba0a-f1d5a391f6ac");
INSERT INTO V_VAL
	VALUES ("47dcf49f-aadd-434d-9d09-d3959a8a0283",
	0,
	0,
	-1,
	-1,
	-1,
	0,
	0,
	0,
	0,
	"ba5eda7a-def5-0000-0000-000000000001",
	"25871125-f05f-4753-a6fa-d8f3f4fdbaa8");
INSERT INTO V_UNY
	VALUES ("47dcf49f-aadd-434d-9d09-d3959a8a0283",
	"767f1ed5-55c3-4f31-9321-482fca5129d0",
	'not_empty');
INSERT INTO V_VAL
	VALUES ("fd0bf875-6fd8-4267-b000-4b3c72bd1f05",
	0,
	0,
	17,
	15,
	18,
	0,
	0,
	0,
	0,
	"ba5eda7a-def5-0000-0000-000000000008",
	"25871125-f05f-4753-a6fa-d8f3f4fdbaa8");
INSERT INTO V_IRF
	VALUES ("fd0bf875-6fd8-4267-b000-4b3c72bd1f05",
	"56428052-1972-4861-8191-45ac715b9660");
INSERT INTO V_VAL
	VALUES ("279fd5d4-ba4c-4ac2-a076-621dfa229e2a",
	0,
	0,
	-1,
	-1,
	-1,
	0,
	0,
	0,
	0,
	"ba5eda7a-def5-0000-0000-000000000001",
	"25871125-f05f-4753-a6fa-d8f3f4fdbaa8");
INSERT INTO V_UNY
	VALUES ("279fd5d4-ba4c-4ac2-a076-621dfa229e2a",
	"fd0bf875-6fd8-4267-b000-4b3c72bd1f05",
	'not_empty');
INSERT INTO V_VAL
	VALUES ("b0ac30fc-fa5e-49e3-90d8-a457d61afeaf",
	0,
	0,
	24,
	15,
	18,
	0,
	0,
	0,
	0,
	"ba5eda7a-def5-0000-0000-000000000008",
	"25871125-f05f-4753-a6fa-d8f3f4fdbaa8");
INSERT INTO V_IRF
	VALUES ("b0ac30fc-fa5e-49e3-90d8-a457d61afeaf",
	"ba27c590-aa67-4ae4-8a82-99609f8d074c");
INSERT INTO V_VAL
	VALUES ("30a276d7-b0a5-48f1-86ce-2e0a532cc7bf",
	0,
	0,
	-1,
	-1,
	-1,
	0,
	0,
	0,
	0,
	"ba5eda7a-def5-0000-0000-000000000001",
	"25871125-f05f-4753-a6fa-d8f3f4fdbaa8");
INSERT INTO V_UNY
	VALUES ("30a276d7-b0a5-48f1-86ce-2e0a532cc7bf",
	"b0ac30fc-fa5e-49e3-90d8-a457d61afeaf",
	'not_empty');
INSERT INTO V_VAL
	VALUES ("9d699838-0b22-4c0d-9dd2-b5c556b565b8",
	0,
	0,
	33,
	15,
	18,
	0,
	0,
	0,
	0,
	"ba5eda7a-def5-0000-0000-000000000008",
	"25871125-f05f-4753-a6fa-d8f3f4fdbaa8");
INSERT INTO V_IRF
	VALUES ("9d699838-0b22-4c0d-9dd2-b5c556b565b8",
	"56428052-1972-4861-8191-45ac715b9660");
INSERT INTO V_VAL
	VALUES ("4c5b0806-e269-4dd2-a74b-981081b42d4b",
	0,
	0,
	-1,
	-1,
	-1,
	0,
	0,
	0,
	0,
	"ba5eda7a-def5-0000-0000-000000000001",
	"25871125-f05f-4753-a6fa-d8f3f4fdbaa8");
INSERT INTO V_UNY
	VALUES ("4c5b0806-e269-4dd2-a74b-981081b42d4b",
	"9d699838-0b22-4c0d-9dd2-b5c556b565b8",
	'not_empty');
INSERT INTO V_VAL
	VALUES ("e6691303-6e6f-4192-9fe4-9a7df11e9db0",
	1,
	1,
	41,
	1,
	15,
	0,
	0,
	0,
	0,
	"ba5eda7a-def5-0000-0000-00000000000f",
	"25871125-f05f-4753-a6fa-d8f3f4fdbaa8");
INSERT INTO V_TVL
	VALUES ("e6691303-6e6f-4192-9fe4-9a7df11e9db0",
	"00ed3a6e-6c4b-4071-9dd7-738a26b8e015");
INSERT INTO V_VAL
	VALUES ("70893621-194d-4f07-aec0-64169dc29342",
	0,
	0,
	41,
	22,
	-1,
	41,
	34,
	41,
	56,
	"ba5eda7a-def5-0000-0000-00000000000f",
	"25871125-f05f-4753-a6fa-d8f3f4fdbaa8");
INSERT INTO V_BRV
	VALUES ("70893621-194d-4f07-aec0-64169dc29342",
	"03a46075-6e6b-44a0-9203-72f9ef1b94a2",
	1,
	41,
	17);
INSERT INTO V_VAL
	VALUES ("9fd48cfd-36b1-4a0d-83c0-05e08cae19e1",
	0,
	0,
	41,
	47,
	54,
	0,
	0,
	0,
	0,
	"ba5eda7a-def5-0000-0000-000000000002",
	"25871125-f05f-4753-a6fa-d8f3f4fdbaa8");
INSERT INTO V_LIN
	VALUES ("9fd48cfd-36b1-4a0d-83c0-05e08cae19e1",
	'30000000');
INSERT INTO V_PAR
	VALUES ("9fd48cfd-36b1-4a0d-83c0-05e08cae19e1",
	"00000000-0000-0000-0000-000000000000",
	"70893621-194d-4f07-aec0-64169dc29342",
	'microseconds',
	"86fb1722-5d71-41e0-83bc-7bc5f7963642",
	41,
	34);
INSERT INTO V_VAL
	VALUES ("86fb1722-5d71-41e0-83bc-7bc5f7963642",
	0,
	0,
	41,
	67,
	74,
	0,
	0,
	0,
	0,
	"ba5eda7a-def5-0000-0000-00000000000a",
	"25871125-f05f-4753-a6fa-d8f3f4fdbaa8");
INSERT INTO V_TVL
	VALUES ("86fb1722-5d71-41e0-83bc-7bc5f7963642",
	"2bb4ca4f-9c15-426f-a883-853f4027349c");
INSERT INTO V_PAR
	VALUES ("86fb1722-5d71-41e0-83bc-7bc5f7963642",
	"00000000-0000-0000-0000-000000000000",
	"70893621-194d-4f07-aec0-64169dc29342",
	'event_inst',
	"00000000-0000-0000-0000-000000000000",
	41,
	56);
INSERT INTO V_VAR
	VALUES ("56428052-1972-4861-8191-45ac715b9660",
	"25871125-f05f-4753-a6fa-d8f3f4fdbaa8",
	'door',
	1,
	"ba5eda7a-def5-0000-0000-000000000008");
INSERT INTO V_INT
	VALUES ("56428052-1972-4861-8191-45ac715b9660",
	0,
	"cd4fdb55-c935-485c-af63-77515b5963d5");
INSERT INTO V_LOC
	VALUES ("25464366-8931-4a79-a5a3-30210e7eb521",
	2,
	12,
	15,
	"56428052-1972-4861-8191-45ac715b9660");
INSERT INTO V_LOC
	VALUES ("96aefdbf-23f9-4d6e-b5a5-0284283f4fc4",
	4,
	61,
	64,
	"56428052-1972-4861-8191-45ac715b9660");
INSERT INTO V_LOC
	VALUES ("dbc76cb1-05f6-4277-8c5c-bbdc0e4f0560",
	16,
	12,
	15,
	"56428052-1972-4861-8191-45ac715b9660");
INSERT INTO V_LOC
	VALUES ("24170c69-e6c9-4ea5-a1d6-621bc1dbd52e",
	18,
	57,
	60,
	"56428052-1972-4861-8191-45ac715b9660");
INSERT INTO V_LOC
	VALUES ("49c129fc-2a45-4957-8484-5b5e5a897907",
	32,
	12,
	15,
	"56428052-1972-4861-8191-45ac715b9660");
INSERT INTO V_LOC
	VALUES ("924d4145-a65d-46d2-93f1-6f796a542aa5",
	34,
	61,
	64,
	"56428052-1972-4861-8191-45ac715b9660");
INSERT INTO V_VAR
	VALUES ("d9e3c083-eddc-4465-ba0a-f1d5a391f6ac",
	"25871125-f05f-4753-a6fa-d8f3f4fdbaa8",
	'tube',
	1,
	"ba5eda7a-def5-0000-0000-000000000008");
INSERT INTO V_INT
	VALUES ("d9e3c083-eddc-4465-ba0a-f1d5a391f6ac",
	0,
	"21726274-a60c-4843-a337-c30d3e6fd999");
INSERT INTO V_LOC
	VALUES ("03095374-f76e-482b-bc5b-7496dacf531f",
	9,
	12,
	15,
	"d9e3c083-eddc-4465-ba0a-f1d5a391f6ac");
INSERT INTO V_LOC
	VALUES ("530079f2-c708-49e7-aa90-1b5906320d2f",
	11,
	68,
	71,
	"d9e3c083-eddc-4465-ba0a-f1d5a391f6ac");
INSERT INTO V_VAR
	VALUES ("ba27c590-aa67-4ae4-8a82-99609f8d074c",
	"25871125-f05f-4753-a6fa-d8f3f4fdbaa8",
	'oven',
	1,
	"ba5eda7a-def5-0000-0000-000000000008");
INSERT INTO V_INT
	VALUES ("ba27c590-aa67-4ae4-8a82-99609f8d074c",
	0,
	"d41fedf9-3f2c-4216-96e0-94838ac603b1");
INSERT INTO V_LOC
	VALUES ("fb25729e-95da-41ba-be96-bbe5fd132126",
	23,
	12,
	15,
	"ba27c590-aa67-4ae4-8a82-99609f8d074c");
INSERT INTO V_LOC
	VALUES ("67dfd7d0-406e-4ea9-b605-d3581524956d",
	25,
	85,
	88,
	"ba27c590-aa67-4ae4-8a82-99609f8d074c");
INSERT INTO V_LOC
	VALUES ("b485bd1a-aa07-45c4-b011-797ab8dfb495",
	27,
	60,
	63,
	"ba27c590-aa67-4ae4-8a82-99609f8d074c");
INSERT INTO V_VAR
	VALUES ("2bb4ca4f-9c15-426f-a883-853f4027349c",
	"25871125-f05f-4753-a6fa-d8f3f4fdbaa8",
	'finished',
	1,
	"ba5eda7a-def5-0000-0000-00000000000a");
INSERT INTO V_TRN
	VALUES ("2bb4ca4f-9c15-426f-a883-853f4027349c",
	"00000000-0000-0000-0000-000000000000",
	'');
INSERT INTO V_LOC
	VALUES ("ace5db27-f06e-4ace-bf51-de98005e726e",
	40,
	23,
	30,
	"2bb4ca4f-9c15-426f-a883-853f4027349c");
INSERT INTO V_LOC
	VALUES ("7c2eb472-1fe4-41ee-8076-6538f9134ada",
	41,
	67,
	74,
	"2bb4ca4f-9c15-426f-a883-853f4027349c");
INSERT INTO V_VAR
	VALUES ("7fc546b0-2a54-455b-9f84-4e75a631dfdf",
	"25871125-f05f-4753-a6fa-d8f3f4fdbaa8",
	'self',
	1,
	"ba5eda7a-def5-0000-0000-000000000008");
INSERT INTO V_INT
	VALUES ("7fc546b0-2a54-455b-9f84-4e75a631dfdf",
	0,
	"18f360d4-bf74-4159-9245-b26abc35a9bc");
INSERT INTO V_LOC
	VALUES ("0752a7ca-fab2-4766-bc65-997165db4ad9",
	40,
	65,
	68,
	"7fc546b0-2a54-455b-9f84-4e75a631dfdf");
INSERT INTO V_VAR
	VALUES ("00ed3a6e-6c4b-4071-9dd7-738a26b8e015",
	"25871125-f05f-4753-a6fa-d8f3f4fdbaa8",
	'terminate_timer',
	1,
	"ba5eda7a-def5-0000-0000-00000000000f");
INSERT INTO V_TRN
	VALUES ("00ed3a6e-6c4b-4071-9dd7-738a26b8e015",
	"00000000-0000-0000-0000-000000000000",
	'');
INSERT INTO V_LOC
	VALUES ("8c1a2121-7014-4156-91d3-2b0701119cf9",
	41,
	1,
	15,
	"00ed3a6e-6c4b-4071-9dd7-738a26b8e015");
INSERT INTO ACT_BLK
	VALUES ("f024e975-ea9b-412b-ac5c-299c29c8d853",
	0,
	0,
	0,
	'TIM',
	'',
	'',
	5,
	4,
	5,
	16,
	0,
	0,
	0,
	0,
	0,
	0,
	0,
	0,
	0,
	"1c2b69ac-bbba-4e30-9fb8-df931ae88254",
	"00000000-0000-0000-0000-000000000000");
INSERT INTO ACT_SMT
	VALUES ("03f9be4b-3fd6-4519-b55b-507a11f9fe21",
	"f024e975-ea9b-412b-ac5c-299c29c8d853",
	"0c9e94b2-d102-4b07-a645-021359f00787",
	4,
	4,
	'Test Sequences::Performing Test Sequence 1 line: 4');
INSERT INTO E_ESS
	VALUES ("03f9be4b-3fd6-4519-b55b-507a11f9fe21",
	1,
	0,
	4,
	42,
	4,
	48,
	0,
	0,
	0,
	0,
	0,
	0);
INSERT INTO E_CES
	VALUES ("03f9be4b-3fd6-4519-b55b-507a11f9fe21",
	1,
	"9aebe4a7-5240-4ee0-8203-d596ff306f4b");
INSERT INTO E_CSME
	VALUES ("03f9be4b-3fd6-4519-b55b-507a11f9fe21",
	"559344ec-3d0c-4393-9601-3b709b6fe894");
INSERT INTO E_CEI
	VALUES ("03f9be4b-3fd6-4519-b55b-507a11f9fe21",
	"56428052-1972-4861-8191-45ac715b9660");
INSERT INTO ACT_SMT
	VALUES ("0c9e94b2-d102-4b07-a645-021359f00787",
	"f024e975-ea9b-412b-ac5c-299c29c8d853",
	"00000000-0000-0000-0000-000000000000",
	5,
	4,
	'Test Sequences::Performing Test Sequence 1 line: 5');
INSERT INTO ACT_AI
	VALUES ("0c9e94b2-d102-4b07-a645-021359f00787",
	"d04dd2f3-6587-451d-8fcd-bda3633ad0fe",
	"c4a6da80-e4b9-4081-b299-9ebf38133b0e",
	0,
	0);
INSERT INTO V_VAL
	VALUES ("c4a6da80-e4b9-4081-b299-9ebf38133b0e",
	1,
	1,
	5,
	4,
	14,
	0,
	0,
	0,
	0,
	"ba5eda7a-def5-0000-0000-00000000000f",
	"f024e975-ea9b-412b-ac5c-299c29c8d853");
INSERT INTO V_TVL
	VALUES ("c4a6da80-e4b9-4081-b299-9ebf38133b0e",
	"68bc2b6f-6558-4e16-9027-d01f63bcc1d6");
INSERT INTO V_VAL
	VALUES ("d04dd2f3-6587-451d-8fcd-bda3633ad0fe",
	0,
	0,
	5,
	21,
	-1,
	5,
	33,
	5,
	54,
	"ba5eda7a-def5-0000-0000-00000000000f",
	"f024e975-ea9b-412b-ac5c-299c29c8d853");
INSERT INTO V_BRV
	VALUES ("d04dd2f3-6587-451d-8fcd-bda3633ad0fe",
	"03a46075-6e6b-44a0-9203-72f9ef1b94a2",
	1,
	5,
	16);
INSERT INTO V_VAL
	VALUES ("2d97419c-d68e-493f-bf73-d0cf148374e3",
	0,
	0,
	5,
	46,
	52,
	0,
	0,
	0,
	0,
	"ba5eda7a-def5-0000-0000-000000000002",
	"f024e975-ea9b-412b-ac5c-299c29c8d853");
INSERT INTO V_LIN
	VALUES ("2d97419c-d68e-493f-bf73-d0cf148374e3",
	'2000000');
INSERT INTO V_PAR
	VALUES ("2d97419c-d68e-493f-bf73-d0cf148374e3",
	"00000000-0000-0000-0000-000000000000",
	"d04dd2f3-6587-451d-8fcd-bda3633ad0fe",
	'microseconds',
	"52edc0ed-a192-4aff-b9e6-f56cf18c7568",
	5,
	33);
INSERT INTO V_VAL
	VALUES ("52edc0ed-a192-4aff-b9e6-f56cf18c7568",
	0,
	0,
	5,
	65,
	76,
	0,
	0,
	0,
	0,
	"ba5eda7a-def5-0000-0000-00000000000a",
	"f024e975-ea9b-412b-ac5c-299c29c8d853");
INSERT INTO V_TVL
	VALUES ("52edc0ed-a192-4aff-b9e6-f56cf18c7568",
	"9aebe4a7-5240-4ee0-8203-d596ff306f4b");
INSERT INTO V_PAR
	VALUES ("52edc0ed-a192-4aff-b9e6-f56cf18c7568",
	"00000000-0000-0000-0000-000000000000",
	"d04dd2f3-6587-451d-8fcd-bda3633ad0fe",
	'event_inst',
	"00000000-0000-0000-0000-000000000000",
	5,
	54);
INSERT INTO V_VAR
	VALUES ("9aebe4a7-5240-4ee0-8203-d596ff306f4b",
	"f024e975-ea9b-412b-ac5c-299c29c8d853",
	'release_door',
	1,
	"ba5eda7a-def5-0000-0000-00000000000a");
INSERT INTO V_TRN
	VALUES ("9aebe4a7-5240-4ee0-8203-d596ff306f4b",
	"00000000-0000-0000-0000-000000000000",
	'');
INSERT INTO V_LOC
	VALUES ("d9e7796f-fc6c-483e-893a-ef6ba40ad83a",
	4,
	26,
	37,
	"9aebe4a7-5240-4ee0-8203-d596ff306f4b");
INSERT INTO V_LOC
	VALUES ("482053c1-394c-4d66-a3e6-6edf76886779",
	5,
	65,
	76,
	"9aebe4a7-5240-4ee0-8203-d596ff306f4b");
INSERT INTO V_VAR
	VALUES ("68bc2b6f-6558-4e16-9027-d01f63bcc1d6",
	"f024e975-ea9b-412b-ac5c-299c29c8d853",
	'step1_timer',
	1,
	"ba5eda7a-def5-0000-0000-00000000000f");
INSERT INTO V_TRN
	VALUES ("68bc2b6f-6558-4e16-9027-d01f63bcc1d6",
	"00000000-0000-0000-0000-000000000000",
	'');
INSERT INTO V_LOC
	VALUES ("209abf60-54b6-4f59-8a53-10362d83f745",
	5,
	4,
	14,
	"68bc2b6f-6558-4e16-9027-d01f63bcc1d6");
INSERT INTO ACT_BLK
	VALUES ("ef70cb74-534c-4de5-9bf2-999f241a0e58",
	0,
	0,
	0,
	'TIM',
	'',
	'',
	12,
	4,
	12,
	17,
	0,
	0,
	0,
	0,
	0,
	0,
	0,
	0,
	0,
	"1c2b69ac-bbba-4e30-9fb8-df931ae88254",
	"00000000-0000-0000-0000-000000000000");
INSERT INTO ACT_SMT
	VALUES ("e2d692b7-0cec-4178-988e-ac54299e0ef2",
	"ef70cb74-534c-4de5-9bf2-999f241a0e58",
	"75a8916a-ef70-4aef-80c9-78cded69a2a8",
	11,
	4,
	'Test Sequences::Performing Test Sequence 1 line: 11');
INSERT INTO E_ESS
	VALUES ("e2d692b7-0cec-4178-988e-ac54299e0ef2",
	1,
	0,
	11,
	41,
	11,
	48,
	0,
	0,
	0,
	0,
	0,
	0);
INSERT INTO E_CES
	VALUES ("e2d692b7-0cec-4178-988e-ac54299e0ef2",
	1,
	"e883377a-fc61-4717-a28d-179c1714cba2");
INSERT INTO E_CSME
	VALUES ("e2d692b7-0cec-4178-988e-ac54299e0ef2",
	"6358e0ea-c97e-49f9-806f-277e239ee029");
INSERT INTO E_CEI
	VALUES ("e2d692b7-0cec-4178-988e-ac54299e0ef2",
	"d9e3c083-eddc-4465-ba0a-f1d5a391f6ac");
INSERT INTO ACT_SMT
	VALUES ("75a8916a-ef70-4aef-80c9-78cded69a2a8",
	"ef70cb74-534c-4de5-9bf2-999f241a0e58",
	"00000000-0000-0000-0000-000000000000",
	12,
	4,
	'Test Sequences::Performing Test Sequence 1 line: 12');
INSERT INTO ACT_AI
	VALUES ("75a8916a-ef70-4aef-80c9-78cded69a2a8",
	"c333d442-a6df-4cbd-bd67-de72ce75995b",
	"ff063f9c-2f6c-4fff-a616-f63a46eeba74",
	0,
	0);
INSERT INTO V_VAL
	VALUES ("ff063f9c-2f6c-4fff-a616-f63a46eeba74",
	1,
	1,
	12,
	4,
	14,
	0,
	0,
	0,
	0,
	"ba5eda7a-def5-0000-0000-00000000000f",
	"ef70cb74-534c-4de5-9bf2-999f241a0e58");
INSERT INTO V_TVL
	VALUES ("ff063f9c-2f6c-4fff-a616-f63a46eeba74",
	"d408571a-cdd0-4cf6-b4f7-e364c55278f2");
INSERT INTO V_VAL
	VALUES ("c333d442-a6df-4cbd-bd67-de72ce75995b",
	0,
	0,
	12,
	22,
	-1,
	12,
	34,
	12,
	55,
	"ba5eda7a-def5-0000-0000-00000000000f",
	"ef70cb74-534c-4de5-9bf2-999f241a0e58");
INSERT INTO V_BRV
	VALUES ("c333d442-a6df-4cbd-bd67-de72ce75995b",
	"03a46075-6e6b-44a0-9203-72f9ef1b94a2",
	1,
	12,
	17);
INSERT INTO V_VAL
	VALUES ("9f714840-06e3-4525-a909-a8fa8467514f",
	0,
	0,
	12,
	47,
	53,
	0,
	0,
	0,
	0,
	"ba5eda7a-def5-0000-0000-000000000002",
	"ef70cb74-534c-4de5-9bf2-999f241a0e58");
INSERT INTO V_LIN
	VALUES ("9f714840-06e3-4525-a909-a8fa8467514f",
	'3000000');
INSERT INTO V_PAR
	VALUES ("9f714840-06e3-4525-a909-a8fa8467514f",
	"00000000-0000-0000-0000-000000000000",
	"c333d442-a6df-4cbd-bd67-de72ce75995b",
	'microseconds',
	"8fcbf060-40f9-4178-84d7-edf85bbbf3bb",
	12,
	34);
INSERT INTO V_VAL
	VALUES ("8fcbf060-40f9-4178-84d7-edf85bbbf3bb",
	0,
	0,
	12,
	66,
	76,
	0,
	0,
	0,
	0,
	"ba5eda7a-def5-0000-0000-00000000000a",
	"ef70cb74-534c-4de5-9bf2-999f241a0e58");
INSERT INTO V_TVL
	VALUES ("8fcbf060-40f9-4178-84d7-edf85bbbf3bb",
	"e883377a-fc61-4717-a28d-179c1714cba2");
INSERT INTO V_PAR
	VALUES ("8fcbf060-40f9-4178-84d7-edf85bbbf3bb",
	"00000000-0000-0000-0000-000000000000",
	"c333d442-a6df-4cbd-bd67-de72ce75995b",
	'event_inst',
	"00000000-0000-0000-0000-000000000000",
	12,
	55);
INSERT INTO V_VAR
	VALUES ("e883377a-fc61-4717-a28d-179c1714cba2",
	"ef70cb74-534c-4de5-9bf2-999f241a0e58",
	'lower_power',
	1,
	"ba5eda7a-def5-0000-0000-00000000000a");
INSERT INTO V_TRN
	VALUES ("e883377a-fc61-4717-a28d-179c1714cba2",
	"00000000-0000-0000-0000-000000000000",
	'');
INSERT INTO V_LOC
	VALUES ("1f558377-ded9-44c1-a644-8cdc61fd202f",
	11,
	26,
	36,
	"e883377a-fc61-4717-a28d-179c1714cba2");
INSERT INTO V_LOC
	VALUES ("d1f0c02b-f40e-47e5-b0ec-89314852ec9d",
	12,
	66,
	76,
	"e883377a-fc61-4717-a28d-179c1714cba2");
INSERT INTO V_VAR
	VALUES ("d408571a-cdd0-4cf6-b4f7-e364c55278f2",
	"ef70cb74-534c-4de5-9bf2-999f241a0e58",
	'step2_timer',
	1,
	"ba5eda7a-def5-0000-0000-00000000000f");
INSERT INTO V_TRN
	VALUES ("d408571a-cdd0-4cf6-b4f7-e364c55278f2",
	"00000000-0000-0000-0000-000000000000",
	'');
INSERT INTO V_LOC
	VALUES ("424635fa-073f-4101-97e7-0069f06d5331",
	12,
	4,
	14,
	"d408571a-cdd0-4cf6-b4f7-e364c55278f2");
INSERT INTO ACT_BLK
	VALUES ("7867a5e9-8c47-40e3-ad49-c4e17c502940",
	0,
	0,
	0,
	'TIM',
	'',
	'',
	19,
	4,
	19,
	17,
	0,
	0,
	0,
	0,
	0,
	0,
	0,
	0,
	0,
	"1c2b69ac-bbba-4e30-9fb8-df931ae88254",
	"00000000-0000-0000-0000-000000000000");
INSERT INTO ACT_SMT
	VALUES ("ea9c97b9-7e83-49ba-b0ab-3fab87e5c936",
	"7867a5e9-8c47-40e3-ad49-c4e17c502940",
	"21ba37bf-fcdf-4fb3-9926-6e7af0f05400",
	18,
	4,
	'Test Sequences::Performing Test Sequence 1 line: 18');
INSERT INTO E_ESS
	VALUES ("ea9c97b9-7e83-49ba-b0ab-3fab87e5c936",
	1,
	0,
	18,
	40,
	18,
	46,
	0,
	0,
	0,
	0,
	0,
	0);
INSERT INTO E_CES
	VALUES ("ea9c97b9-7e83-49ba-b0ab-3fab87e5c936",
	1,
	"193edc8b-8db5-4caf-98b2-947a8d37672b");
INSERT INTO E_CSME
	VALUES ("ea9c97b9-7e83-49ba-b0ab-3fab87e5c936",
	"13d303e7-37dc-42d2-84a8-b9cc6b41ed37");
INSERT INTO E_CEI
	VALUES ("ea9c97b9-7e83-49ba-b0ab-3fab87e5c936",
	"56428052-1972-4861-8191-45ac715b9660");
INSERT INTO ACT_SMT
	VALUES ("21ba37bf-fcdf-4fb3-9926-6e7af0f05400",
	"7867a5e9-8c47-40e3-ad49-c4e17c502940",
	"00000000-0000-0000-0000-000000000000",
	19,
	4,
	'Test Sequences::Performing Test Sequence 1 line: 19');
INSERT INTO ACT_AI
	VALUES ("21ba37bf-fcdf-4fb3-9926-6e7af0f05400",
	"dd55f39b-4be5-4667-97e2-7c04aa8fa6ce",
	"03b7daeb-dd3a-4aa3-9914-04ff85654469",
	0,
	0);
INSERT INTO V_VAL
	VALUES ("03b7daeb-dd3a-4aa3-9914-04ff85654469",
	1,
	1,
	19,
	4,
	14,
	0,
	0,
	0,
	0,
	"ba5eda7a-def5-0000-0000-00000000000f",
	"7867a5e9-8c47-40e3-ad49-c4e17c502940");
INSERT INTO V_TVL
	VALUES ("03b7daeb-dd3a-4aa3-9914-04ff85654469",
	"78abb36c-011a-4fa1-8960-e3c9c1aa9717");
INSERT INTO V_VAL
	VALUES ("dd55f39b-4be5-4667-97e2-7c04aa8fa6ce",
	0,
	0,
	19,
	22,
	-1,
	19,
	34,
	19,
	55,
	"ba5eda7a-def5-0000-0000-00000000000f",
	"7867a5e9-8c47-40e3-ad49-c4e17c502940");
INSERT INTO V_BRV
	VALUES ("dd55f39b-4be5-4667-97e2-7c04aa8fa6ce",
	"03a46075-6e6b-44a0-9203-72f9ef1b94a2",
	1,
	19,
	17);
INSERT INTO V_VAL
	VALUES ("bf96de32-2d35-4508-a5cb-4a4ad224fcf7",
	0,
	0,
	19,
	47,
	53,
	0,
	0,
	0,
	0,
	"ba5eda7a-def5-0000-0000-000000000002",
	"7867a5e9-8c47-40e3-ad49-c4e17c502940");
INSERT INTO V_LIN
	VALUES ("bf96de32-2d35-4508-a5cb-4a4ad224fcf7",
	'4000000');
INSERT INTO V_PAR
	VALUES ("bf96de32-2d35-4508-a5cb-4a4ad224fcf7",
	"00000000-0000-0000-0000-000000000000",
	"dd55f39b-4be5-4667-97e2-7c04aa8fa6ce",
	'microseconds',
	"a70f4a00-a330-410e-8245-a37a808cd244",
	19,
	34);
INSERT INTO V_VAL
	VALUES ("a70f4a00-a330-410e-8245-a37a808cd244",
	0,
	0,
	19,
	66,
	75,
	0,
	0,
	0,
	0,
	"ba5eda7a-def5-0000-0000-00000000000a",
	"7867a5e9-8c47-40e3-ad49-c4e17c502940");
INSERT INTO V_TVL
	VALUES ("a70f4a00-a330-410e-8245-a37a808cd244",
	"193edc8b-8db5-4caf-98b2-947a8d37672b");
INSERT INTO V_PAR
	VALUES ("a70f4a00-a330-410e-8245-a37a808cd244",
	"00000000-0000-0000-0000-000000000000",
	"dd55f39b-4be5-4667-97e2-7c04aa8fa6ce",
	'event_inst',
	"00000000-0000-0000-0000-000000000000",
	19,
	55);
INSERT INTO V_VAR
	VALUES ("193edc8b-8db5-4caf-98b2-947a8d37672b",
	"7867a5e9-8c47-40e3-ad49-c4e17c502940",
	'close_door',
	1,
	"ba5eda7a-def5-0000-0000-00000000000a");
INSERT INTO V_TRN
	VALUES ("193edc8b-8db5-4caf-98b2-947a8d37672b",
	"00000000-0000-0000-0000-000000000000",
	'');
INSERT INTO V_LOC
	VALUES ("02f6eb6a-61a3-4b2e-a876-8db1b5ff061f",
	18,
	26,
	35,
	"193edc8b-8db5-4caf-98b2-947a8d37672b");
INSERT INTO V_LOC
	VALUES ("0166b8d7-cd0d-4a88-a73b-c2dad18d2819",
	19,
	66,
	75,
	"193edc8b-8db5-4caf-98b2-947a8d37672b");
INSERT INTO V_VAR
	VALUES ("78abb36c-011a-4fa1-8960-e3c9c1aa9717",
	"7867a5e9-8c47-40e3-ad49-c4e17c502940",
	'step3_timer',
	1,
	"ba5eda7a-def5-0000-0000-00000000000f");
INSERT INTO V_TRN
	VALUES ("78abb36c-011a-4fa1-8960-e3c9c1aa9717",
	"00000000-0000-0000-0000-000000000000",
	'');
INSERT INTO V_LOC
	VALUES ("6a75a6f2-c016-4fc4-82eb-f1546f1cbd69",
	19,
	4,
	14,
	"78abb36c-011a-4fa1-8960-e3c9c1aa9717");
INSERT INTO ACT_BLK
	VALUES ("b4be9bc4-e726-40ee-b4ea-34b3a74226d5",
	0,
	0,
	0,
	'TIM',
	'period',
	'period',
	28,
	4,
	28,
	18,
	0,
	0,
	0,
	0,
	0,
	0,
	0,
	0,
	0,
	"1c2b69ac-bbba-4e30-9fb8-df931ae88254",
	"00000000-0000-0000-0000-000000000000");
INSERT INTO ACT_SMT
	VALUES ("3356068e-015c-416b-a1f1-86901bdd0eff",
	"b4be9bc4-e726-40ee-b4ea-34b3a74226d5",
	"15f782af-8cc9-4233-bab9-785b2c8c5971",
	25,
	4,
	'Test Sequences::Performing Test Sequence 1 line: 25');
INSERT INTO E_ESS
	VALUES ("3356068e-015c-416b-a1f1-86901bdd0eff",
	1,
	0,
	25,
	42,
	25,
	48,
	0,
	0,
	25,
	65,
	0,
	0);
INSERT INTO V_PAR
	VALUES ("10a3e792-c58f-4ec6-9512-776bc84c48d3",
	"3356068e-015c-416b-a1f1-86901bdd0eff",
	"00000000-0000-0000-0000-000000000000",
	'period',
	"00000000-0000-0000-0000-000000000000",
	25,
	65);
INSERT INTO E_CES
	VALUES ("3356068e-015c-416b-a1f1-86901bdd0eff",
	1,
	"613131af-b3dd-48ba-8527-04cd3b78c60f");
INSERT INTO E_CSME
	VALUES ("3356068e-015c-416b-a1f1-86901bdd0eff",
	"b6b69bca-fa1c-40c8-9dc8-8f391c5c2b53");
INSERT INTO E_CEI
	VALUES ("3356068e-015c-416b-a1f1-86901bdd0eff",
	"ba27c590-aa67-4ae4-8a82-99609f8d074c");
INSERT INTO ACT_SMT
	VALUES ("15f782af-8cc9-4233-bab9-785b2c8c5971",
	"b4be9bc4-e726-40ee-b4ea-34b3a74226d5",
	"adbec1cd-2cfd-48bd-bf80-5b953b6176d8",
	26,
	4,
	'Test Sequences::Performing Test Sequence 1 line: 26');
INSERT INTO ACT_AI
	VALUES ("15f782af-8cc9-4233-bab9-785b2c8c5971",
	"c75eda2f-d711-4246-b777-c3c5fae82f6e",
	"a4aeb26e-39a8-4e4f-8820-ca152daaa56d",
	0,
	0);
INSERT INTO ACT_SMT
	VALUES ("adbec1cd-2cfd-48bd-bf80-5b953b6176d8",
	"b4be9bc4-e726-40ee-b4ea-34b3a74226d5",
	"4f055a43-70e8-47b8-9d6e-cc3b90a2082e",
	27,
	4,
	'Test Sequences::Performing Test Sequence 1 line: 27');
INSERT INTO E_ESS
	VALUES ("adbec1cd-2cfd-48bd-bf80-5b953b6176d8",
	1,
	0,
	27,
	35,
	27,
	41,
	26,
	18,
	0,
	0,
	0,
	0);
INSERT INTO E_CES
	VALUES ("adbec1cd-2cfd-48bd-bf80-5b953b6176d8",
	1,
	"8ac4351a-37bd-44d9-8d01-d90c1a3a8f8f");
INSERT INTO E_CSME
	VALUES ("adbec1cd-2cfd-48bd-bf80-5b953b6176d8",
	"de042e27-ffe4-44b4-a05f-a2287cc296c7");
INSERT INTO E_CEI
	VALUES ("adbec1cd-2cfd-48bd-bf80-5b953b6176d8",
	"ba27c590-aa67-4ae4-8a82-99609f8d074c");
INSERT INTO ACT_SMT
	VALUES ("4f055a43-70e8-47b8-9d6e-cc3b90a2082e",
	"b4be9bc4-e726-40ee-b4ea-34b3a74226d5",
	"00000000-0000-0000-0000-000000000000",
	28,
	4,
	'Test Sequences::Performing Test Sequence 1 line: 28');
INSERT INTO ACT_AI
	VALUES ("4f055a43-70e8-47b8-9d6e-cc3b90a2082e",
	"649d7558-c1f3-43f6-bbf0-a65c4e865aa5",
	"58191c80-3e30-4397-beba-9654400da2f8",
	0,
	0);
INSERT INTO V_VAL
	VALUES ("10a3e792-c58f-4ec6-9512-776bc84c48d3",
	0,
	0,
	25,
	72,
	79,
	0,
	0,
	0,
	0,
	"ba5eda7a-def5-0000-0000-000000000002",
	"b4be9bc4-e726-40ee-b4ea-34b3a74226d5");
INSERT INTO V_LIN
	VALUES ("10a3e792-c58f-4ec6-9512-776bc84c48d3",
	'10000000');
INSERT INTO V_VAL
	VALUES ("a4aeb26e-39a8-4e4f-8820-ca152daaa56d",
	1,
	1,
	26,
	4,
	15,
	0,
	0,
	0,
	0,
	"ba5eda7a-def5-0000-0000-00000000000f",
	"b4be9bc4-e726-40ee-b4ea-34b3a74226d5");
INSERT INTO V_TVL
	VALUES ("a4aeb26e-39a8-4e4f-8820-ca152daaa56d",
	"f490f939-9e8b-44b1-b50d-9840045030d7");
INSERT INTO V_VAL
	VALUES ("c75eda2f-d711-4246-b777-c3c5fae82f6e",
	0,
	0,
	26,
	23,
	-1,
	26,
	35,
	26,
	56,
	"ba5eda7a-def5-0000-0000-00000000000f",
	"b4be9bc4-e726-40ee-b4ea-34b3a74226d5");
INSERT INTO V_BRV
	VALUES ("c75eda2f-d711-4246-b777-c3c5fae82f6e",
	"03a46075-6e6b-44a0-9203-72f9ef1b94a2",
	1,
	26,
	18);
INSERT INTO V_VAL
	VALUES ("251d99fd-6436-4ca0-baa0-a4d00059040d",
	0,
	0,
	26,
	48,
	54,
	0,
	0,
	0,
	0,
	"ba5eda7a-def5-0000-0000-000000000002",
	"b4be9bc4-e726-40ee-b4ea-34b3a74226d5");
INSERT INTO V_LIN
	VALUES ("251d99fd-6436-4ca0-baa0-a4d00059040d",
	'5000000');
INSERT INTO V_PAR
	VALUES ("251d99fd-6436-4ca0-baa0-a4d00059040d",
	"00000000-0000-0000-0000-000000000000",
	"c75eda2f-d711-4246-b777-c3c5fae82f6e",
	'microseconds',
	"4c37cc64-0eaa-4f9d-baad-2f02fef027ad",
	26,
	35);
INSERT INTO V_VAL
	VALUES ("4c37cc64-0eaa-4f9d-baad-2f02fef027ad",
	0,
	0,
	26,
	67,
	78,
	0,
	0,
	0,
	0,
	"ba5eda7a-def5-0000-0000-00000000000a",
	"b4be9bc4-e726-40ee-b4ea-34b3a74226d5");
INSERT INTO V_TVL
	VALUES ("4c37cc64-0eaa-4f9d-baad-2f02fef027ad",
	"613131af-b3dd-48ba-8527-04cd3b78c60f");
INSERT INTO V_PAR
	VALUES ("4c37cc64-0eaa-4f9d-baad-2f02fef027ad",
	"00000000-0000-0000-0000-000000000000",
	"c75eda2f-d711-4246-b777-c3c5fae82f6e",
	'event_inst',
	"00000000-0000-0000-0000-000000000000",
	26,
	56);
INSERT INTO V_VAL
	VALUES ("58191c80-3e30-4397-beba-9654400da2f8",
	1,
	1,
	28,
	4,
	15,
	0,
	0,
	0,
	0,
	"ba5eda7a-def5-0000-0000-00000000000f",
	"b4be9bc4-e726-40ee-b4ea-34b3a74226d5");
INSERT INTO V_TVL
	VALUES ("58191c80-3e30-4397-beba-9654400da2f8",
	"8c6133ad-8fe7-4b4b-8344-8d106c26e6f6");
INSERT INTO V_VAL
	VALUES ("649d7558-c1f3-43f6-bbf0-a65c4e865aa5",
	0,
	0,
	28,
	23,
	-1,
	28,
	35,
	28,
	56,
	"ba5eda7a-def5-0000-0000-00000000000f",
	"b4be9bc4-e726-40ee-b4ea-34b3a74226d5");
INSERT INTO V_BRV
	VALUES ("649d7558-c1f3-43f6-bbf0-a65c4e865aa5",
	"03a46075-6e6b-44a0-9203-72f9ef1b94a2",
	1,
	28,
	18);
INSERT INTO V_VAL
	VALUES ("97abee80-4737-44ca-9958-21239ce7a099",
	0,
	0,
	28,
	48,
	54,
	0,
	0,
	0,
	0,
	"ba5eda7a-def5-0000-0000-000000000002",
	"b4be9bc4-e726-40ee-b4ea-34b3a74226d5");
INSERT INTO V_LIN
	VALUES ("97abee80-4737-44ca-9958-21239ce7a099",
	'5000001');
INSERT INTO V_PAR
	VALUES ("97abee80-4737-44ca-9958-21239ce7a099",
	"00000000-0000-0000-0000-000000000000",
	"649d7558-c1f3-43f6-bbf0-a65c4e865aa5",
	'microseconds',
	"937b3ee8-46a9-418f-a4a5-9d3d487fe067",
	28,
	35);
INSERT INTO V_VAL
	VALUES ("937b3ee8-46a9-418f-a4a5-9d3d487fe067",
	0,
	0,
	28,
	67,
	71,
	0,
	0,
	0,
	0,
	"ba5eda7a-def5-0000-0000-00000000000a",
	"b4be9bc4-e726-40ee-b4ea-34b3a74226d5");
INSERT INTO V_TVL
	VALUES ("937b3ee8-46a9-418f-a4a5-9d3d487fe067",
	"8ac4351a-37bd-44d9-8d01-d90c1a3a8f8f");
INSERT INTO V_PAR
	VALUES ("937b3ee8-46a9-418f-a4a5-9d3d487fe067",
	"00000000-0000-0000-0000-000000000000",
	"649d7558-c1f3-43f6-bbf0-a65c4e865aa5",
	'event_inst',
	"00000000-0000-0000-0000-000000000000",
	28,
	56);
INSERT INTO V_VAR
	VALUES ("613131af-b3dd-48ba-8527-04cd3b78c60f",
	"b4be9bc4-e726-40ee-b4ea-34b3a74226d5",
	'cooking_time',
	1,
	"ba5eda7a-def5-0000-0000-00000000000a");
INSERT INTO V_TRN
	VALUES ("613131af-b3dd-48ba-8527-04cd3b78c60f",
	"00000000-0000-0000-0000-000000000000",
	'');
INSERT INTO V_LOC
	VALUES ("39c25722-b122-408e-be05-f0e3eb795987",
	25,
	26,
	37,
	"613131af-b3dd-48ba-8527-04cd3b78c60f");
INSERT INTO V_LOC
	VALUES ("63e59214-dec4-440e-8cb9-d829b3a66343",
	26,
	67,
	78,
	"613131af-b3dd-48ba-8527-04cd3b78c60f");
INSERT INTO V_VAR
	VALUES ("f490f939-9e8b-44b1-b50d-9840045030d7",
	"b4be9bc4-e726-40ee-b4ea-34b3a74226d5",
	'step4a_timer',
	1,
	"ba5eda7a-def5-0000-0000-00000000000f");
INSERT INTO V_TRN
	VALUES ("f490f939-9e8b-44b1-b50d-9840045030d7",
	"00000000-0000-0000-0000-000000000000",
	'');
INSERT INTO V_LOC
	VALUES ("56197681-59bc-4df4-9177-f3eaf175da16",
	26,
	4,
	15,
	"f490f939-9e8b-44b1-b50d-9840045030d7");
INSERT INTO V_VAR
	VALUES ("8ac4351a-37bd-44d9-8d01-d90c1a3a8f8f",
	"b4be9bc4-e726-40ee-b4ea-34b3a74226d5",
	'start',
	1,
	"ba5eda7a-def5-0000-0000-00000000000a");
INSERT INTO V_TRN
	VALUES ("8ac4351a-37bd-44d9-8d01-d90c1a3a8f8f",
	"00000000-0000-0000-0000-000000000000",
	'');
INSERT INTO V_LOC
	VALUES ("16795140-617b-4a28-9027-c5318002d468",
	27,
	26,
	30,
	"8ac4351a-37bd-44d9-8d01-d90c1a3a8f8f");
INSERT INTO V_LOC
	VALUES ("20b28679-23e4-4811-94c7-fc03003d5330",
	28,
	67,
	71,
	"8ac4351a-37bd-44d9-8d01-d90c1a3a8f8f");
INSERT INTO V_VAR
	VALUES ("8c6133ad-8fe7-4b4b-8344-8d106c26e6f6",
	"b4be9bc4-e726-40ee-b4ea-34b3a74226d5",
	'step4b_timer',
	1,
	"ba5eda7a-def5-0000-0000-00000000000f");
INSERT INTO V_TRN
	VALUES ("8c6133ad-8fe7-4b4b-8344-8d106c26e6f6",
	"00000000-0000-0000-0000-000000000000",
	'');
INSERT INTO V_LOC
	VALUES ("776290b9-4647-4542-b5d5-fbca4efdd898",
	28,
	4,
	15,
	"8c6133ad-8fe7-4b4b-8344-8d106c26e6f6");
INSERT INTO ACT_BLK
	VALUES ("986781d0-8a81-4c9b-9dba-98f3e1c317c1",
	0,
	0,
	0,
	'TIM',
	'',
	'',
	35,
	4,
	35,
	17,
	0,
	0,
	0,
	0,
	0,
	0,
	0,
	0,
	0,
	"1c2b69ac-bbba-4e30-9fb8-df931ae88254",
	"00000000-0000-0000-0000-000000000000");
INSERT INTO ACT_SMT
	VALUES ("9ed79a48-e8e4-49fd-a232-5925a9cf12d0",
	"986781d0-8a81-4c9b-9dba-98f3e1c317c1",
	"fc9ecadf-9c5c-467f-93fa-9df9378e7ad3",
	34,
	4,
	'Test Sequences::Performing Test Sequence 1 line: 34');
INSERT INTO E_ESS
	VALUES ("9ed79a48-e8e4-49fd-a232-5925a9cf12d0",
	1,
	0,
	34,
	42,
	34,
	48,
	0,
	0,
	0,
	0,
	0,
	0);
INSERT INTO E_CES
	VALUES ("9ed79a48-e8e4-49fd-a232-5925a9cf12d0",
	1,
	"9cfbf5ab-eaa3-4d96-b972-489871ab0976");
INSERT INTO E_CSME
	VALUES ("9ed79a48-e8e4-49fd-a232-5925a9cf12d0",
	"559344ec-3d0c-4393-9601-3b709b6fe894");
INSERT INTO E_CEI
	VALUES ("9ed79a48-e8e4-49fd-a232-5925a9cf12d0",
	"56428052-1972-4861-8191-45ac715b9660");
INSERT INTO ACT_SMT
	VALUES ("fc9ecadf-9c5c-467f-93fa-9df9378e7ad3",
	"986781d0-8a81-4c9b-9dba-98f3e1c317c1",
	"00000000-0000-0000-0000-000000000000",
	35,
	4,
	'Test Sequences::Performing Test Sequence 1 line: 35');
INSERT INTO ACT_AI
	VALUES ("fc9ecadf-9c5c-467f-93fa-9df9378e7ad3",
	"5ee28064-2c31-46e1-8fa5-646962e103cb",
	"2b5c49c8-e6c8-4869-b135-52ec3717e2fb",
	0,
	0);
INSERT INTO V_VAL
	VALUES ("2b5c49c8-e6c8-4869-b135-52ec3717e2fb",
	1,
	1,
	35,
	4,
	14,
	0,
	0,
	0,
	0,
	"ba5eda7a-def5-0000-0000-00000000000f",
	"986781d0-8a81-4c9b-9dba-98f3e1c317c1");
INSERT INTO V_TVL
	VALUES ("2b5c49c8-e6c8-4869-b135-52ec3717e2fb",
	"0d09ee7d-8d53-4b5a-ae71-d3a75bd18d1b");
INSERT INTO V_VAL
	VALUES ("5ee28064-2c31-46e1-8fa5-646962e103cb",
	0,
	0,
	35,
	22,
	-1,
	35,
	34,
	35,
	56,
	"ba5eda7a-def5-0000-0000-00000000000f",
	"986781d0-8a81-4c9b-9dba-98f3e1c317c1");
INSERT INTO V_BRV
	VALUES ("5ee28064-2c31-46e1-8fa5-646962e103cb",
	"03a46075-6e6b-44a0-9203-72f9ef1b94a2",
	1,
	35,
	17);
INSERT INTO V_VAL
	VALUES ("7fa67d20-c072-4e62-8910-9babc9a634f3",
	0,
	0,
	35,
	47,
	54,
	0,
	0,
	0,
	0,
	"ba5eda7a-def5-0000-0000-000000000002",
	"986781d0-8a81-4c9b-9dba-98f3e1c317c1");
INSERT INTO V_LIN
	VALUES ("7fa67d20-c072-4e62-8910-9babc9a634f3",
	'15000000');
INSERT INTO V_PAR
	VALUES ("7fa67d20-c072-4e62-8910-9babc9a634f3",
	"00000000-0000-0000-0000-000000000000",
	"5ee28064-2c31-46e1-8fa5-646962e103cb",
	'microseconds',
	"a607d45d-dbd7-4034-92f2-9739cfd67bd6",
	35,
	34);
INSERT INTO V_VAL
	VALUES ("a607d45d-dbd7-4034-92f2-9739cfd67bd6",
	0,
	0,
	35,
	67,
	78,
	0,
	0,
	0,
	0,
	"ba5eda7a-def5-0000-0000-00000000000a",
	"986781d0-8a81-4c9b-9dba-98f3e1c317c1");
INSERT INTO V_TVL
	VALUES ("a607d45d-dbd7-4034-92f2-9739cfd67bd6",
	"9cfbf5ab-eaa3-4d96-b972-489871ab0976");
INSERT INTO V_PAR
	VALUES ("a607d45d-dbd7-4034-92f2-9739cfd67bd6",
	"00000000-0000-0000-0000-000000000000",
	"5ee28064-2c31-46e1-8fa5-646962e103cb",
	'event_inst',
	"00000000-0000-0000-0000-000000000000",
	35,
	56);
INSERT INTO V_VAR
	VALUES ("9cfbf5ab-eaa3-4d96-b972-489871ab0976",
	"986781d0-8a81-4c9b-9dba-98f3e1c317c1",
	'release_door',
	1,
	"ba5eda7a-def5-0000-0000-00000000000a");
INSERT INTO V_TRN
	VALUES ("9cfbf5ab-eaa3-4d96-b972-489871ab0976",
	"00000000-0000-0000-0000-000000000000",
	'');
INSERT INTO V_LOC
	VALUES ("9446e199-7406-4fc9-892e-eabd98fb015a",
	34,
	26,
	37,
	"9cfbf5ab-eaa3-4d96-b972-489871ab0976");
INSERT INTO V_LOC
	VALUES ("be5d6dbd-2391-482c-abd6-ee7f9b70cced",
	35,
	67,
	78,
	"9cfbf5ab-eaa3-4d96-b972-489871ab0976");
INSERT INTO V_VAR
	VALUES ("0d09ee7d-8d53-4b5a-ae71-d3a75bd18d1b",
	"986781d0-8a81-4c9b-9dba-98f3e1c317c1",
	'step5_timer',
	1,
	"ba5eda7a-def5-0000-0000-00000000000f");
INSERT INTO V_TRN
	VALUES ("0d09ee7d-8d53-4b5a-ae71-d3a75bd18d1b",
	"00000000-0000-0000-0000-000000000000",
	'');
INSERT INTO V_LOC
	VALUES ("754e92d7-ea1b-4fe4-b7ba-4c8b3964a20d",
	35,
	4,
	14,
	"0d09ee7d-8d53-4b5a-ae71-d3a75bd18d1b");
INSERT INTO SM_STATE
	VALUES ("dcabd7b8-a70f-4e4b-b1a1-3fdd41563256",
	"2be671b0-392e-45d3-bfc1-1d93db24f0d6",
	"00000000-0000-0000-0000-000000000000",
	'Performing Test Sequence 2',
	3,
	0);
INSERT INTO SM_EIGN
	VALUES ("dcabd7b8-a70f-4e4b-b1a1-3fdd41563256",
	"646a7174-f38f-4647-bf47-dd9094500482",
	"2be671b0-392e-45d3-bfc1-1d93db24f0d6",
	"00000000-0000-0000-0000-000000000000",
	'');
INSERT INTO SM_SEME
	VALUES ("dcabd7b8-a70f-4e4b-b1a1-3fdd41563256",
	"646a7174-f38f-4647-bf47-dd9094500482",
	"2be671b0-392e-45d3-bfc1-1d93db24f0d6",
	"00000000-0000-0000-0000-000000000000");
INSERT INTO SM_EIGN
	VALUES ("dcabd7b8-a70f-4e4b-b1a1-3fdd41563256",
	"a45fd8fd-a8ad-46e0-9d2e-6270bf11aad6",
	"2be671b0-392e-45d3-bfc1-1d93db24f0d6",
	"00000000-0000-0000-0000-000000000000",
	'');
INSERT INTO SM_SEME
	VALUES ("dcabd7b8-a70f-4e4b-b1a1-3fdd41563256",
	"a45fd8fd-a8ad-46e0-9d2e-6270bf11aad6",
	"2be671b0-392e-45d3-bfc1-1d93db24f0d6",
	"00000000-0000-0000-0000-000000000000");
INSERT INTO SM_EIGN
	VALUES ("dcabd7b8-a70f-4e4b-b1a1-3fdd41563256",
	"318f162c-5156-4bab-b4d5-2dbf5160f03c",
	"2be671b0-392e-45d3-bfc1-1d93db24f0d6",
	"00000000-0000-0000-0000-000000000000",
	'');
INSERT INTO SM_SEME
	VALUES ("dcabd7b8-a70f-4e4b-b1a1-3fdd41563256",
	"318f162c-5156-4bab-b4d5-2dbf5160f03c",
	"2be671b0-392e-45d3-bfc1-1d93db24f0d6",
	"00000000-0000-0000-0000-000000000000");
INSERT INTO SM_SEME
	VALUES ("dcabd7b8-a70f-4e4b-b1a1-3fdd41563256",
	"091956c4-8fc8-44a9-8835-4f0654de3eb7",
	"2be671b0-392e-45d3-bfc1-1d93db24f0d6",
	"00000000-0000-0000-0000-000000000000");
INSERT INTO SM_MOAH
	VALUES ("851e5560-8534-47b9-8a51-1e5dbadfed57",
	"2be671b0-392e-45d3-bfc1-1d93db24f0d6",
	"dcabd7b8-a70f-4e4b-b1a1-3fdd41563256");
INSERT INTO SM_AH
	VALUES ("851e5560-8534-47b9-8a51-1e5dbadfed57",
	"2be671b0-392e-45d3-bfc1-1d93db24f0d6");
INSERT INTO SM_ACT
	VALUES ("851e5560-8534-47b9-8a51-1e5dbadfed57",
	"2be671b0-392e-45d3-bfc1-1d93db24f0d6",
	1,
	'// Step 1. At T+2000000us, open the oven door to insert dish
select any door from instances of MO_D;
if (not_empty door)
   create event instance release_door of MO_D1:''release'' to door;
   step1_timer =TIM::timer_start(microseconds:2000000,event_inst:release_door);
end if;

// Step 2. At T+4000000us, close oven door
select any door from instances of MO_D;
if (not_empty door)
   create event instance close_door of MO_D2:''close'' to door;
   step2_timer =TIM::timer_start(microseconds:4000000,event_inst:close_door);
end if;

// Step 3. At T+5000000us, assign cooking period of 15seconds and start cooking
select any oven from instances of MO_O;
if (not_empty oven)
   create event instance cooking_time of MO_O8:''cooking_period''(period:15000000) to oven;
   step3a_timer =TIM::timer_start(microseconds:5000000,event_inst:cooking_time);
   create event instance start of MO_O3:''start_cooking'' to oven;
   step3b_timer =TIM::timer_start(microseconds:5000001,event_inst:start);
end if;

// Step 4. At T+6000000us, open the oven door to inspect dish
select any door from instances of MO_D;
if (not_empty door)
   create event instance release_door of MO_D1:''release'' to door;
   step4_timer =TIM::timer_start(microseconds:6000000,event_inst:release_door);
end if;

// Step 5. At T+7000000us, lower the output power setting to Medium
select any tube from instances of MO_MT;
if (not_empty tube)
   create event instance lower_power of MO_MT2:''decrease_power'' to tube;
   step5a_timer =TIM::timer_start(microseconds:3000000,event_inst:lower_power);
   step5b_timer = TIM::timer_start(microseconds:3000001,event_inst:lower_power);
end if;

// Step 6. At T+9000000us, close oven door
select any door from instances of MO_D;
if (not_empty door)
   create event instance close_door of MO_D2:''close'' to door;
   step6_timer =TIM::timer_start(microseconds:9000000,event_inst:close_door);
end if;

// Step 7. At T+10000000us, resume cooking
select any oven from instances of MO_O;
if (not_empty oven)
   create event instance restart of MO_O3:''start_cooking'' to oven;
   step7_timer =TIM::timer_start(microseconds:10000000,event_inst:restart);
end if;


// For codegen: Testing complete.  After 30 seconds, terminate the system
// otherwise, executable will not terminate.
create event instance finished of MO_TS4:''test_seq_complete'' to self;
terminate_timer=TIM::timer_start(microseconds:30000000,event_inst:finished);

',
	'');
INSERT INTO ACT_SAB
	VALUES ("dc3c4c5e-e8f3-4c2b-8d4e-6aed9c873f3b",
	"2be671b0-392e-45d3-bfc1-1d93db24f0d6",
	"851e5560-8534-47b9-8a51-1e5dbadfed57");
INSERT INTO ACT_ACT
	VALUES ("dc3c4c5e-e8f3-4c2b-8d4e-6aed9c873f3b",
	'state',
	0,
	"393244d8-37eb-447b-856a-7ca2383a649c",
	"00000000-0000-0000-0000-000000000000",
	0,
	'Test Sequences::Performing Test Sequence 2',
	"00000000-0000-0000-0000-000000000000");
INSERT INTO ACT_BLK
	VALUES ("393244d8-37eb-447b-856a-7ca2383a649c",
	1,
	0,
	0,
	'TIM',
	'',
	'',
	57,
	1,
	57,
	17,
	0,
	0,
	0,
	0,
	0,
	0,
	0,
	0,
	0,
	"dc3c4c5e-e8f3-4c2b-8d4e-6aed9c873f3b",
	"00000000-0000-0000-0000-000000000000");
INSERT INTO ACT_SMT
	VALUES ("f8a2efec-ebcb-4e64-a20e-f9396ff37a9c",
	"393244d8-37eb-447b-856a-7ca2383a649c",
	"8f38092c-fb86-4ec5-9b9d-8363062b5604",
	2,
	1,
	'Test Sequences::Performing Test Sequence 2 line: 2');
INSERT INTO ACT_FIO
	VALUES ("f8a2efec-ebcb-4e64-a20e-f9396ff37a9c",
	"b1e034dd-3bf9-4dd0-a6e7-1115957f69df",
	1,
	'any',
	"cd4fdb55-c935-485c-af63-77515b5963d5",
	2,
	35);
INSERT INTO ACT_SMT
	VALUES ("8f38092c-fb86-4ec5-9b9d-8363062b5604",
	"393244d8-37eb-447b-856a-7ca2383a649c",
	"dc6b6ab1-eaa8-4e03-b133-b44e7bd35b4d",
	3,
	1,
	'Test Sequences::Performing Test Sequence 2 line: 3');
INSERT INTO ACT_IF
	VALUES ("8f38092c-fb86-4ec5-9b9d-8363062b5604",
	"828a55fd-e2b4-456f-b87b-f5f4b775b296",
	"79257f83-1159-4efa-b54d-c14947bc681c",
	"00000000-0000-0000-0000-000000000000",
	"00000000-0000-0000-0000-000000000000");
INSERT INTO ACT_SMT
	VALUES ("dc6b6ab1-eaa8-4e03-b133-b44e7bd35b4d",
	"393244d8-37eb-447b-856a-7ca2383a649c",
	"12ff26d5-8028-4424-926c-e3d6810b6944",
	9,
	1,
	'Test Sequences::Performing Test Sequence 2 line: 9');
INSERT INTO ACT_FIO
	VALUES ("dc6b6ab1-eaa8-4e03-b133-b44e7bd35b4d",
	"b1e034dd-3bf9-4dd0-a6e7-1115957f69df",
	0,
	'any',
	"cd4fdb55-c935-485c-af63-77515b5963d5",
	9,
	35);
INSERT INTO ACT_SMT
	VALUES ("12ff26d5-8028-4424-926c-e3d6810b6944",
	"393244d8-37eb-447b-856a-7ca2383a649c",
	"b4d72ec3-4374-495d-8445-8d1ea2a1ad43",
	10,
	1,
	'Test Sequences::Performing Test Sequence 2 line: 10');
INSERT INTO ACT_IF
	VALUES ("12ff26d5-8028-4424-926c-e3d6810b6944",
	"c178a540-6064-42f8-b6b0-ee0f1cafbcfb",
	"66e65df9-48fc-4557-b85a-829cc02b3655",
	"00000000-0000-0000-0000-000000000000",
	"00000000-0000-0000-0000-000000000000");
INSERT INTO ACT_SMT
	VALUES ("b4d72ec3-4374-495d-8445-8d1ea2a1ad43",
	"393244d8-37eb-447b-856a-7ca2383a649c",
	"847ad8b0-6e26-49e2-b7cf-657af67d1282",
	16,
	1,
	'Test Sequences::Performing Test Sequence 2 line: 16');
INSERT INTO ACT_FIO
	VALUES ("b4d72ec3-4374-495d-8445-8d1ea2a1ad43",
	"4d655ded-73f1-4958-a801-07006103f900",
	1,
	'any',
	"d41fedf9-3f2c-4216-96e0-94838ac603b1",
	16,
	35);
INSERT INTO ACT_SMT
	VALUES ("847ad8b0-6e26-49e2-b7cf-657af67d1282",
	"393244d8-37eb-447b-856a-7ca2383a649c",
	"67b125cd-9699-4696-bbe3-374ac3d5bf0a",
	17,
	1,
	'Test Sequences::Performing Test Sequence 2 line: 17');
INSERT INTO ACT_IF
	VALUES ("847ad8b0-6e26-49e2-b7cf-657af67d1282",
	"ddc3f05f-4704-4c80-8171-1d6f3a6ef281",
	"1e5d83b4-fb7f-4e97-a179-e70f44ecb454",
	"00000000-0000-0000-0000-000000000000",
	"00000000-0000-0000-0000-000000000000");
INSERT INTO ACT_SMT
	VALUES ("67b125cd-9699-4696-bbe3-374ac3d5bf0a",
	"393244d8-37eb-447b-856a-7ca2383a649c",
	"d6ed75d3-671d-4436-b140-508454ec7c1b",
	25,
	1,
	'Test Sequences::Performing Test Sequence 2 line: 25');
INSERT INTO ACT_FIO
	VALUES ("67b125cd-9699-4696-bbe3-374ac3d5bf0a",
	"b1e034dd-3bf9-4dd0-a6e7-1115957f69df",
	0,
	'any',
	"cd4fdb55-c935-485c-af63-77515b5963d5",
	25,
	35);
INSERT INTO ACT_SMT
	VALUES ("d6ed75d3-671d-4436-b140-508454ec7c1b",
	"393244d8-37eb-447b-856a-7ca2383a649c",
	"2a82e4c5-9884-49e8-8c9d-f66139380acb",
	26,
	1,
	'Test Sequences::Performing Test Sequence 2 line: 26');
INSERT INTO ACT_IF
	VALUES ("d6ed75d3-671d-4436-b140-508454ec7c1b",
	"a70c2835-75cb-4d3e-bc75-7f94faafb7e2",
	"de6101c9-b5ea-4f67-bfb0-878d9106828d",
	"00000000-0000-0000-0000-000000000000",
	"00000000-0000-0000-0000-000000000000");
INSERT INTO ACT_SMT
	VALUES ("2a82e4c5-9884-49e8-8c9d-f66139380acb",
	"393244d8-37eb-447b-856a-7ca2383a649c",
	"dd511ae1-8ea6-41f7-a79a-4925da2d3cfb",
	32,
	1,
	'Test Sequences::Performing Test Sequence 2 line: 32');
INSERT INTO ACT_FIO
	VALUES ("2a82e4c5-9884-49e8-8c9d-f66139380acb",
	"0225e76b-07c2-466d-93c0-b850b05ba8df",
	1,
	'any',
	"21726274-a60c-4843-a337-c30d3e6fd999",
	32,
	35);
INSERT INTO ACT_SMT
	VALUES ("dd511ae1-8ea6-41f7-a79a-4925da2d3cfb",
	"393244d8-37eb-447b-856a-7ca2383a649c",
	"b38210a8-bf96-438f-bc4e-f0ccd3d8b994",
	33,
	1,
	'Test Sequences::Performing Test Sequence 2 line: 33');
INSERT INTO ACT_IF
	VALUES ("dd511ae1-8ea6-41f7-a79a-4925da2d3cfb",
	"90c74ea0-e7f5-412d-93aa-cb74a1f97c2e",
	"a5578651-5d0a-43a0-b745-ccfe4b37259d",
	"00000000-0000-0000-0000-000000000000",
	"00000000-0000-0000-0000-000000000000");
INSERT INTO ACT_SMT
	VALUES ("b38210a8-bf96-438f-bc4e-f0ccd3d8b994",
	"393244d8-37eb-447b-856a-7ca2383a649c",
	"aa01a121-287d-4d2b-9cee-4d6b0ed589bf",
	40,
	1,
	'Test Sequences::Performing Test Sequence 2 line: 40');
INSERT INTO ACT_FIO
	VALUES ("b38210a8-bf96-438f-bc4e-f0ccd3d8b994",
	"b1e034dd-3bf9-4dd0-a6e7-1115957f69df",
	0,
	'any',
	"cd4fdb55-c935-485c-af63-77515b5963d5",
	40,
	35);
INSERT INTO ACT_SMT
	VALUES ("aa01a121-287d-4d2b-9cee-4d6b0ed589bf",
	"393244d8-37eb-447b-856a-7ca2383a649c",
	"74cb37b9-31f8-40da-a188-321c524fb8a2",
	41,
	1,
	'Test Sequences::Performing Test Sequence 2 line: 41');
INSERT INTO ACT_IF
	VALUES ("aa01a121-287d-4d2b-9cee-4d6b0ed589bf",
	"2ff8d3e5-5c90-41ce-a216-bd6c0d85a3bf",
	"6962bccf-96bd-4e0c-a572-0bbea7640fb1",
	"00000000-0000-0000-0000-000000000000",
	"00000000-0000-0000-0000-000000000000");
INSERT INTO ACT_SMT
	VALUES ("74cb37b9-31f8-40da-a188-321c524fb8a2",
	"393244d8-37eb-447b-856a-7ca2383a649c",
	"e5e0126c-b858-4570-a690-2a5440dc5066",
	47,
	1,
	'Test Sequences::Performing Test Sequence 2 line: 47');
INSERT INTO ACT_FIO
	VALUES ("74cb37b9-31f8-40da-a188-321c524fb8a2",
	"4d655ded-73f1-4958-a801-07006103f900",
	0,
	'any',
	"d41fedf9-3f2c-4216-96e0-94838ac603b1",
	47,
	35);
INSERT INTO ACT_SMT
	VALUES ("e5e0126c-b858-4570-a690-2a5440dc5066",
	"393244d8-37eb-447b-856a-7ca2383a649c",
	"688a0e7b-b1f4-4e08-bf19-84ea0f1384af",
	48,
	1,
	'Test Sequences::Performing Test Sequence 2 line: 48');
INSERT INTO ACT_IF
	VALUES ("e5e0126c-b858-4570-a690-2a5440dc5066",
	"688733f6-8dca-4f74-aacb-c7e7249ca302",
	"cbe091f7-439d-4eff-af23-aa71633fd7bf",
	"00000000-0000-0000-0000-000000000000",
	"00000000-0000-0000-0000-000000000000");
INSERT INTO ACT_SMT
	VALUES ("688a0e7b-b1f4-4e08-bf19-84ea0f1384af",
	"393244d8-37eb-447b-856a-7ca2383a649c",
	"c0a0955f-bfd2-4d22-9377-41ea86662cd3",
	56,
	1,
	'Test Sequences::Performing Test Sequence 2 line: 56');
INSERT INTO E_ESS
	VALUES ("688a0e7b-b1f4-4e08-bf19-84ea0f1384af",
	1,
	0,
	56,
	35,
	56,
	42,
	47,
	35,
	0,
	0,
	0,
	0);
INSERT INTO E_CES
	VALUES ("688a0e7b-b1f4-4e08-bf19-84ea0f1384af",
	1,
	"4236ea8c-4a75-45c0-9c51-182493a24625");
INSERT INTO E_CSME
	VALUES ("688a0e7b-b1f4-4e08-bf19-84ea0f1384af",
	"091956c4-8fc8-44a9-8835-4f0654de3eb7");
INSERT INTO E_CEI
	VALUES ("688a0e7b-b1f4-4e08-bf19-84ea0f1384af",
	"dbea948e-93c9-4250-ae4d-039666be3983");
INSERT INTO ACT_SMT
	VALUES ("c0a0955f-bfd2-4d22-9377-41ea86662cd3",
	"393244d8-37eb-447b-856a-7ca2383a649c",
	"00000000-0000-0000-0000-000000000000",
	57,
	1,
	'Test Sequences::Performing Test Sequence 2 line: 57');
INSERT INTO ACT_AI
	VALUES ("c0a0955f-bfd2-4d22-9377-41ea86662cd3",
	"77b05929-2387-4c39-8007-cb5b4ecd6595",
	"f4994034-4a1a-476d-8071-23ed0998b488",
	0,
	0);
INSERT INTO V_VAL
	VALUES ("0c1bba45-4962-4c9f-a328-e5bcc38072b2",
	0,
	0,
	3,
	15,
	18,
	0,
	0,
	0,
	0,
	"ba5eda7a-def5-0000-0000-000000000008",
	"393244d8-37eb-447b-856a-7ca2383a649c");
INSERT INTO V_IRF
	VALUES ("0c1bba45-4962-4c9f-a328-e5bcc38072b2",
	"b1e034dd-3bf9-4dd0-a6e7-1115957f69df");
INSERT INTO V_VAL
	VALUES ("79257f83-1159-4efa-b54d-c14947bc681c",
	0,
	0,
	-1,
	-1,
	-1,
	0,
	0,
	0,
	0,
	"ba5eda7a-def5-0000-0000-000000000001",
	"393244d8-37eb-447b-856a-7ca2383a649c");
INSERT INTO V_UNY
	VALUES ("79257f83-1159-4efa-b54d-c14947bc681c",
	"0c1bba45-4962-4c9f-a328-e5bcc38072b2",
	'not_empty');
INSERT INTO V_VAL
	VALUES ("9209026d-d40f-4377-a39d-020493d02f3f",
	0,
	0,
	10,
	15,
	18,
	0,
	0,
	0,
	0,
	"ba5eda7a-def5-0000-0000-000000000008",
	"393244d8-37eb-447b-856a-7ca2383a649c");
INSERT INTO V_IRF
	VALUES ("9209026d-d40f-4377-a39d-020493d02f3f",
	"b1e034dd-3bf9-4dd0-a6e7-1115957f69df");
INSERT INTO V_VAL
	VALUES ("66e65df9-48fc-4557-b85a-829cc02b3655",
	0,
	0,
	-1,
	-1,
	-1,
	0,
	0,
	0,
	0,
	"ba5eda7a-def5-0000-0000-000000000001",
	"393244d8-37eb-447b-856a-7ca2383a649c");
INSERT INTO V_UNY
	VALUES ("66e65df9-48fc-4557-b85a-829cc02b3655",
	"9209026d-d40f-4377-a39d-020493d02f3f",
	'not_empty');
INSERT INTO V_VAL
	VALUES ("5704d553-f8be-4953-b0eb-f39d8eb41b54",
	0,
	0,
	17,
	15,
	18,
	0,
	0,
	0,
	0,
	"ba5eda7a-def5-0000-0000-000000000008",
	"393244d8-37eb-447b-856a-7ca2383a649c");
INSERT INTO V_IRF
	VALUES ("5704d553-f8be-4953-b0eb-f39d8eb41b54",
	"4d655ded-73f1-4958-a801-07006103f900");
INSERT INTO V_VAL
	VALUES ("1e5d83b4-fb7f-4e97-a179-e70f44ecb454",
	0,
	0,
	-1,
	-1,
	-1,
	0,
	0,
	0,
	0,
	"ba5eda7a-def5-0000-0000-000000000001",
	"393244d8-37eb-447b-856a-7ca2383a649c");
INSERT INTO V_UNY
	VALUES ("1e5d83b4-fb7f-4e97-a179-e70f44ecb454",
	"5704d553-f8be-4953-b0eb-f39d8eb41b54",
	'not_empty');
INSERT INTO V_VAL
	VALUES ("2f3a780b-97ca-4669-8552-cdb9660ed49d",
	0,
	0,
	26,
	15,
	18,
	0,
	0,
	0,
	0,
	"ba5eda7a-def5-0000-0000-000000000008",
	"393244d8-37eb-447b-856a-7ca2383a649c");
INSERT INTO V_IRF
	VALUES ("2f3a780b-97ca-4669-8552-cdb9660ed49d",
	"b1e034dd-3bf9-4dd0-a6e7-1115957f69df");
INSERT INTO V_VAL
	VALUES ("de6101c9-b5ea-4f67-bfb0-878d9106828d",
	0,
	0,
	-1,
	-1,
	-1,
	0,
	0,
	0,
	0,
	"ba5eda7a-def5-0000-0000-000000000001",
	"393244d8-37eb-447b-856a-7ca2383a649c");
INSERT INTO V_UNY
	VALUES ("de6101c9-b5ea-4f67-bfb0-878d9106828d",
	"2f3a780b-97ca-4669-8552-cdb9660ed49d",
	'not_empty');
INSERT INTO V_VAL
	VALUES ("485c9ccc-1b28-44ad-91a5-44cbfb074d54",
	0,
	0,
	33,
	15,
	18,
	0,
	0,
	0,
	0,
	"ba5eda7a-def5-0000-0000-000000000008",
	"393244d8-37eb-447b-856a-7ca2383a649c");
INSERT INTO V_IRF
	VALUES ("485c9ccc-1b28-44ad-91a5-44cbfb074d54",
	"0225e76b-07c2-466d-93c0-b850b05ba8df");
INSERT INTO V_VAL
	VALUES ("a5578651-5d0a-43a0-b745-ccfe4b37259d",
	0,
	0,
	-1,
	-1,
	-1,
	0,
	0,
	0,
	0,
	"ba5eda7a-def5-0000-0000-000000000001",
	"393244d8-37eb-447b-856a-7ca2383a649c");
INSERT INTO V_UNY
	VALUES ("a5578651-5d0a-43a0-b745-ccfe4b37259d",
	"485c9ccc-1b28-44ad-91a5-44cbfb074d54",
	'not_empty');
INSERT INTO V_VAL
	VALUES ("80896c1f-cc42-4bd7-b4b4-78ba62d87d89",
	0,
	0,
	41,
	15,
	18,
	0,
	0,
	0,
	0,
	"ba5eda7a-def5-0000-0000-000000000008",
	"393244d8-37eb-447b-856a-7ca2383a649c");
INSERT INTO V_IRF
	VALUES ("80896c1f-cc42-4bd7-b4b4-78ba62d87d89",
	"b1e034dd-3bf9-4dd0-a6e7-1115957f69df");
INSERT INTO V_VAL
	VALUES ("6962bccf-96bd-4e0c-a572-0bbea7640fb1",
	0,
	0,
	-1,
	-1,
	-1,
	0,
	0,
	0,
	0,
	"ba5eda7a-def5-0000-0000-000000000001",
	"393244d8-37eb-447b-856a-7ca2383a649c");
INSERT INTO V_UNY
	VALUES ("6962bccf-96bd-4e0c-a572-0bbea7640fb1",
	"80896c1f-cc42-4bd7-b4b4-78ba62d87d89",
	'not_empty');
INSERT INTO V_VAL
	VALUES ("ebec6170-1805-4abf-8992-9d84d9d79802",
	0,
	0,
	48,
	15,
	18,
	0,
	0,
	0,
	0,
	"ba5eda7a-def5-0000-0000-000000000008",
	"393244d8-37eb-447b-856a-7ca2383a649c");
INSERT INTO V_IRF
	VALUES ("ebec6170-1805-4abf-8992-9d84d9d79802",
	"4d655ded-73f1-4958-a801-07006103f900");
INSERT INTO V_VAL
	VALUES ("cbe091f7-439d-4eff-af23-aa71633fd7bf",
	0,
	0,
	-1,
	-1,
	-1,
	0,
	0,
	0,
	0,
	"ba5eda7a-def5-0000-0000-000000000001",
	"393244d8-37eb-447b-856a-7ca2383a649c");
INSERT INTO V_UNY
	VALUES ("cbe091f7-439d-4eff-af23-aa71633fd7bf",
	"ebec6170-1805-4abf-8992-9d84d9d79802",
	'not_empty');
INSERT INTO V_VAL
	VALUES ("f4994034-4a1a-476d-8071-23ed0998b488",
	1,
	1,
	57,
	1,
	15,
	0,
	0,
	0,
	0,
	"ba5eda7a-def5-0000-0000-00000000000f",
	"393244d8-37eb-447b-856a-7ca2383a649c");
INSERT INTO V_TVL
	VALUES ("f4994034-4a1a-476d-8071-23ed0998b488",
	"34bade18-20af-4b62-b8e3-fe34af47b602");
INSERT INTO V_VAL
	VALUES ("77b05929-2387-4c39-8007-cb5b4ecd6595",
	0,
	0,
	57,
	22,
	-1,
	57,
	34,
	57,
	56,
	"ba5eda7a-def5-0000-0000-00000000000f",
	"393244d8-37eb-447b-856a-7ca2383a649c");
INSERT INTO V_BRV
	VALUES ("77b05929-2387-4c39-8007-cb5b4ecd6595",
	"03a46075-6e6b-44a0-9203-72f9ef1b94a2",
	1,
	57,
	17);
INSERT INTO V_VAL
	VALUES ("bb62708a-2f0a-44f3-ad35-782c0755fde3",
	0,
	0,
	57,
	47,
	54,
	0,
	0,
	0,
	0,
	"ba5eda7a-def5-0000-0000-000000000002",
	"393244d8-37eb-447b-856a-7ca2383a649c");
INSERT INTO V_LIN
	VALUES ("bb62708a-2f0a-44f3-ad35-782c0755fde3",
	'30000000');
INSERT INTO V_PAR
	VALUES ("bb62708a-2f0a-44f3-ad35-782c0755fde3",
	"00000000-0000-0000-0000-000000000000",
	"77b05929-2387-4c39-8007-cb5b4ecd6595",
	'microseconds',
	"490bfb67-9d90-4b60-bf12-5199aaf169a2",
	57,
	34);
INSERT INTO V_VAL
	VALUES ("490bfb67-9d90-4b60-bf12-5199aaf169a2",
	0,
	0,
	57,
	67,
	74,
	0,
	0,
	0,
	0,
	"ba5eda7a-def5-0000-0000-00000000000a",
	"393244d8-37eb-447b-856a-7ca2383a649c");
INSERT INTO V_TVL
	VALUES ("490bfb67-9d90-4b60-bf12-5199aaf169a2",
	"4236ea8c-4a75-45c0-9c51-182493a24625");
INSERT INTO V_PAR
	VALUES ("490bfb67-9d90-4b60-bf12-5199aaf169a2",
	"00000000-0000-0000-0000-000000000000",
	"77b05929-2387-4c39-8007-cb5b4ecd6595",
	'event_inst',
	"00000000-0000-0000-0000-000000000000",
	57,
	56);
INSERT INTO V_VAR
	VALUES ("b1e034dd-3bf9-4dd0-a6e7-1115957f69df",
	"393244d8-37eb-447b-856a-7ca2383a649c",
	'door',
	1,
	"ba5eda7a-def5-0000-0000-000000000008");
INSERT INTO V_INT
	VALUES ("b1e034dd-3bf9-4dd0-a6e7-1115957f69df",
	0,
	"cd4fdb55-c935-485c-af63-77515b5963d5");
INSERT INTO V_LOC
	VALUES ("4a494c6f-22fc-4ec7-8e1b-0de9f3ab84b6",
	2,
	12,
	15,
	"b1e034dd-3bf9-4dd0-a6e7-1115957f69df");
INSERT INTO V_LOC
	VALUES ("84031ce3-addc-427a-b5e7-03df3900ff16",
	4,
	61,
	64,
	"b1e034dd-3bf9-4dd0-a6e7-1115957f69df");
INSERT INTO V_LOC
	VALUES ("ecd9b8e9-ba42-474b-afd5-2fe64968efd3",
	9,
	12,
	15,
	"b1e034dd-3bf9-4dd0-a6e7-1115957f69df");
INSERT INTO V_LOC
	VALUES ("a0856fbc-cb12-4471-80eb-4c866c27a468",
	11,
	57,
	60,
	"b1e034dd-3bf9-4dd0-a6e7-1115957f69df");
INSERT INTO V_LOC
	VALUES ("35666770-3fe7-4a73-bb1a-55417e046422",
	25,
	12,
	15,
	"b1e034dd-3bf9-4dd0-a6e7-1115957f69df");
INSERT INTO V_LOC
	VALUES ("9a7ae1d9-09cb-4ed8-80f8-1b9c45b784bd",
	27,
	61,
	64,
	"b1e034dd-3bf9-4dd0-a6e7-1115957f69df");
INSERT INTO V_LOC
	VALUES ("f9a28286-49c9-42d2-9fa5-81925d26c3c5",
	40,
	12,
	15,
	"b1e034dd-3bf9-4dd0-a6e7-1115957f69df");
INSERT INTO V_LOC
	VALUES ("e6b39908-2946-4583-9358-95b28d839d35",
	42,
	57,
	60,
	"b1e034dd-3bf9-4dd0-a6e7-1115957f69df");
INSERT INTO V_VAR
	VALUES ("4d655ded-73f1-4958-a801-07006103f900",
	"393244d8-37eb-447b-856a-7ca2383a649c",
	'oven',
	1,
	"ba5eda7a-def5-0000-0000-000000000008");
INSERT INTO V_INT
	VALUES ("4d655ded-73f1-4958-a801-07006103f900",
	0,
	"d41fedf9-3f2c-4216-96e0-94838ac603b1");
INSERT INTO V_LOC
	VALUES ("4494b20b-c2a2-4bd3-86de-14ec7e80012c",
	16,
	12,
	15,
	"4d655ded-73f1-4958-a801-07006103f900");
INSERT INTO V_LOC
	VALUES ("f7da2409-34e9-4762-8bb2-5273aaf3e019",
	18,
	85,
	88,
	"4d655ded-73f1-4958-a801-07006103f900");
INSERT INTO V_LOC
	VALUES ("c4ff25c8-dc1a-4a48-89ad-ed3ca288e2b8",
	20,
	60,
	63,
	"4d655ded-73f1-4958-a801-07006103f900");
INSERT INTO V_LOC
	VALUES ("53fd3b45-d73a-413d-8718-9e6eacc7fe2a",
	47,
	12,
	15,
	"4d655ded-73f1-4958-a801-07006103f900");
INSERT INTO V_LOC
	VALUES ("26935328-3dce-47a1-8055-8d70143a755a",
	49,
	62,
	65,
	"4d655ded-73f1-4958-a801-07006103f900");
INSERT INTO V_VAR
	VALUES ("0225e76b-07c2-466d-93c0-b850b05ba8df",
	"393244d8-37eb-447b-856a-7ca2383a649c",
	'tube',
	1,
	"ba5eda7a-def5-0000-0000-000000000008");
INSERT INTO V_INT
	VALUES ("0225e76b-07c2-466d-93c0-b850b05ba8df",
	0,
	"21726274-a60c-4843-a337-c30d3e6fd999");
INSERT INTO V_LOC
	VALUES ("91b34665-24e3-4762-a523-37c8d03b3341",
	32,
	12,
	15,
	"0225e76b-07c2-466d-93c0-b850b05ba8df");
INSERT INTO V_LOC
	VALUES ("5d18945e-0f9d-47dd-b393-bc21e0a1e6fb",
	34,
	68,
	71,
	"0225e76b-07c2-466d-93c0-b850b05ba8df");
INSERT INTO V_VAR
	VALUES ("4236ea8c-4a75-45c0-9c51-182493a24625",
	"393244d8-37eb-447b-856a-7ca2383a649c",
	'finished',
	1,
	"ba5eda7a-def5-0000-0000-00000000000a");
INSERT INTO V_TRN
	VALUES ("4236ea8c-4a75-45c0-9c51-182493a24625",
	"00000000-0000-0000-0000-000000000000",
	'');
INSERT INTO V_LOC
	VALUES ("ada8343c-78fa-4bb8-8c18-97eb35913e87",
	56,
	23,
	30,
	"4236ea8c-4a75-45c0-9c51-182493a24625");
INSERT INTO V_LOC
	VALUES ("37127fae-7b32-4720-98f9-452a5e993a44",
	57,
	67,
	74,
	"4236ea8c-4a75-45c0-9c51-182493a24625");
INSERT INTO V_VAR
	VALUES ("dbea948e-93c9-4250-ae4d-039666be3983",
	"393244d8-37eb-447b-856a-7ca2383a649c",
	'self',
	1,
	"ba5eda7a-def5-0000-0000-000000000008");
INSERT INTO V_INT
	VALUES ("dbea948e-93c9-4250-ae4d-039666be3983",
	0,
	"18f360d4-bf74-4159-9245-b26abc35a9bc");
INSERT INTO V_LOC
	VALUES ("8930b2f6-4abd-4c37-a1a1-f3dd14d4e06f",
	56,
	65,
	68,
	"dbea948e-93c9-4250-ae4d-039666be3983");
INSERT INTO V_VAR
	VALUES ("34bade18-20af-4b62-b8e3-fe34af47b602",
	"393244d8-37eb-447b-856a-7ca2383a649c",
	'terminate_timer',
	1,
	"ba5eda7a-def5-0000-0000-00000000000f");
INSERT INTO V_TRN
	VALUES ("34bade18-20af-4b62-b8e3-fe34af47b602",
	"00000000-0000-0000-0000-000000000000",
	'');
INSERT INTO V_LOC
	VALUES ("e2401c75-44d0-458c-9aee-59d310ab7b45",
	57,
	1,
	15,
	"34bade18-20af-4b62-b8e3-fe34af47b602");
INSERT INTO ACT_BLK
	VALUES ("828a55fd-e2b4-456f-b87b-f5f4b775b296",
	0,
	0,
	0,
	'TIM',
	'',
	'',
	5,
	4,
	5,
	17,
	0,
	0,
	0,
	0,
	0,
	0,
	0,
	0,
	0,
	"dc3c4c5e-e8f3-4c2b-8d4e-6aed9c873f3b",
	"00000000-0000-0000-0000-000000000000");
INSERT INTO ACT_SMT
	VALUES ("45040d6f-49a6-4ab7-9cb9-912fdfa4cd56",
	"828a55fd-e2b4-456f-b87b-f5f4b775b296",
	"44e01388-afcc-49e7-8f41-72d81805b6f7",
	4,
	4,
	'Test Sequences::Performing Test Sequence 2 line: 4');
INSERT INTO E_ESS
	VALUES ("45040d6f-49a6-4ab7-9cb9-912fdfa4cd56",
	1,
	0,
	4,
	42,
	4,
	48,
	0,
	0,
	0,
	0,
	0,
	0);
INSERT INTO E_CES
	VALUES ("45040d6f-49a6-4ab7-9cb9-912fdfa4cd56",
	1,
	"16486988-b386-4620-be83-4d9714a9851a");
INSERT INTO E_CSME
	VALUES ("45040d6f-49a6-4ab7-9cb9-912fdfa4cd56",
	"559344ec-3d0c-4393-9601-3b709b6fe894");
INSERT INTO E_CEI
	VALUES ("45040d6f-49a6-4ab7-9cb9-912fdfa4cd56",
	"b1e034dd-3bf9-4dd0-a6e7-1115957f69df");
INSERT INTO ACT_SMT
	VALUES ("44e01388-afcc-49e7-8f41-72d81805b6f7",
	"828a55fd-e2b4-456f-b87b-f5f4b775b296",
	"00000000-0000-0000-0000-000000000000",
	5,
	4,
	'Test Sequences::Performing Test Sequence 2 line: 5');
INSERT INTO ACT_AI
	VALUES ("44e01388-afcc-49e7-8f41-72d81805b6f7",
	"b1adbbd9-b1ce-4ae8-bf0f-f71b457aeca2",
	"8bb1ef06-38db-4c55-8abd-4686fca1f5d3",
	0,
	0);
INSERT INTO V_VAL
	VALUES ("8bb1ef06-38db-4c55-8abd-4686fca1f5d3",
	1,
	1,
	5,
	4,
	14,
	0,
	0,
	0,
	0,
	"ba5eda7a-def5-0000-0000-00000000000f",
	"828a55fd-e2b4-456f-b87b-f5f4b775b296");
INSERT INTO V_TVL
	VALUES ("8bb1ef06-38db-4c55-8abd-4686fca1f5d3",
	"dda05c7b-73ec-480c-80c8-c8e395bb3a41");
INSERT INTO V_VAL
	VALUES ("b1adbbd9-b1ce-4ae8-bf0f-f71b457aeca2",
	0,
	0,
	5,
	22,
	-1,
	5,
	34,
	5,
	55,
	"ba5eda7a-def5-0000-0000-00000000000f",
	"828a55fd-e2b4-456f-b87b-f5f4b775b296");
INSERT INTO V_BRV
	VALUES ("b1adbbd9-b1ce-4ae8-bf0f-f71b457aeca2",
	"03a46075-6e6b-44a0-9203-72f9ef1b94a2",
	1,
	5,
	17);
INSERT INTO V_VAL
	VALUES ("5673fe1f-67ea-4ccd-b956-65e65420c994",
	0,
	0,
	5,
	47,
	53,
	0,
	0,
	0,
	0,
	"ba5eda7a-def5-0000-0000-000000000002",
	"828a55fd-e2b4-456f-b87b-f5f4b775b296");
INSERT INTO V_LIN
	VALUES ("5673fe1f-67ea-4ccd-b956-65e65420c994",
	'2000000');
INSERT INTO V_PAR
	VALUES ("5673fe1f-67ea-4ccd-b956-65e65420c994",
	"00000000-0000-0000-0000-000000000000",
	"b1adbbd9-b1ce-4ae8-bf0f-f71b457aeca2",
	'microseconds',
	"a7f536e4-7acf-4d96-a8a1-36a9056b14b6",
	5,
	34);
INSERT INTO V_VAL
	VALUES ("a7f536e4-7acf-4d96-a8a1-36a9056b14b6",
	0,
	0,
	5,
	66,
	77,
	0,
	0,
	0,
	0,
	"ba5eda7a-def5-0000-0000-00000000000a",
	"828a55fd-e2b4-456f-b87b-f5f4b775b296");
INSERT INTO V_TVL
	VALUES ("a7f536e4-7acf-4d96-a8a1-36a9056b14b6",
	"16486988-b386-4620-be83-4d9714a9851a");
INSERT INTO V_PAR
	VALUES ("a7f536e4-7acf-4d96-a8a1-36a9056b14b6",
	"00000000-0000-0000-0000-000000000000",
	"b1adbbd9-b1ce-4ae8-bf0f-f71b457aeca2",
	'event_inst',
	"00000000-0000-0000-0000-000000000000",
	5,
	55);
INSERT INTO V_VAR
	VALUES ("16486988-b386-4620-be83-4d9714a9851a",
	"828a55fd-e2b4-456f-b87b-f5f4b775b296",
	'release_door',
	1,
	"ba5eda7a-def5-0000-0000-00000000000a");
INSERT INTO V_TRN
	VALUES ("16486988-b386-4620-be83-4d9714a9851a",
	"00000000-0000-0000-0000-000000000000",
	'');
INSERT INTO V_LOC
	VALUES ("9c700203-8b58-4cc7-be0d-38c91174788b",
	4,
	26,
	37,
	"16486988-b386-4620-be83-4d9714a9851a");
INSERT INTO V_LOC
	VALUES ("2c0d4a69-7f15-4df8-baca-ed723a3a8887",
	5,
	66,
	77,
	"16486988-b386-4620-be83-4d9714a9851a");
INSERT INTO V_VAR
	VALUES ("dda05c7b-73ec-480c-80c8-c8e395bb3a41",
	"828a55fd-e2b4-456f-b87b-f5f4b775b296",
	'step1_timer',
	1,
	"ba5eda7a-def5-0000-0000-00000000000f");
INSERT INTO V_TRN
	VALUES ("dda05c7b-73ec-480c-80c8-c8e395bb3a41",
	"00000000-0000-0000-0000-000000000000",
	'');
INSERT INTO V_LOC
	VALUES ("f0b71b80-538c-4d75-b8ac-a6bf94fe3c5b",
	5,
	4,
	14,
	"dda05c7b-73ec-480c-80c8-c8e395bb3a41");
INSERT INTO ACT_BLK
	VALUES ("c178a540-6064-42f8-b6b0-ee0f1cafbcfb",
	0,
	0,
	0,
	'TIM',
	'',
	'',
	12,
	4,
	12,
	17,
	0,
	0,
	0,
	0,
	0,
	0,
	0,
	0,
	0,
	"dc3c4c5e-e8f3-4c2b-8d4e-6aed9c873f3b",
	"00000000-0000-0000-0000-000000000000");
INSERT INTO ACT_SMT
	VALUES ("c3110575-8b9b-416e-ab0a-e3dfb0a818ae",
	"c178a540-6064-42f8-b6b0-ee0f1cafbcfb",
	"3d5e6f6d-f5c0-472e-9df1-88f28b7e66ee",
	11,
	4,
	'Test Sequences::Performing Test Sequence 2 line: 11');
INSERT INTO E_ESS
	VALUES ("c3110575-8b9b-416e-ab0a-e3dfb0a818ae",
	1,
	0,
	11,
	40,
	11,
	46,
	0,
	0,
	0,
	0,
	0,
	0);
INSERT INTO E_CES
	VALUES ("c3110575-8b9b-416e-ab0a-e3dfb0a818ae",
	1,
	"a2f6e65c-d079-4015-bb1f-e35f4f9a9fdc");
INSERT INTO E_CSME
	VALUES ("c3110575-8b9b-416e-ab0a-e3dfb0a818ae",
	"13d303e7-37dc-42d2-84a8-b9cc6b41ed37");
INSERT INTO E_CEI
	VALUES ("c3110575-8b9b-416e-ab0a-e3dfb0a818ae",
	"b1e034dd-3bf9-4dd0-a6e7-1115957f69df");
INSERT INTO ACT_SMT
	VALUES ("3d5e6f6d-f5c0-472e-9df1-88f28b7e66ee",
	"c178a540-6064-42f8-b6b0-ee0f1cafbcfb",
	"00000000-0000-0000-0000-000000000000",
	12,
	4,
	'Test Sequences::Performing Test Sequence 2 line: 12');
INSERT INTO ACT_AI
	VALUES ("3d5e6f6d-f5c0-472e-9df1-88f28b7e66ee",
	"9573d076-3d3c-4324-aec5-d994d027d65a",
	"107d8495-e5aa-476d-9d1a-049a72c5de04",
	0,
	0);
INSERT INTO V_VAL
	VALUES ("107d8495-e5aa-476d-9d1a-049a72c5de04",
	1,
	1,
	12,
	4,
	14,
	0,
	0,
	0,
	0,
	"ba5eda7a-def5-0000-0000-00000000000f",
	"c178a540-6064-42f8-b6b0-ee0f1cafbcfb");
INSERT INTO V_TVL
	VALUES ("107d8495-e5aa-476d-9d1a-049a72c5de04",
	"94e755e5-9d5b-4684-ad17-7d501c0752c2");
INSERT INTO V_VAL
	VALUES ("9573d076-3d3c-4324-aec5-d994d027d65a",
	0,
	0,
	12,
	22,
	-1,
	12,
	34,
	12,
	55,
	"ba5eda7a-def5-0000-0000-00000000000f",
	"c178a540-6064-42f8-b6b0-ee0f1cafbcfb");
INSERT INTO V_BRV
	VALUES ("9573d076-3d3c-4324-aec5-d994d027d65a",
	"03a46075-6e6b-44a0-9203-72f9ef1b94a2",
	1,
	12,
	17);
INSERT INTO V_VAL
	VALUES ("05251036-7c12-4124-a3b1-a497c12ae07d",
	0,
	0,
	12,
	47,
	53,
	0,
	0,
	0,
	0,
	"ba5eda7a-def5-0000-0000-000000000002",
	"c178a540-6064-42f8-b6b0-ee0f1cafbcfb");
INSERT INTO V_LIN
	VALUES ("05251036-7c12-4124-a3b1-a497c12ae07d",
	'4000000');
INSERT INTO V_PAR
	VALUES ("05251036-7c12-4124-a3b1-a497c12ae07d",
	"00000000-0000-0000-0000-000000000000",
	"9573d076-3d3c-4324-aec5-d994d027d65a",
	'microseconds',
	"27923f5a-9738-40be-9d9c-c17905bb3138",
	12,
	34);
INSERT INTO V_VAL
	VALUES ("27923f5a-9738-40be-9d9c-c17905bb3138",
	0,
	0,
	12,
	66,
	75,
	0,
	0,
	0,
	0,
	"ba5eda7a-def5-0000-0000-00000000000a",
	"c178a540-6064-42f8-b6b0-ee0f1cafbcfb");
INSERT INTO V_TVL
	VALUES ("27923f5a-9738-40be-9d9c-c17905bb3138",
	"a2f6e65c-d079-4015-bb1f-e35f4f9a9fdc");
INSERT INTO V_PAR
	VALUES ("27923f5a-9738-40be-9d9c-c17905bb3138",
	"00000000-0000-0000-0000-000000000000",
	"9573d076-3d3c-4324-aec5-d994d027d65a",
	'event_inst',
	"00000000-0000-0000-0000-000000000000",
	12,
	55);
INSERT INTO V_VAR
	VALUES ("a2f6e65c-d079-4015-bb1f-e35f4f9a9fdc",
	"c178a540-6064-42f8-b6b0-ee0f1cafbcfb",
	'close_door',
	1,
	"ba5eda7a-def5-0000-0000-00000000000a");
INSERT INTO V_TRN
	VALUES ("a2f6e65c-d079-4015-bb1f-e35f4f9a9fdc",
	"00000000-0000-0000-0000-000000000000",
	'');
INSERT INTO V_LOC
	VALUES ("ac28cdda-40cc-43c1-8fc5-d103e50deecb",
	11,
	26,
	35,
	"a2f6e65c-d079-4015-bb1f-e35f4f9a9fdc");
INSERT INTO V_LOC
	VALUES ("3cc0344c-5d35-497b-8eaa-659fabfebb0c",
	12,
	66,
	75,
	"a2f6e65c-d079-4015-bb1f-e35f4f9a9fdc");
INSERT INTO V_VAR
	VALUES ("94e755e5-9d5b-4684-ad17-7d501c0752c2",
	"c178a540-6064-42f8-b6b0-ee0f1cafbcfb",
	'step2_timer',
	1,
	"ba5eda7a-def5-0000-0000-00000000000f");
INSERT INTO V_TRN
	VALUES ("94e755e5-9d5b-4684-ad17-7d501c0752c2",
	"00000000-0000-0000-0000-000000000000",
	'');
INSERT INTO V_LOC
	VALUES ("f46727d5-7b16-4a39-9368-0904464fbc72",
	12,
	4,
	14,
	"94e755e5-9d5b-4684-ad17-7d501c0752c2");
INSERT INTO ACT_BLK
	VALUES ("ddc3f05f-4704-4c80-8171-1d6f3a6ef281",
	0,
	0,
	0,
	'TIM',
	'period',
	'period',
	21,
	4,
	21,
	18,
	0,
	0,
	0,
	0,
	0,
	0,
	0,
	0,
	0,
	"dc3c4c5e-e8f3-4c2b-8d4e-6aed9c873f3b",
	"00000000-0000-0000-0000-000000000000");
INSERT INTO ACT_SMT
	VALUES ("8caa34ba-7815-4a21-a263-d661879d3f89",
	"ddc3f05f-4704-4c80-8171-1d6f3a6ef281",
	"290b2435-d08b-4adb-b184-3c7cc78abadc",
	18,
	4,
	'Test Sequences::Performing Test Sequence 2 line: 18');
INSERT INTO E_ESS
	VALUES ("8caa34ba-7815-4a21-a263-d661879d3f89",
	1,
	0,
	18,
	42,
	18,
	48,
	0,
	0,
	18,
	65,
	0,
	0);
INSERT INTO V_PAR
	VALUES ("24112b90-7912-4c1d-b669-41070094cdc0",
	"8caa34ba-7815-4a21-a263-d661879d3f89",
	"00000000-0000-0000-0000-000000000000",
	'period',
	"00000000-0000-0000-0000-000000000000",
	18,
	65);
INSERT INTO E_CES
	VALUES ("8caa34ba-7815-4a21-a263-d661879d3f89",
	1,
	"428861c2-1276-4c45-bbd3-4040466b57bd");
INSERT INTO E_CSME
	VALUES ("8caa34ba-7815-4a21-a263-d661879d3f89",
	"b6b69bca-fa1c-40c8-9dc8-8f391c5c2b53");
INSERT INTO E_CEI
	VALUES ("8caa34ba-7815-4a21-a263-d661879d3f89",
	"4d655ded-73f1-4958-a801-07006103f900");
INSERT INTO ACT_SMT
	VALUES ("290b2435-d08b-4adb-b184-3c7cc78abadc",
	"ddc3f05f-4704-4c80-8171-1d6f3a6ef281",
	"022fc7d8-1c88-4f3a-8b45-c938be53950f",
	19,
	4,
	'Test Sequences::Performing Test Sequence 2 line: 19');
INSERT INTO ACT_AI
	VALUES ("290b2435-d08b-4adb-b184-3c7cc78abadc",
	"114a9657-9c08-4fd0-9601-0ebb25188ca5",
	"f9351a18-4fd8-4ca8-afa3-015dc11cc9c0",
	0,
	0);
INSERT INTO ACT_SMT
	VALUES ("022fc7d8-1c88-4f3a-8b45-c938be53950f",
	"ddc3f05f-4704-4c80-8171-1d6f3a6ef281",
	"228b8d17-8637-4af2-a9a4-f460fef0d5ec",
	20,
	4,
	'Test Sequences::Performing Test Sequence 2 line: 20');
INSERT INTO E_ESS
	VALUES ("022fc7d8-1c88-4f3a-8b45-c938be53950f",
	1,
	0,
	20,
	35,
	20,
	41,
	19,
	18,
	0,
	0,
	0,
	0);
INSERT INTO E_CES
	VALUES ("022fc7d8-1c88-4f3a-8b45-c938be53950f",
	1,
	"56f9175b-4e36-483a-b7a5-c2d47563266b");
INSERT INTO E_CSME
	VALUES ("022fc7d8-1c88-4f3a-8b45-c938be53950f",
	"de042e27-ffe4-44b4-a05f-a2287cc296c7");
INSERT INTO E_CEI
	VALUES ("022fc7d8-1c88-4f3a-8b45-c938be53950f",
	"4d655ded-73f1-4958-a801-07006103f900");
INSERT INTO ACT_SMT
	VALUES ("228b8d17-8637-4af2-a9a4-f460fef0d5ec",
	"ddc3f05f-4704-4c80-8171-1d6f3a6ef281",
	"00000000-0000-0000-0000-000000000000",
	21,
	4,
	'Test Sequences::Performing Test Sequence 2 line: 21');
INSERT INTO ACT_AI
	VALUES ("228b8d17-8637-4af2-a9a4-f460fef0d5ec",
	"5aefc04a-bf94-404a-a1fd-76f18df112ec",
	"0b0ec2da-d2e9-40eb-9b17-54ddee83af48",
	0,
	0);
INSERT INTO V_VAL
	VALUES ("24112b90-7912-4c1d-b669-41070094cdc0",
	0,
	0,
	18,
	72,
	79,
	0,
	0,
	0,
	0,
	"ba5eda7a-def5-0000-0000-000000000002",
	"ddc3f05f-4704-4c80-8171-1d6f3a6ef281");
INSERT INTO V_LIN
	VALUES ("24112b90-7912-4c1d-b669-41070094cdc0",
	'15000000');
INSERT INTO V_VAL
	VALUES ("f9351a18-4fd8-4ca8-afa3-015dc11cc9c0",
	1,
	1,
	19,
	4,
	15,
	0,
	0,
	0,
	0,
	"ba5eda7a-def5-0000-0000-00000000000f",
	"ddc3f05f-4704-4c80-8171-1d6f3a6ef281");
INSERT INTO V_TVL
	VALUES ("f9351a18-4fd8-4ca8-afa3-015dc11cc9c0",
	"2d0768e9-4d0f-466f-8cd8-45fc57498403");
INSERT INTO V_VAL
	VALUES ("114a9657-9c08-4fd0-9601-0ebb25188ca5",
	0,
	0,
	19,
	23,
	-1,
	19,
	35,
	19,
	56,
	"ba5eda7a-def5-0000-0000-00000000000f",
	"ddc3f05f-4704-4c80-8171-1d6f3a6ef281");
INSERT INTO V_BRV
	VALUES ("114a9657-9c08-4fd0-9601-0ebb25188ca5",
	"03a46075-6e6b-44a0-9203-72f9ef1b94a2",
	1,
	19,
	18);
INSERT INTO V_VAL
	VALUES ("c9c21b70-86cf-4b4e-81a7-207efc887e68",
	0,
	0,
	19,
	48,
	54,
	0,
	0,
	0,
	0,
	"ba5eda7a-def5-0000-0000-000000000002",
	"ddc3f05f-4704-4c80-8171-1d6f3a6ef281");
INSERT INTO V_LIN
	VALUES ("c9c21b70-86cf-4b4e-81a7-207efc887e68",
	'5000000');
INSERT INTO V_PAR
	VALUES ("c9c21b70-86cf-4b4e-81a7-207efc887e68",
	"00000000-0000-0000-0000-000000000000",
	"114a9657-9c08-4fd0-9601-0ebb25188ca5",
	'microseconds',
	"2357562e-ab85-4fbe-bb1c-3d5342a84b37",
	19,
	35);
INSERT INTO V_VAL
	VALUES ("2357562e-ab85-4fbe-bb1c-3d5342a84b37",
	0,
	0,
	19,
	67,
	78,
	0,
	0,
	0,
	0,
	"ba5eda7a-def5-0000-0000-00000000000a",
	"ddc3f05f-4704-4c80-8171-1d6f3a6ef281");
INSERT INTO V_TVL
	VALUES ("2357562e-ab85-4fbe-bb1c-3d5342a84b37",
	"428861c2-1276-4c45-bbd3-4040466b57bd");
INSERT INTO V_PAR
	VALUES ("2357562e-ab85-4fbe-bb1c-3d5342a84b37",
	"00000000-0000-0000-0000-000000000000",
	"114a9657-9c08-4fd0-9601-0ebb25188ca5",
	'event_inst',
	"00000000-0000-0000-0000-000000000000",
	19,
	56);
INSERT INTO V_VAL
	VALUES ("0b0ec2da-d2e9-40eb-9b17-54ddee83af48",
	1,
	1,
	21,
	4,
	15,
	0,
	0,
	0,
	0,
	"ba5eda7a-def5-0000-0000-00000000000f",
	"ddc3f05f-4704-4c80-8171-1d6f3a6ef281");
INSERT INTO V_TVL
	VALUES ("0b0ec2da-d2e9-40eb-9b17-54ddee83af48",
	"845b5abd-684e-46ba-ace1-c4d31324f967");
INSERT INTO V_VAL
	VALUES ("5aefc04a-bf94-404a-a1fd-76f18df112ec",
	0,
	0,
	21,
	23,
	-1,
	21,
	35,
	21,
	56,
	"ba5eda7a-def5-0000-0000-00000000000f",
	"ddc3f05f-4704-4c80-8171-1d6f3a6ef281");
INSERT INTO V_BRV
	VALUES ("5aefc04a-bf94-404a-a1fd-76f18df112ec",
	"03a46075-6e6b-44a0-9203-72f9ef1b94a2",
	1,
	21,
	18);
INSERT INTO V_VAL
	VALUES ("4dc237ed-3292-4d2f-9f9a-5f8352adb920",
	0,
	0,
	21,
	48,
	54,
	0,
	0,
	0,
	0,
	"ba5eda7a-def5-0000-0000-000000000002",
	"ddc3f05f-4704-4c80-8171-1d6f3a6ef281");
INSERT INTO V_LIN
	VALUES ("4dc237ed-3292-4d2f-9f9a-5f8352adb920",
	'5000001');
INSERT INTO V_PAR
	VALUES ("4dc237ed-3292-4d2f-9f9a-5f8352adb920",
	"00000000-0000-0000-0000-000000000000",
	"5aefc04a-bf94-404a-a1fd-76f18df112ec",
	'microseconds',
	"6afaf93a-2b4c-4e1c-8fc4-ad9b6e021def",
	21,
	35);
INSERT INTO V_VAL
	VALUES ("6afaf93a-2b4c-4e1c-8fc4-ad9b6e021def",
	0,
	0,
	21,
	67,
	71,
	0,
	0,
	0,
	0,
	"ba5eda7a-def5-0000-0000-00000000000a",
	"ddc3f05f-4704-4c80-8171-1d6f3a6ef281");
INSERT INTO V_TVL
	VALUES ("6afaf93a-2b4c-4e1c-8fc4-ad9b6e021def",
	"56f9175b-4e36-483a-b7a5-c2d47563266b");
INSERT INTO V_PAR
	VALUES ("6afaf93a-2b4c-4e1c-8fc4-ad9b6e021def",
	"00000000-0000-0000-0000-000000000000",
	"5aefc04a-bf94-404a-a1fd-76f18df112ec",
	'event_inst',
	"00000000-0000-0000-0000-000000000000",
	21,
	56);
INSERT INTO V_VAR
	VALUES ("428861c2-1276-4c45-bbd3-4040466b57bd",
	"ddc3f05f-4704-4c80-8171-1d6f3a6ef281",
	'cooking_time',
	1,
	"ba5eda7a-def5-0000-0000-00000000000a");
INSERT INTO V_TRN
	VALUES ("428861c2-1276-4c45-bbd3-4040466b57bd",
	"00000000-0000-0000-0000-000000000000",
	'');
INSERT INTO V_LOC
	VALUES ("79243ebc-0b97-4277-b38d-7fd6eb8aaeb8",
	18,
	26,
	37,
	"428861c2-1276-4c45-bbd3-4040466b57bd");
INSERT INTO V_LOC
	VALUES ("01e0cce7-2236-4a3b-ae54-4ed15f207a09",
	19,
	67,
	78,
	"428861c2-1276-4c45-bbd3-4040466b57bd");
INSERT INTO V_VAR
	VALUES ("2d0768e9-4d0f-466f-8cd8-45fc57498403",
	"ddc3f05f-4704-4c80-8171-1d6f3a6ef281",
	'step3a_timer',
	1,
	"ba5eda7a-def5-0000-0000-00000000000f");
INSERT INTO V_TRN
	VALUES ("2d0768e9-4d0f-466f-8cd8-45fc57498403",
	"00000000-0000-0000-0000-000000000000",
	'');
INSERT INTO V_LOC
	VALUES ("7b7df1ad-bde8-49b6-9cca-8745efc4ca2a",
	19,
	4,
	15,
	"2d0768e9-4d0f-466f-8cd8-45fc57498403");
INSERT INTO V_VAR
	VALUES ("56f9175b-4e36-483a-b7a5-c2d47563266b",
	"ddc3f05f-4704-4c80-8171-1d6f3a6ef281",
	'start',
	1,
	"ba5eda7a-def5-0000-0000-00000000000a");
INSERT INTO V_TRN
	VALUES ("56f9175b-4e36-483a-b7a5-c2d47563266b",
	"00000000-0000-0000-0000-000000000000",
	'');
INSERT INTO V_LOC
	VALUES ("9a78cb60-42b6-43d7-9158-ec4a1c4d6114",
	20,
	26,
	30,
	"56f9175b-4e36-483a-b7a5-c2d47563266b");
INSERT INTO V_LOC
	VALUES ("5f2e53ec-a607-4e39-8ede-d5358815e08d",
	21,
	67,
	71,
	"56f9175b-4e36-483a-b7a5-c2d47563266b");
INSERT INTO V_VAR
	VALUES ("845b5abd-684e-46ba-ace1-c4d31324f967",
	"ddc3f05f-4704-4c80-8171-1d6f3a6ef281",
	'step3b_timer',
	1,
	"ba5eda7a-def5-0000-0000-00000000000f");
INSERT INTO V_TRN
	VALUES ("845b5abd-684e-46ba-ace1-c4d31324f967",
	"00000000-0000-0000-0000-000000000000",
	'');
INSERT INTO V_LOC
	VALUES ("399aba3a-fd00-43b5-8922-be7d01f2ceb0",
	21,
	4,
	15,
	"845b5abd-684e-46ba-ace1-c4d31324f967");
INSERT INTO ACT_BLK
	VALUES ("a70c2835-75cb-4d3e-bc75-7f94faafb7e2",
	0,
	0,
	0,
	'TIM',
	'',
	'',
	28,
	4,
	28,
	17,
	0,
	0,
	0,
	0,
	0,
	0,
	0,
	0,
	0,
	"dc3c4c5e-e8f3-4c2b-8d4e-6aed9c873f3b",
	"00000000-0000-0000-0000-000000000000");
INSERT INTO ACT_SMT
	VALUES ("002c86de-670e-41d1-9255-295d99449309",
	"a70c2835-75cb-4d3e-bc75-7f94faafb7e2",
	"13c1c8d8-2f5d-436a-ace1-6491d06a9933",
	27,
	4,
	'Test Sequences::Performing Test Sequence 2 line: 27');
INSERT INTO E_ESS
	VALUES ("002c86de-670e-41d1-9255-295d99449309",
	1,
	0,
	27,
	42,
	27,
	48,
	0,
	0,
	0,
	0,
	0,
	0);
INSERT INTO E_CES
	VALUES ("002c86de-670e-41d1-9255-295d99449309",
	1,
	"c0f4294b-bd75-4f77-bbd2-e20c1ce9392a");
INSERT INTO E_CSME
	VALUES ("002c86de-670e-41d1-9255-295d99449309",
	"559344ec-3d0c-4393-9601-3b709b6fe894");
INSERT INTO E_CEI
	VALUES ("002c86de-670e-41d1-9255-295d99449309",
	"b1e034dd-3bf9-4dd0-a6e7-1115957f69df");
INSERT INTO ACT_SMT
	VALUES ("13c1c8d8-2f5d-436a-ace1-6491d06a9933",
	"a70c2835-75cb-4d3e-bc75-7f94faafb7e2",
	"00000000-0000-0000-0000-000000000000",
	28,
	4,
	'Test Sequences::Performing Test Sequence 2 line: 28');
INSERT INTO ACT_AI
	VALUES ("13c1c8d8-2f5d-436a-ace1-6491d06a9933",
	"848c25a9-a740-4430-94ae-e053e5fd2a69",
	"fe04dc7f-983c-4f72-80de-741add39410c",
	0,
	0);
INSERT INTO V_VAL
	VALUES ("fe04dc7f-983c-4f72-80de-741add39410c",
	1,
	1,
	28,
	4,
	14,
	0,
	0,
	0,
	0,
	"ba5eda7a-def5-0000-0000-00000000000f",
	"a70c2835-75cb-4d3e-bc75-7f94faafb7e2");
INSERT INTO V_TVL
	VALUES ("fe04dc7f-983c-4f72-80de-741add39410c",
	"74f4ed0a-0476-4605-ae9d-4cc44d698365");
INSERT INTO V_VAL
	VALUES ("848c25a9-a740-4430-94ae-e053e5fd2a69",
	0,
	0,
	28,
	22,
	-1,
	28,
	34,
	28,
	55,
	"ba5eda7a-def5-0000-0000-00000000000f",
	"a70c2835-75cb-4d3e-bc75-7f94faafb7e2");
INSERT INTO V_BRV
	VALUES ("848c25a9-a740-4430-94ae-e053e5fd2a69",
	"03a46075-6e6b-44a0-9203-72f9ef1b94a2",
	1,
	28,
	17);
INSERT INTO V_VAL
	VALUES ("f959f6da-fbcb-4b61-adb6-b1eb3030bd75",
	0,
	0,
	28,
	47,
	53,
	0,
	0,
	0,
	0,
	"ba5eda7a-def5-0000-0000-000000000002",
	"a70c2835-75cb-4d3e-bc75-7f94faafb7e2");
INSERT INTO V_LIN
	VALUES ("f959f6da-fbcb-4b61-adb6-b1eb3030bd75",
	'6000000');
INSERT INTO V_PAR
	VALUES ("f959f6da-fbcb-4b61-adb6-b1eb3030bd75",
	"00000000-0000-0000-0000-000000000000",
	"848c25a9-a740-4430-94ae-e053e5fd2a69",
	'microseconds',
	"f86e8d58-4175-46d3-a0bb-a91490601e46",
	28,
	34);
INSERT INTO V_VAL
	VALUES ("f86e8d58-4175-46d3-a0bb-a91490601e46",
	0,
	0,
	28,
	66,
	77,
	0,
	0,
	0,
	0,
	"ba5eda7a-def5-0000-0000-00000000000a",
	"a70c2835-75cb-4d3e-bc75-7f94faafb7e2");
INSERT INTO V_TVL
	VALUES ("f86e8d58-4175-46d3-a0bb-a91490601e46",
	"c0f4294b-bd75-4f77-bbd2-e20c1ce9392a");
INSERT INTO V_PAR
	VALUES ("f86e8d58-4175-46d3-a0bb-a91490601e46",
	"00000000-0000-0000-0000-000000000000",
	"848c25a9-a740-4430-94ae-e053e5fd2a69",
	'event_inst',
	"00000000-0000-0000-0000-000000000000",
	28,
	55);
INSERT INTO V_VAR
	VALUES ("c0f4294b-bd75-4f77-bbd2-e20c1ce9392a",
	"a70c2835-75cb-4d3e-bc75-7f94faafb7e2",
	'release_door',
	1,
	"ba5eda7a-def5-0000-0000-00000000000a");
INSERT INTO V_TRN
	VALUES ("c0f4294b-bd75-4f77-bbd2-e20c1ce9392a",
	"00000000-0000-0000-0000-000000000000",
	'');
INSERT INTO V_LOC
	VALUES ("a8b886e4-b7a1-4bd7-b1ac-a1b0eb32100a",
	27,
	26,
	37,
	"c0f4294b-bd75-4f77-bbd2-e20c1ce9392a");
INSERT INTO V_LOC
	VALUES ("767cbb6f-195b-4a5b-b9a0-3e5b34934c48",
	28,
	66,
	77,
	"c0f4294b-bd75-4f77-bbd2-e20c1ce9392a");
INSERT INTO V_VAR
	VALUES ("74f4ed0a-0476-4605-ae9d-4cc44d698365",
	"a70c2835-75cb-4d3e-bc75-7f94faafb7e2",
	'step4_timer',
	1,
	"ba5eda7a-def5-0000-0000-00000000000f");
INSERT INTO V_TRN
	VALUES ("74f4ed0a-0476-4605-ae9d-4cc44d698365",
	"00000000-0000-0000-0000-000000000000",
	'');
INSERT INTO V_LOC
	VALUES ("3393a09a-d30e-4d75-b8bc-f2d9d64fe4bf",
	28,
	4,
	14,
	"74f4ed0a-0476-4605-ae9d-4cc44d698365");
INSERT INTO ACT_BLK
	VALUES ("90c74ea0-e7f5-412d-93aa-cb74a1f97c2e",
	0,
	0,
	0,
	'TIM',
	'',
	'',
	36,
	4,
	36,
	19,
	0,
	0,
	0,
	0,
	0,
	0,
	0,
	0,
	0,
	"dc3c4c5e-e8f3-4c2b-8d4e-6aed9c873f3b",
	"00000000-0000-0000-0000-000000000000");
INSERT INTO ACT_SMT
	VALUES ("f7878e7a-ad17-4bc6-896f-50221c289d0c",
	"90c74ea0-e7f5-412d-93aa-cb74a1f97c2e",
	"cad8027d-3729-4005-8219-b84ebb0fa049",
	34,
	4,
	'Test Sequences::Performing Test Sequence 2 line: 34');
INSERT INTO E_ESS
	VALUES ("f7878e7a-ad17-4bc6-896f-50221c289d0c",
	1,
	0,
	34,
	41,
	34,
	48,
	0,
	0,
	0,
	0,
	0,
	0);
INSERT INTO E_CES
	VALUES ("f7878e7a-ad17-4bc6-896f-50221c289d0c",
	1,
	"44d41ddf-bb33-435a-a860-d6dd0a39f156");
INSERT INTO E_CSME
	VALUES ("f7878e7a-ad17-4bc6-896f-50221c289d0c",
	"6358e0ea-c97e-49f9-806f-277e239ee029");
INSERT INTO E_CEI
	VALUES ("f7878e7a-ad17-4bc6-896f-50221c289d0c",
	"0225e76b-07c2-466d-93c0-b850b05ba8df");
INSERT INTO ACT_SMT
	VALUES ("cad8027d-3729-4005-8219-b84ebb0fa049",
	"90c74ea0-e7f5-412d-93aa-cb74a1f97c2e",
	"1c0cb52e-7114-4bde-9e22-b52fbb59bb9e",
	35,
	4,
	'Test Sequences::Performing Test Sequence 2 line: 35');
INSERT INTO ACT_AI
	VALUES ("cad8027d-3729-4005-8219-b84ebb0fa049",
	"0930da94-8c4d-4932-963e-6941d157a1da",
	"20ab7869-eac6-4141-92a4-142a0dd61b0f",
	0,
	0);
INSERT INTO ACT_SMT
	VALUES ("1c0cb52e-7114-4bde-9e22-b52fbb59bb9e",
	"90c74ea0-e7f5-412d-93aa-cb74a1f97c2e",
	"00000000-0000-0000-0000-000000000000",
	36,
	4,
	'Test Sequences::Performing Test Sequence 2 line: 36');
INSERT INTO ACT_AI
	VALUES ("1c0cb52e-7114-4bde-9e22-b52fbb59bb9e",
	"fde90836-557b-488f-8425-cec50f852cf2",
	"9fe845d4-702d-4afe-b424-a556cd8f765a",
	0,
	0);
INSERT INTO V_VAL
	VALUES ("20ab7869-eac6-4141-92a4-142a0dd61b0f",
	1,
	1,
	35,
	4,
	15,
	0,
	0,
	0,
	0,
	"ba5eda7a-def5-0000-0000-00000000000f",
	"90c74ea0-e7f5-412d-93aa-cb74a1f97c2e");
INSERT INTO V_TVL
	VALUES ("20ab7869-eac6-4141-92a4-142a0dd61b0f",
	"d33f0c33-aa27-4e82-a0f2-071531aa0bd6");
INSERT INTO V_VAL
	VALUES ("0930da94-8c4d-4932-963e-6941d157a1da",
	0,
	0,
	35,
	23,
	-1,
	35,
	35,
	35,
	56,
	"ba5eda7a-def5-0000-0000-00000000000f",
	"90c74ea0-e7f5-412d-93aa-cb74a1f97c2e");
INSERT INTO V_BRV
	VALUES ("0930da94-8c4d-4932-963e-6941d157a1da",
	"03a46075-6e6b-44a0-9203-72f9ef1b94a2",
	1,
	35,
	18);
INSERT INTO V_VAL
	VALUES ("c602208a-6863-4a8e-a438-19a19fc3f8da",
	0,
	0,
	35,
	48,
	54,
	0,
	0,
	0,
	0,
	"ba5eda7a-def5-0000-0000-000000000002",
	"90c74ea0-e7f5-412d-93aa-cb74a1f97c2e");
INSERT INTO V_LIN
	VALUES ("c602208a-6863-4a8e-a438-19a19fc3f8da",
	'3000000');
INSERT INTO V_PAR
	VALUES ("c602208a-6863-4a8e-a438-19a19fc3f8da",
	"00000000-0000-0000-0000-000000000000",
	"0930da94-8c4d-4932-963e-6941d157a1da",
	'microseconds',
	"a3515b2b-9c61-4bab-86be-0a4cd1fe3f21",
	35,
	35);
INSERT INTO V_VAL
	VALUES ("a3515b2b-9c61-4bab-86be-0a4cd1fe3f21",
	0,
	0,
	35,
	67,
	77,
	0,
	0,
	0,
	0,
	"ba5eda7a-def5-0000-0000-00000000000a",
	"90c74ea0-e7f5-412d-93aa-cb74a1f97c2e");
INSERT INTO V_TVL
	VALUES ("a3515b2b-9c61-4bab-86be-0a4cd1fe3f21",
	"44d41ddf-bb33-435a-a860-d6dd0a39f156");
INSERT INTO V_PAR
	VALUES ("a3515b2b-9c61-4bab-86be-0a4cd1fe3f21",
	"00000000-0000-0000-0000-000000000000",
	"0930da94-8c4d-4932-963e-6941d157a1da",
	'event_inst',
	"00000000-0000-0000-0000-000000000000",
	35,
	56);
INSERT INTO V_VAL
	VALUES ("9fe845d4-702d-4afe-b424-a556cd8f765a",
	1,
	1,
	36,
	4,
	15,
	0,
	0,
	0,
	0,
	"ba5eda7a-def5-0000-0000-00000000000f",
	"90c74ea0-e7f5-412d-93aa-cb74a1f97c2e");
INSERT INTO V_TVL
	VALUES ("9fe845d4-702d-4afe-b424-a556cd8f765a",
	"8bd19a51-de0f-461d-85c6-14d8aef58566");
INSERT INTO V_VAL
	VALUES ("fde90836-557b-488f-8425-cec50f852cf2",
	0,
	0,
	36,
	24,
	-1,
	36,
	36,
	36,
	57,
	"ba5eda7a-def5-0000-0000-00000000000f",
	"90c74ea0-e7f5-412d-93aa-cb74a1f97c2e");
INSERT INTO V_BRV
	VALUES ("fde90836-557b-488f-8425-cec50f852cf2",
	"03a46075-6e6b-44a0-9203-72f9ef1b94a2",
	1,
	36,
	19);
INSERT INTO V_VAL
	VALUES ("500c565c-eaa1-457f-ba63-f03746ace61c",
	0,
	0,
	36,
	49,
	55,
	0,
	0,
	0,
	0,
	"ba5eda7a-def5-0000-0000-000000000002",
	"90c74ea0-e7f5-412d-93aa-cb74a1f97c2e");
INSERT INTO V_LIN
	VALUES ("500c565c-eaa1-457f-ba63-f03746ace61c",
	'3000001');
INSERT INTO V_PAR
	VALUES ("500c565c-eaa1-457f-ba63-f03746ace61c",
	"00000000-0000-0000-0000-000000000000",
	"fde90836-557b-488f-8425-cec50f852cf2",
	'microseconds',
	"eefba480-e663-4ef2-a01d-fbb0f322effe",
	36,
	36);
INSERT INTO V_VAL
	VALUES ("eefba480-e663-4ef2-a01d-fbb0f322effe",
	0,
	0,
	36,
	68,
	78,
	0,
	0,
	0,
	0,
	"ba5eda7a-def5-0000-0000-00000000000a",
	"90c74ea0-e7f5-412d-93aa-cb74a1f97c2e");
INSERT INTO V_TVL
	VALUES ("eefba480-e663-4ef2-a01d-fbb0f322effe",
	"44d41ddf-bb33-435a-a860-d6dd0a39f156");
INSERT INTO V_PAR
	VALUES ("eefba480-e663-4ef2-a01d-fbb0f322effe",
	"00000000-0000-0000-0000-000000000000",
	"fde90836-557b-488f-8425-cec50f852cf2",
	'event_inst',
	"00000000-0000-0000-0000-000000000000",
	36,
	57);
INSERT INTO V_VAR
	VALUES ("44d41ddf-bb33-435a-a860-d6dd0a39f156",
	"90c74ea0-e7f5-412d-93aa-cb74a1f97c2e",
	'lower_power',
	1,
	"ba5eda7a-def5-0000-0000-00000000000a");
INSERT INTO V_TRN
	VALUES ("44d41ddf-bb33-435a-a860-d6dd0a39f156",
	"00000000-0000-0000-0000-000000000000",
	'');
INSERT INTO V_LOC
	VALUES ("ebaf9697-4583-43b3-be2c-303905589811",
	34,
	26,
	36,
	"44d41ddf-bb33-435a-a860-d6dd0a39f156");
INSERT INTO V_LOC
	VALUES ("4ce6808d-aead-4525-98e8-f7199cdeaf62",
	35,
	67,
	77,
	"44d41ddf-bb33-435a-a860-d6dd0a39f156");
INSERT INTO V_LOC
	VALUES ("062401c5-55b7-48bf-a733-5d86e20ff4f5",
	36,
	68,
	78,
	"44d41ddf-bb33-435a-a860-d6dd0a39f156");
INSERT INTO V_VAR
	VALUES ("d33f0c33-aa27-4e82-a0f2-071531aa0bd6",
	"90c74ea0-e7f5-412d-93aa-cb74a1f97c2e",
	'step5a_timer',
	1,
	"ba5eda7a-def5-0000-0000-00000000000f");
INSERT INTO V_TRN
	VALUES ("d33f0c33-aa27-4e82-a0f2-071531aa0bd6",
	"00000000-0000-0000-0000-000000000000",
	'');
INSERT INTO V_LOC
	VALUES ("ab242ac7-6ae9-4613-b712-5e9364944cb6",
	35,
	4,
	15,
	"d33f0c33-aa27-4e82-a0f2-071531aa0bd6");
INSERT INTO V_VAR
	VALUES ("8bd19a51-de0f-461d-85c6-14d8aef58566",
	"90c74ea0-e7f5-412d-93aa-cb74a1f97c2e",
	'step5b_timer',
	1,
	"ba5eda7a-def5-0000-0000-00000000000f");
INSERT INTO V_TRN
	VALUES ("8bd19a51-de0f-461d-85c6-14d8aef58566",
	"00000000-0000-0000-0000-000000000000",
	'');
INSERT INTO V_LOC
	VALUES ("eddbf4d8-9b54-4e3e-8d0b-4facecec715a",
	36,
	4,
	15,
	"8bd19a51-de0f-461d-85c6-14d8aef58566");
INSERT INTO ACT_BLK
	VALUES ("2ff8d3e5-5c90-41ce-a216-bd6c0d85a3bf",
	0,
	0,
	0,
	'TIM',
	'',
	'',
	43,
	4,
	43,
	17,
	0,
	0,
	0,
	0,
	0,
	0,
	0,
	0,
	0,
	"dc3c4c5e-e8f3-4c2b-8d4e-6aed9c873f3b",
	"00000000-0000-0000-0000-000000000000");
INSERT INTO ACT_SMT
	VALUES ("e2de3a00-f864-4800-977e-f4b163ba6840",
	"2ff8d3e5-5c90-41ce-a216-bd6c0d85a3bf",
	"12bea0bb-3426-4fdd-83fc-2cb4c64536c5",
	42,
	4,
	'Test Sequences::Performing Test Sequence 2 line: 42');
INSERT INTO E_ESS
	VALUES ("e2de3a00-f864-4800-977e-f4b163ba6840",
	1,
	0,
	42,
	40,
	42,
	46,
	0,
	0,
	0,
	0,
	0,
	0);
INSERT INTO E_CES
	VALUES ("e2de3a00-f864-4800-977e-f4b163ba6840",
	1,
	"6100b07b-0d1b-4738-9de1-9f9fe5e66d7a");
INSERT INTO E_CSME
	VALUES ("e2de3a00-f864-4800-977e-f4b163ba6840",
	"13d303e7-37dc-42d2-84a8-b9cc6b41ed37");
INSERT INTO E_CEI
	VALUES ("e2de3a00-f864-4800-977e-f4b163ba6840",
	"b1e034dd-3bf9-4dd0-a6e7-1115957f69df");
INSERT INTO ACT_SMT
	VALUES ("12bea0bb-3426-4fdd-83fc-2cb4c64536c5",
	"2ff8d3e5-5c90-41ce-a216-bd6c0d85a3bf",
	"00000000-0000-0000-0000-000000000000",
	43,
	4,
	'Test Sequences::Performing Test Sequence 2 line: 43');
INSERT INTO ACT_AI
	VALUES ("12bea0bb-3426-4fdd-83fc-2cb4c64536c5",
	"193c72ae-a7e9-4356-b389-5bc93110e54c",
	"43d09591-9e2c-4e3e-91fc-19b3155431e2",
	0,
	0);
INSERT INTO V_VAL
	VALUES ("43d09591-9e2c-4e3e-91fc-19b3155431e2",
	1,
	1,
	43,
	4,
	14,
	0,
	0,
	0,
	0,
	"ba5eda7a-def5-0000-0000-00000000000f",
	"2ff8d3e5-5c90-41ce-a216-bd6c0d85a3bf");
INSERT INTO V_TVL
	VALUES ("43d09591-9e2c-4e3e-91fc-19b3155431e2",
	"255c1983-d336-4378-8d57-5be4d3730389");
INSERT INTO V_VAL
	VALUES ("193c72ae-a7e9-4356-b389-5bc93110e54c",
	0,
	0,
	43,
	22,
	-1,
	43,
	34,
	43,
	55,
	"ba5eda7a-def5-0000-0000-00000000000f",
	"2ff8d3e5-5c90-41ce-a216-bd6c0d85a3bf");
INSERT INTO V_BRV
	VALUES ("193c72ae-a7e9-4356-b389-5bc93110e54c",
	"03a46075-6e6b-44a0-9203-72f9ef1b94a2",
	1,
	43,
	17);
INSERT INTO V_VAL
	VALUES ("3f43ebcd-a15d-4692-a56f-6a7ab6d2af12",
	0,
	0,
	43,
	47,
	53,
	0,
	0,
	0,
	0,
	"ba5eda7a-def5-0000-0000-000000000002",
	"2ff8d3e5-5c90-41ce-a216-bd6c0d85a3bf");
INSERT INTO V_LIN
	VALUES ("3f43ebcd-a15d-4692-a56f-6a7ab6d2af12",
	'9000000');
INSERT INTO V_PAR
	VALUES ("3f43ebcd-a15d-4692-a56f-6a7ab6d2af12",
	"00000000-0000-0000-0000-000000000000",
	"193c72ae-a7e9-4356-b389-5bc93110e54c",
	'microseconds',
	"b2acf3c4-3d77-405e-848e-da58e448a0fc",
	43,
	34);
INSERT INTO V_VAL
	VALUES ("b2acf3c4-3d77-405e-848e-da58e448a0fc",
	0,
	0,
	43,
	66,
	75,
	0,
	0,
	0,
	0,
	"ba5eda7a-def5-0000-0000-00000000000a",
	"2ff8d3e5-5c90-41ce-a216-bd6c0d85a3bf");
INSERT INTO V_TVL
	VALUES ("b2acf3c4-3d77-405e-848e-da58e448a0fc",
	"6100b07b-0d1b-4738-9de1-9f9fe5e66d7a");
INSERT INTO V_PAR
	VALUES ("b2acf3c4-3d77-405e-848e-da58e448a0fc",
	"00000000-0000-0000-0000-000000000000",
	"193c72ae-a7e9-4356-b389-5bc93110e54c",
	'event_inst',
	"00000000-0000-0000-0000-000000000000",
	43,
	55);
INSERT INTO V_VAR
	VALUES ("6100b07b-0d1b-4738-9de1-9f9fe5e66d7a",
	"2ff8d3e5-5c90-41ce-a216-bd6c0d85a3bf",
	'close_door',
	1,
	"ba5eda7a-def5-0000-0000-00000000000a");
INSERT INTO V_TRN
	VALUES ("6100b07b-0d1b-4738-9de1-9f9fe5e66d7a",
	"00000000-0000-0000-0000-000000000000",
	'');
INSERT INTO V_LOC
	VALUES ("0f9fbc41-a717-4cfd-b441-3d397fc04539",
	42,
	26,
	35,
	"6100b07b-0d1b-4738-9de1-9f9fe5e66d7a");
INSERT INTO V_LOC
	VALUES ("0c1d1ce7-463e-4fc2-8f97-688efc2d54b4",
	43,
	66,
	75,
	"6100b07b-0d1b-4738-9de1-9f9fe5e66d7a");
INSERT INTO V_VAR
	VALUES ("255c1983-d336-4378-8d57-5be4d3730389",
	"2ff8d3e5-5c90-41ce-a216-bd6c0d85a3bf",
	'step6_timer',
	1,
	"ba5eda7a-def5-0000-0000-00000000000f");
INSERT INTO V_TRN
	VALUES ("255c1983-d336-4378-8d57-5be4d3730389",
	"00000000-0000-0000-0000-000000000000",
	'');
INSERT INTO V_LOC
	VALUES ("8381d6eb-d27c-43a8-a305-4dba6543b7bc",
	43,
	4,
	14,
	"255c1983-d336-4378-8d57-5be4d3730389");
INSERT INTO ACT_BLK
	VALUES ("688733f6-8dca-4f74-aacb-c7e7249ca302",
	0,
	0,
	0,
	'TIM',
	'',
	'',
	50,
	4,
	50,
	17,
	0,
	0,
	0,
	0,
	0,
	0,
	0,
	0,
	0,
	"dc3c4c5e-e8f3-4c2b-8d4e-6aed9c873f3b",
	"00000000-0000-0000-0000-000000000000");
INSERT INTO ACT_SMT
	VALUES ("675c1d56-47c6-48dc-9d07-752a8380071a",
	"688733f6-8dca-4f74-aacb-c7e7249ca302",
	"905f1824-2c19-4c13-b13a-b74778997f7b",
	49,
	4,
	'Test Sequences::Performing Test Sequence 2 line: 49');
INSERT INTO E_ESS
	VALUES ("675c1d56-47c6-48dc-9d07-752a8380071a",
	1,
	0,
	49,
	37,
	49,
	43,
	0,
	0,
	0,
	0,
	0,
	0);
INSERT INTO E_CES
	VALUES ("675c1d56-47c6-48dc-9d07-752a8380071a",
	1,
	"199180c8-abed-4ac9-93de-870cec86fc7c");
INSERT INTO E_CSME
	VALUES ("675c1d56-47c6-48dc-9d07-752a8380071a",
	"de042e27-ffe4-44b4-a05f-a2287cc296c7");
INSERT INTO E_CEI
	VALUES ("675c1d56-47c6-48dc-9d07-752a8380071a",
	"4d655ded-73f1-4958-a801-07006103f900");
INSERT INTO ACT_SMT
	VALUES ("905f1824-2c19-4c13-b13a-b74778997f7b",
	"688733f6-8dca-4f74-aacb-c7e7249ca302",
	"00000000-0000-0000-0000-000000000000",
	50,
	4,
	'Test Sequences::Performing Test Sequence 2 line: 50');
INSERT INTO ACT_AI
	VALUES ("905f1824-2c19-4c13-b13a-b74778997f7b",
	"4bd8a7c9-c4ce-400a-bbb2-55238fd3688f",
	"2868ff0e-56fb-4b07-98c0-cb4f2ae22efd",
	0,
	0);
INSERT INTO V_VAL
	VALUES ("2868ff0e-56fb-4b07-98c0-cb4f2ae22efd",
	1,
	1,
	50,
	4,
	14,
	0,
	0,
	0,
	0,
	"ba5eda7a-def5-0000-0000-00000000000f",
	"688733f6-8dca-4f74-aacb-c7e7249ca302");
INSERT INTO V_TVL
	VALUES ("2868ff0e-56fb-4b07-98c0-cb4f2ae22efd",
	"79ce64a7-6b8f-4767-aae8-18c941c949fa");
INSERT INTO V_VAL
	VALUES ("4bd8a7c9-c4ce-400a-bbb2-55238fd3688f",
	0,
	0,
	50,
	22,
	-1,
	50,
	34,
	50,
	56,
	"ba5eda7a-def5-0000-0000-00000000000f",
	"688733f6-8dca-4f74-aacb-c7e7249ca302");
INSERT INTO V_BRV
	VALUES ("4bd8a7c9-c4ce-400a-bbb2-55238fd3688f",
	"03a46075-6e6b-44a0-9203-72f9ef1b94a2",
	1,
	50,
	17);
INSERT INTO V_VAL
	VALUES ("c20eda88-e8b8-423e-81a5-83ed2594ff77",
	0,
	0,
	50,
	47,
	54,
	0,
	0,
	0,
	0,
	"ba5eda7a-def5-0000-0000-000000000002",
	"688733f6-8dca-4f74-aacb-c7e7249ca302");
INSERT INTO V_LIN
	VALUES ("c20eda88-e8b8-423e-81a5-83ed2594ff77",
	'10000000');
INSERT INTO V_PAR
	VALUES ("c20eda88-e8b8-423e-81a5-83ed2594ff77",
	"00000000-0000-0000-0000-000000000000",
	"4bd8a7c9-c4ce-400a-bbb2-55238fd3688f",
	'microseconds',
	"602d25e2-7131-448c-8b29-a6285f74f705",
	50,
	34);
INSERT INTO V_VAL
	VALUES ("602d25e2-7131-448c-8b29-a6285f74f705",
	0,
	0,
	50,
	67,
	73,
	0,
	0,
	0,
	0,
	"ba5eda7a-def5-0000-0000-00000000000a",
	"688733f6-8dca-4f74-aacb-c7e7249ca302");
INSERT INTO V_TVL
	VALUES ("602d25e2-7131-448c-8b29-a6285f74f705",
	"199180c8-abed-4ac9-93de-870cec86fc7c");
INSERT INTO V_PAR
	VALUES ("602d25e2-7131-448c-8b29-a6285f74f705",
	"00000000-0000-0000-0000-000000000000",
	"4bd8a7c9-c4ce-400a-bbb2-55238fd3688f",
	'event_inst',
	"00000000-0000-0000-0000-000000000000",
	50,
	56);
INSERT INTO V_VAR
	VALUES ("199180c8-abed-4ac9-93de-870cec86fc7c",
	"688733f6-8dca-4f74-aacb-c7e7249ca302",
	'restart',
	1,
	"ba5eda7a-def5-0000-0000-00000000000a");
INSERT INTO V_TRN
	VALUES ("199180c8-abed-4ac9-93de-870cec86fc7c",
	"00000000-0000-0000-0000-000000000000",
	'');
INSERT INTO V_LOC
	VALUES ("0b18027e-645d-4d46-9f48-2313a354116e",
	49,
	26,
	32,
	"199180c8-abed-4ac9-93de-870cec86fc7c");
INSERT INTO V_LOC
	VALUES ("42891a6d-a325-486d-9143-8cffe87f61f5",
	50,
	67,
	73,
	"199180c8-abed-4ac9-93de-870cec86fc7c");
INSERT INTO V_VAR
	VALUES ("79ce64a7-6b8f-4767-aae8-18c941c949fa",
	"688733f6-8dca-4f74-aacb-c7e7249ca302",
	'step7_timer',
	1,
	"ba5eda7a-def5-0000-0000-00000000000f");
INSERT INTO V_TRN
	VALUES ("79ce64a7-6b8f-4767-aae8-18c941c949fa",
	"00000000-0000-0000-0000-000000000000",
	'');
INSERT INTO V_LOC
	VALUES ("307e81c3-0e22-4f34-af15-fc0bbc7c589f",
	50,
	4,
	14,
	"79ce64a7-6b8f-4767-aae8-18c941c949fa");
INSERT INTO SM_STATE
	VALUES ("7b84fac1-ec91-4989-8535-da36825266e0",
	"2be671b0-392e-45d3-bfc1-1d93db24f0d6",
	"00000000-0000-0000-0000-000000000000",
	'Cooking Complete',
	4,
	0);
INSERT INTO SM_EIGN
	VALUES ("7b84fac1-ec91-4989-8535-da36825266e0",
	"646a7174-f38f-4647-bf47-dd9094500482",
	"2be671b0-392e-45d3-bfc1-1d93db24f0d6",
	"00000000-0000-0000-0000-000000000000",
	'');
INSERT INTO SM_SEME
	VALUES ("7b84fac1-ec91-4989-8535-da36825266e0",
	"646a7174-f38f-4647-bf47-dd9094500482",
	"2be671b0-392e-45d3-bfc1-1d93db24f0d6",
	"00000000-0000-0000-0000-000000000000");
INSERT INTO SM_EIGN
	VALUES ("7b84fac1-ec91-4989-8535-da36825266e0",
	"a45fd8fd-a8ad-46e0-9d2e-6270bf11aad6",
	"2be671b0-392e-45d3-bfc1-1d93db24f0d6",
	"00000000-0000-0000-0000-000000000000",
	'');
INSERT INTO SM_SEME
	VALUES ("7b84fac1-ec91-4989-8535-da36825266e0",
	"a45fd8fd-a8ad-46e0-9d2e-6270bf11aad6",
	"2be671b0-392e-45d3-bfc1-1d93db24f0d6",
	"00000000-0000-0000-0000-000000000000");
INSERT INTO SM_EIGN
	VALUES ("7b84fac1-ec91-4989-8535-da36825266e0",
	"318f162c-5156-4bab-b4d5-2dbf5160f03c",
	"2be671b0-392e-45d3-bfc1-1d93db24f0d6",
	"00000000-0000-0000-0000-000000000000",
	'');
INSERT INTO SM_SEME
	VALUES ("7b84fac1-ec91-4989-8535-da36825266e0",
	"318f162c-5156-4bab-b4d5-2dbf5160f03c",
	"2be671b0-392e-45d3-bfc1-1d93db24f0d6",
	"00000000-0000-0000-0000-000000000000");
INSERT INTO SM_EIGN
	VALUES ("7b84fac1-ec91-4989-8535-da36825266e0",
	"091956c4-8fc8-44a9-8835-4f0654de3eb7",
	"2be671b0-392e-45d3-bfc1-1d93db24f0d6",
	"00000000-0000-0000-0000-000000000000",
	'');
INSERT INTO SM_SEME
	VALUES ("7b84fac1-ec91-4989-8535-da36825266e0",
	"091956c4-8fc8-44a9-8835-4f0654de3eb7",
	"2be671b0-392e-45d3-bfc1-1d93db24f0d6",
	"00000000-0000-0000-0000-000000000000");
INSERT INTO SM_MOAH
	VALUES ("1e84e47b-5374-42a7-9579-d2fc46ad10f0",
	"2be671b0-392e-45d3-bfc1-1d93db24f0d6",
	"7b84fac1-ec91-4989-8535-da36825266e0");
INSERT INTO SM_AH
	VALUES ("1e84e47b-5374-42a7-9579-d2fc46ad10f0",
	"2be671b0-392e-45d3-bfc1-1d93db24f0d6");
INSERT INTO SM_ACT
	VALUES ("1e84e47b-5374-42a7-9579-d2fc46ad10f0",
	"2be671b0-392e-45d3-bfc1-1d93db24f0d6",
	1,
	'//For code generation: terminate system once complete
Bridge ARCH::shutdown();',
	'');
INSERT INTO ACT_SAB
	VALUES ("653f6070-4349-4035-bd2d-c706bdccd621",
	"2be671b0-392e-45d3-bfc1-1d93db24f0d6",
	"1e84e47b-5374-42a7-9579-d2fc46ad10f0");
INSERT INTO ACT_ACT
	VALUES ("653f6070-4349-4035-bd2d-c706bdccd621",
	'state',
	0,
	"7df3419a-d97b-4908-89c1-b32ba79ce86f",
	"00000000-0000-0000-0000-000000000000",
	0,
	'Test Sequences::Cooking Complete',
	"00000000-0000-0000-0000-000000000000");
INSERT INTO ACT_BLK
	VALUES ("7df3419a-d97b-4908-89c1-b32ba79ce86f",
	0,
	0,
	0,
	'',
	'',
	'',
	2,
	1,
	2,
	8,
	0,
	0,
	0,
	0,
	0,
	0,
	0,
	0,
	0,
	"653f6070-4349-4035-bd2d-c706bdccd621",
	"00000000-0000-0000-0000-000000000000");
INSERT INTO ACT_SMT
	VALUES ("d9c6b7e5-9318-4f72-8a6a-9e397f20db2e",
	"7df3419a-d97b-4908-89c1-b32ba79ce86f",
	"00000000-0000-0000-0000-000000000000",
	2,
	1,
	'Test Sequences::Cooking Complete line: 2');
INSERT INTO ACT_BRG
	VALUES ("d9c6b7e5-9318-4f72-8a6a-9e397f20db2e",
	"d6a6aa5e-fb7f-4817-8aec-2548ebc88e3c",
	2,
	14,
	2,
	8);
INSERT INTO SM_NSTXN
	VALUES ("655e7bb9-042b-4028-88ca-2990b3508615",
	"2be671b0-392e-45d3-bfc1-1d93db24f0d6",
	"9d8a9b67-e0b2-4b7c-85f2-fe45e3263c7b",
	"318f162c-5156-4bab-b4d5-2dbf5160f03c",
	"00000000-0000-0000-0000-000000000000");
INSERT INTO SM_TAH
	VALUES ("a7272b72-ed7b-4257-8b71-8f151c4eb7fa",
	"2be671b0-392e-45d3-bfc1-1d93db24f0d6",
	"655e7bb9-042b-4028-88ca-2990b3508615");
INSERT INTO SM_AH
	VALUES ("a7272b72-ed7b-4257-8b71-8f151c4eb7fa",
	"2be671b0-392e-45d3-bfc1-1d93db24f0d6");
INSERT INTO SM_ACT
	VALUES ("a7272b72-ed7b-4257-8b71-8f151c4eb7fa",
	"2be671b0-392e-45d3-bfc1-1d93db24f0d6",
	1,
	'',
	'');
INSERT INTO ACT_TAB
	VALUES ("76689613-f192-47be-9dcc-872c0000f9b2",
	"2be671b0-392e-45d3-bfc1-1d93db24f0d6",
	"a7272b72-ed7b-4257-8b71-8f151c4eb7fa");
INSERT INTO ACT_ACT
	VALUES ("76689613-f192-47be-9dcc-872c0000f9b2",
	'transition',
	0,
	"a80a4404-ca78-4b41-a2f8-3d2e898b5ccb",
	"00000000-0000-0000-0000-000000000000",
	0,
	'MO_TS1: initialize',
	"00000000-0000-0000-0000-000000000000");
INSERT INTO ACT_BLK
	VALUES ("a80a4404-ca78-4b41-a2f8-3d2e898b5ccb",
	0,
	0,
	0,
	'',
	'',
	'',
	0,
	0,
	0,
	0,
	0,
	0,
	0,
	0,
	0,
	0,
	0,
	0,
	0,
	"76689613-f192-47be-9dcc-872c0000f9b2",
	"00000000-0000-0000-0000-000000000000");
INSERT INTO SM_TXN
	VALUES ("655e7bb9-042b-4028-88ca-2990b3508615",
	"2be671b0-392e-45d3-bfc1-1d93db24f0d6",
	"9d8a9b67-e0b2-4b7c-85f2-fe45e3263c7b",
	"00000000-0000-0000-0000-000000000000");
INSERT INTO SM_NSTXN
	VALUES ("a81cac3d-d285-4bae-8711-470a0f6e4265",
	"2be671b0-392e-45d3-bfc1-1d93db24f0d6",
	"9d8a9b67-e0b2-4b7c-85f2-fe45e3263c7b",
	"646a7174-f38f-4647-bf47-dd9094500482",
	"00000000-0000-0000-0000-000000000000");
INSERT INTO SM_TAH
	VALUES ("4fdd1d6d-cbe2-477f-810d-0d05a938203b",
	"2be671b0-392e-45d3-bfc1-1d93db24f0d6",
	"a81cac3d-d285-4bae-8711-470a0f6e4265");
INSERT INTO SM_AH
	VALUES ("4fdd1d6d-cbe2-477f-810d-0d05a938203b",
	"2be671b0-392e-45d3-bfc1-1d93db24f0d6");
INSERT INTO SM_ACT
	VALUES ("4fdd1d6d-cbe2-477f-810d-0d05a938203b",
	"2be671b0-392e-45d3-bfc1-1d93db24f0d6",
	1,
	'',
	'');
INSERT INTO ACT_TAB
	VALUES ("bb4d0912-1e1d-48d1-b44a-40a5f5dae0b6",
	"2be671b0-392e-45d3-bfc1-1d93db24f0d6",
	"4fdd1d6d-cbe2-477f-810d-0d05a938203b");
INSERT INTO ACT_ACT
	VALUES ("bb4d0912-1e1d-48d1-b44a-40a5f5dae0b6",
	'transition',
	0,
	"00a75fa0-35b1-45a5-8e86-91ba476fb9cf",
	"00000000-0000-0000-0000-000000000000",
	0,
	'MO_TS2: perform_test_seq_1',
	"00000000-0000-0000-0000-000000000000");
INSERT INTO ACT_BLK
	VALUES ("00a75fa0-35b1-45a5-8e86-91ba476fb9cf",
	0,
	0,
	0,
	'',
	'',
	'',
	0,
	0,
	0,
	0,
	0,
	0,
	0,
	0,
	0,
	0,
	0,
	0,
	0,
	"bb4d0912-1e1d-48d1-b44a-40a5f5dae0b6",
	"00000000-0000-0000-0000-000000000000");
INSERT INTO SM_TXN
	VALUES ("a81cac3d-d285-4bae-8711-470a0f6e4265",
	"2be671b0-392e-45d3-bfc1-1d93db24f0d6",
	"385f84eb-94b0-4a4f-904d-d1e5902c2788",
	"00000000-0000-0000-0000-000000000000");
INSERT INTO SM_NSTXN
	VALUES ("cfc8c96b-44dd-4329-8f2c-0fccd3c334a0",
	"2be671b0-392e-45d3-bfc1-1d93db24f0d6",
	"9d8a9b67-e0b2-4b7c-85f2-fe45e3263c7b",
	"a45fd8fd-a8ad-46e0-9d2e-6270bf11aad6",
	"00000000-0000-0000-0000-000000000000");
INSERT INTO SM_TAH
	VALUES ("b6f21749-2fe5-42da-8eb1-b4ae0882059b",
	"2be671b0-392e-45d3-bfc1-1d93db24f0d6",
	"cfc8c96b-44dd-4329-8f2c-0fccd3c334a0");
INSERT INTO SM_AH
	VALUES ("b6f21749-2fe5-42da-8eb1-b4ae0882059b",
	"2be671b0-392e-45d3-bfc1-1d93db24f0d6");
INSERT INTO SM_ACT
	VALUES ("b6f21749-2fe5-42da-8eb1-b4ae0882059b",
	"2be671b0-392e-45d3-bfc1-1d93db24f0d6",
	1,
	'',
	'');
INSERT INTO ACT_TAB
	VALUES ("019fbf53-0ad1-468c-8dc6-167052884c99",
	"2be671b0-392e-45d3-bfc1-1d93db24f0d6",
	"b6f21749-2fe5-42da-8eb1-b4ae0882059b");
INSERT INTO ACT_ACT
	VALUES ("019fbf53-0ad1-468c-8dc6-167052884c99",
	'transition',
	0,
	"76c5484c-1b36-49c2-a3d5-2a18dd3719a7",
	"00000000-0000-0000-0000-000000000000",
	0,
	'MO_TS3: perform_test_seq_2',
	"00000000-0000-0000-0000-000000000000");
INSERT INTO ACT_BLK
	VALUES ("76c5484c-1b36-49c2-a3d5-2a18dd3719a7",
	0,
	0,
	0,
	'',
	'',
	'',
	0,
	0,
	0,
	0,
	0,
	0,
	0,
	0,
	0,
	0,
	0,
	0,
	0,
	"019fbf53-0ad1-468c-8dc6-167052884c99",
	"00000000-0000-0000-0000-000000000000");
INSERT INTO SM_TXN
	VALUES ("cfc8c96b-44dd-4329-8f2c-0fccd3c334a0",
	"2be671b0-392e-45d3-bfc1-1d93db24f0d6",
	"dcabd7b8-a70f-4e4b-b1a1-3fdd41563256",
	"00000000-0000-0000-0000-000000000000");
INSERT INTO SM_NSTXN
	VALUES ("11744ceb-8798-41be-b635-8bb727248d4a",
	"2be671b0-392e-45d3-bfc1-1d93db24f0d6",
	"385f84eb-94b0-4a4f-904d-d1e5902c2788",
	"091956c4-8fc8-44a9-8835-4f0654de3eb7",
	"00000000-0000-0000-0000-000000000000");
INSERT INTO SM_TAH
	VALUES ("d7155762-8cc4-4b04-9a3c-83b66e0efa7a",
	"2be671b0-392e-45d3-bfc1-1d93db24f0d6",
	"11744ceb-8798-41be-b635-8bb727248d4a");
INSERT INTO SM_AH
	VALUES ("d7155762-8cc4-4b04-9a3c-83b66e0efa7a",
	"2be671b0-392e-45d3-bfc1-1d93db24f0d6");
INSERT INTO SM_ACT
	VALUES ("d7155762-8cc4-4b04-9a3c-83b66e0efa7a",
	"2be671b0-392e-45d3-bfc1-1d93db24f0d6",
	1,
	'',
	'');
INSERT INTO ACT_TAB
	VALUES ("9452603c-d901-4b3a-89c2-1bde83706f6e",
	"2be671b0-392e-45d3-bfc1-1d93db24f0d6",
	"d7155762-8cc4-4b04-9a3c-83b66e0efa7a");
INSERT INTO ACT_ACT
	VALUES ("9452603c-d901-4b3a-89c2-1bde83706f6e",
	'transition',
	0,
	"d7aea03a-90ef-4d7c-8a7f-5a79b839b44a",
	"00000000-0000-0000-0000-000000000000",
	0,
	'MO_TS4: test_seq_complete',
	"00000000-0000-0000-0000-000000000000");
INSERT INTO ACT_BLK
	VALUES ("d7aea03a-90ef-4d7c-8a7f-5a79b839b44a",
	0,
	0,
	0,
	'',
	'',
	'',
	0,
	0,
	0,
	0,
	0,
	0,
	0,
	0,
	0,
	0,
	0,
	0,
	0,
	"9452603c-d901-4b3a-89c2-1bde83706f6e",
	"00000000-0000-0000-0000-000000000000");
INSERT INTO SM_TXN
	VALUES ("11744ceb-8798-41be-b635-8bb727248d4a",
	"2be671b0-392e-45d3-bfc1-1d93db24f0d6",
	"7b84fac1-ec91-4989-8535-da36825266e0",
	"00000000-0000-0000-0000-000000000000");
INSERT INTO SM_NSTXN
	VALUES ("17ca3ee6-6bd0-46cf-a5d3-585d240c7584",
	"2be671b0-392e-45d3-bfc1-1d93db24f0d6",
	"dcabd7b8-a70f-4e4b-b1a1-3fdd41563256",
	"091956c4-8fc8-44a9-8835-4f0654de3eb7",
	"00000000-0000-0000-0000-000000000000");
INSERT INTO SM_TAH
	VALUES ("a7aa05e7-f8de-40d5-8a5f-d4d5fdc650bc",
	"2be671b0-392e-45d3-bfc1-1d93db24f0d6",
	"17ca3ee6-6bd0-46cf-a5d3-585d240c7584");
INSERT INTO SM_AH
	VALUES ("a7aa05e7-f8de-40d5-8a5f-d4d5fdc650bc",
	"2be671b0-392e-45d3-bfc1-1d93db24f0d6");
INSERT INTO SM_ACT
	VALUES ("a7aa05e7-f8de-40d5-8a5f-d4d5fdc650bc",
	"2be671b0-392e-45d3-bfc1-1d93db24f0d6",
	1,
	'',
	'');
INSERT INTO ACT_TAB
	VALUES ("321068d3-22da-4fc9-aa5a-72e2128ebb1f",
	"2be671b0-392e-45d3-bfc1-1d93db24f0d6",
	"a7aa05e7-f8de-40d5-8a5f-d4d5fdc650bc");
INSERT INTO ACT_ACT
	VALUES ("321068d3-22da-4fc9-aa5a-72e2128ebb1f",
	'transition',
	0,
	"9b03d618-39cc-4403-a2b3-f428f7f47e5e",
	"00000000-0000-0000-0000-000000000000",
	0,
	'MO_TS4: test_seq_complete',
	"00000000-0000-0000-0000-000000000000");
INSERT INTO ACT_BLK
	VALUES ("9b03d618-39cc-4403-a2b3-f428f7f47e5e",
	0,
	0,
	0,
	'',
	'',
	'',
	0,
	0,
	0,
	0,
	0,
	0,
	0,
	0,
	0,
	0,
	0,
	0,
	0,
	"321068d3-22da-4fc9-aa5a-72e2128ebb1f",
	"00000000-0000-0000-0000-000000000000");
INSERT INTO SM_TXN
	VALUES ("17ca3ee6-6bd0-46cf-a5d3-585d240c7584",
	"2be671b0-392e-45d3-bfc1-1d93db24f0d6",
	"7b84fac1-ec91-4989-8535-da36825266e0",
	"00000000-0000-0000-0000-000000000000");
INSERT INTO PE_PE
	VALUES ("ba5eda7a-def5-0000-0000-000000000000",
	1,
	"00000000-0000-0000-0000-000000000000",
	"00000000-0000-0000-0000-000000000000",
	3);
INSERT INTO S_DT
	VALUES ("ba5eda7a-def5-0000-0000-000000000000",
	"00000000-0000-0000-0000-000000000000",
	'void',
	'',
	'');
INSERT INTO S_CDT
	VALUES ("ba5eda7a-def5-0000-0000-000000000000",
	0);
INSERT INTO PE_PE
	VALUES ("ba5eda7a-def5-0000-0000-000000000001",
	1,
	"00000000-0000-0000-0000-000000000000",
	"00000000-0000-0000-0000-000000000000",
	3);
INSERT INTO S_DT
	VALUES ("ba5eda7a-def5-0000-0000-000000000001",
	"00000000-0000-0000-0000-000000000000",
	'boolean',
	'',
	'');
INSERT INTO S_CDT
	VALUES ("ba5eda7a-def5-0000-0000-000000000001",
	1);
INSERT INTO PE_PE
	VALUES ("ba5eda7a-def5-0000-0000-000000000002",
	1,
	"00000000-0000-0000-0000-000000000000",
	"00000000-0000-0000-0000-000000000000",
	3);
INSERT INTO S_DT
	VALUES ("ba5eda7a-def5-0000-0000-000000000002",
	"00000000-0000-0000-0000-000000000000",
	'integer',
	'',
	'');
INSERT INTO S_CDT
	VALUES ("ba5eda7a-def5-0000-0000-000000000002",
	2);
INSERT INTO PE_PE
	VALUES ("ba5eda7a-def5-0000-0000-000000000003",
	1,
	"00000000-0000-0000-0000-000000000000",
	"00000000-0000-0000-0000-000000000000",
	3);
INSERT INTO S_DT
	VALUES ("ba5eda7a-def5-0000-0000-000000000003",
	"00000000-0000-0000-0000-000000000000",
	'real',
	'',
	'');
INSERT INTO S_CDT
	VALUES ("ba5eda7a-def5-0000-0000-000000000003",
	3);
INSERT INTO PE_PE
	VALUES ("ba5eda7a-def5-0000-0000-000000000004",
	1,
	"00000000-0000-0000-0000-000000000000",
	"00000000-0000-0000-0000-000000000000",
	3);
INSERT INTO S_DT
	VALUES ("ba5eda7a-def5-0000-0000-000000000004",
	"00000000-0000-0000-0000-000000000000",
	'string',
	'',
	'');
INSERT INTO S_CDT
	VALUES ("ba5eda7a-def5-0000-0000-000000000004",
	4);
INSERT INTO PE_PE
	VALUES ("ba5eda7a-def5-0000-0000-000000000005",
	1,
	"00000000-0000-0000-0000-000000000000",
	"00000000-0000-0000-0000-000000000000",
	3);
INSERT INTO S_DT
	VALUES ("ba5eda7a-def5-0000-0000-000000000005",
	"00000000-0000-0000-0000-000000000000",
	'unique_id',
	'',
	'');
INSERT INTO S_CDT
	VALUES ("ba5eda7a-def5-0000-0000-000000000005",
	5);
INSERT INTO PE_PE
	VALUES ("ba5eda7a-def5-0000-0000-000000000006",
	1,
	"00000000-0000-0000-0000-000000000000",
	"00000000-0000-0000-0000-000000000000",
	3);
INSERT INTO S_DT
	VALUES ("ba5eda7a-def5-0000-0000-000000000006",
	"00000000-0000-0000-0000-000000000000",
	'state<State_Model>',
	'',
	'');
INSERT INTO S_CDT
	VALUES ("ba5eda7a-def5-0000-0000-000000000006",
	6);
INSERT INTO PE_PE
	VALUES ("ba5eda7a-def5-0000-0000-000000000007",
	1,
	"00000000-0000-0000-0000-000000000000",
	"00000000-0000-0000-0000-000000000000",
	3);
INSERT INTO S_DT
	VALUES ("ba5eda7a-def5-0000-0000-000000000007",
	"00000000-0000-0000-0000-000000000000",
	'same_as<Base_Attribute>',
	'',
	'');
INSERT INTO S_CDT
	VALUES ("ba5eda7a-def5-0000-0000-000000000007",
	7);
INSERT INTO PE_PE
	VALUES ("ba5eda7a-def5-0000-0000-000000000008",
	1,
	"00000000-0000-0000-0000-000000000000",
	"00000000-0000-0000-0000-000000000000",
	3);
INSERT INTO S_DT
	VALUES ("ba5eda7a-def5-0000-0000-000000000008",
	"00000000-0000-0000-0000-000000000000",
	'inst_ref<Object>',
	'',
	'');
INSERT INTO S_CDT
	VALUES ("ba5eda7a-def5-0000-0000-000000000008",
	8);
INSERT INTO PE_PE
	VALUES ("ba5eda7a-def5-0000-0000-000000000009",
	1,
	"00000000-0000-0000-0000-000000000000",
	"00000000-0000-0000-0000-000000000000",
	3);
INSERT INTO S_DT
	VALUES ("ba5eda7a-def5-0000-0000-000000000009",
	"00000000-0000-0000-0000-000000000000",
	'inst_ref_set<Object>',
	'',
	'');
INSERT INTO S_CDT
	VALUES ("ba5eda7a-def5-0000-0000-000000000009",
	9);
INSERT INTO PE_PE
	VALUES ("ba5eda7a-def5-0000-0000-00000000000a",
	1,
	"00000000-0000-0000-0000-000000000000",
	"00000000-0000-0000-0000-000000000000",
	3);
INSERT INTO S_DT
	VALUES ("ba5eda7a-def5-0000-0000-00000000000a",
	"00000000-0000-0000-0000-000000000000",
	'inst<Event>',
	'',
	'');
INSERT INTO S_CDT
	VALUES ("ba5eda7a-def5-0000-0000-00000000000a",
	10);
INSERT INTO PE_PE
	VALUES ("ba5eda7a-def5-0000-0000-00000000000b",
	1,
	"00000000-0000-0000-0000-000000000000",
	"00000000-0000-0000-0000-000000000000",
	3);
INSERT INTO S_DT
	VALUES ("ba5eda7a-def5-0000-0000-00000000000b",
	"00000000-0000-0000-0000-000000000000",
	'inst<Mapping>',
	'',
	'');
INSERT INTO S_CDT
	VALUES ("ba5eda7a-def5-0000-0000-00000000000b",
	11);
INSERT INTO PE_PE
	VALUES ("ba5eda7a-def5-0000-0000-00000000000c",
	1,
	"00000000-0000-0000-0000-000000000000",
	"00000000-0000-0000-0000-000000000000",
	3);
INSERT INTO S_DT
	VALUES ("ba5eda7a-def5-0000-0000-00000000000c",
	"00000000-0000-0000-0000-000000000000",
	'inst_ref<Mapping>',
	'',
	'');
INSERT INTO S_CDT
	VALUES ("ba5eda7a-def5-0000-0000-00000000000c",
	12);
INSERT INTO PE_PE
	VALUES ("ba5eda7a-def5-0000-0000-00000000000d",
	1,
	"00000000-0000-0000-0000-000000000000",
	"00000000-0000-0000-0000-000000000000",
	3);
INSERT INTO S_DT
	VALUES ("ba5eda7a-def5-0000-0000-00000000000d",
	"00000000-0000-0000-0000-000000000000",
	'component_ref',
	'',
	'');
INSERT INTO S_CDT
	VALUES ("ba5eda7a-def5-0000-0000-00000000000d",
	13);
INSERT INTO PE_PE
	VALUES ("ba5eda7a-def5-0000-0000-00000000000e",
	1,
	"00000000-0000-0000-0000-000000000000",
	"00000000-0000-0000-0000-000000000000",
	3);
INSERT INTO S_DT
	VALUES ("ba5eda7a-def5-0000-0000-00000000000e",
	"00000000-0000-0000-0000-000000000000",
	'date',
	'',
	'');
INSERT INTO S_UDT
	VALUES ("ba5eda7a-def5-0000-0000-00000000000e",
	"ba5eda7a-def5-0000-0000-00000000000b",
	1);
INSERT INTO PE_PE
	VALUES ("ba5eda7a-def5-0000-0000-00000000000f",
	1,
	"00000000-0000-0000-0000-000000000000",
	"00000000-0000-0000-0000-000000000000",
	3);
INSERT INTO S_DT
	VALUES ("ba5eda7a-def5-0000-0000-00000000000f",
	"00000000-0000-0000-0000-000000000000",
	'inst_ref<Timer>',
	'',
	'');
INSERT INTO S_UDT
	VALUES ("ba5eda7a-def5-0000-0000-00000000000f",
	"ba5eda7a-def5-0000-0000-00000000000c",
	3);
INSERT INTO PE_PE
	VALUES ("ba5eda7a-def5-0000-0000-000000000010",
	1,
	"00000000-0000-0000-0000-000000000000",
	"00000000-0000-0000-0000-000000000000",
	3);
INSERT INTO S_DT
	VALUES ("ba5eda7a-def5-0000-0000-000000000010",
	"00000000-0000-0000-0000-000000000000",
	'timestamp',
	'',
	'');
INSERT INTO S_UDT
	VALUES ("ba5eda7a-def5-0000-0000-000000000010",
	"ba5eda7a-def5-0000-0000-00000000000b",
	2);
